target_time,y_true,y_pred,residual,abs_error,dataset
2021-01-08,4.51,4.64,-0.12999964,0.12999964,train
2021-01-09,4.23,4.51,-0.2800002,0.2800002,train
2021-01-10,4.21,4.23,-0.01999998,0.01999998,train
2021-01-11,4.31,4.21,0.099999905,0.099999905,train
2021-01-12,4.21,4.31,-0.099999905,0.099999905,train
2021-01-13,4.7,4.21,0.48999977,0.48999977,train
2021-01-14,4.5,4.7,-0.19999981,0.19999981,train
2021-01-15,4.4,4.5,-0.099999905,0.099999905,train
2021-01-16,4.6,4.4,0.19999981,0.19999981,train
2021-01-17,4.54,4.6,-0.059999943,0.059999943,train
2021-01-18,4.32,4.54,-0.21999979,0.21999979,train
2021-01-19,4.35,4.32,0.029999733,0.029999733,train
2021-01-20,4.2,4.35,-0.1500001,0.1500001,train
2021-01-21,4.1,4.2,-0.099999905,0.099999905,train
2021-01-22,4.35,4.1,0.25,0.25,train
2021-01-23,4.12,4.35,-0.23000002,0.23000002,train
2021-01-24,4.01,4.12,-0.10999966,0.10999966,train
2021-01-25,4.21,4.01,0.19999981,0.19999981,train
2021-01-26,4.5,4.21,0.28999996,0.28999996,train
2021-01-27,6.2,4.5,1.6999998,1.6999998,train
2021-01-28,7.9,6.2,1.7000003,1.7000003,train
2021-01-29,7.8,7.9,-0.099999905,0.099999905,train
2021-01-30,6.5,7.8,-1.3000002,1.3000002,train
2021-01-31,6.4,6.5,-0.099999905,0.099999905,train
2021-02-01,7.5,6.4,1.0999999,1.0999999,train
2021-02-02,6.3,7.5,-1.1999998,1.1999998,train
2021-02-03,6.1,6.3,-0.20000029,0.20000029,train
2021-02-04,6.7,6.1,0.5999999,0.5999999,train
2021-02-05,6.5,6.7,-0.19999981,0.19999981,train
2021-02-06,6.3,6.5,-0.19999981,0.19999981,train
2021-02-07,5.9,6.3,-0.4000001,0.4000001,train
2021-02-08,5.8,5.9,-0.099999905,0.099999905,train
2021-02-09,5.55,5.8,-0.25,0.25,train
2021-02-10,8.5,5.55,2.9499998,2.9499998,train
2021-02-11,9.3,8.5,0.8000002,0.8000002,train
2021-02-12,7.7,9.3,-1.6000004,1.6000004,train
2021-02-13,4.31,7.7,-3.3899999,3.3899999,train
2021-02-14,4.21,4.31,-0.099999905,0.099999905,train
2021-02-15,4.7,4.21,0.48999977,0.48999977,train
2021-02-16,4.5,4.7,-0.19999981,0.19999981,train
2021-02-17,4.4,4.5,-0.099999905,0.099999905,train
2021-02-18,4.6,4.4,0.19999981,0.19999981,train
2021-02-19,4.54,4.6,-0.059999943,0.059999943,train
2021-02-20,4.32,4.54,-0.21999979,0.21999979,train
2021-02-21,4.35,4.32,0.029999733,0.029999733,train
2021-02-22,4.2,4.35,-0.1500001,0.1500001,train
2021-02-23,4.1,4.2,-0.099999905,0.099999905,train
2021-02-24,4.35,4.1,0.25,0.25,train
2021-02-25,4.12,4.35,-0.23000002,0.23000002,train
2021-02-26,4.01,4.12,-0.10999966,0.10999966,train
2021-02-27,4.21,4.01,0.19999981,0.19999981,train
2021-02-28,4.5,4.21,0.28999996,0.28999996,train
2021-03-01,6.2,4.5,1.6999998,1.6999998,train
2021-03-02,7.9,6.2,1.7000003,1.7000003,train
2021-03-03,7.8,7.9,-0.099999905,0.099999905,train
2021-03-04,6.5,7.8,-1.3000002,1.3000002,train
2021-03-05,6.4,6.5,-0.099999905,0.099999905,train
2021-03-06,7.5,6.4,1.0999999,1.0999999,train
2021-03-07,6.3,7.5,-1.1999998,1.1999998,train
2021-03-08,6.1,6.3,-0.20000029,0.20000029,train
2021-03-09,6.7,6.1,0.5999999,0.5999999,train
2021-03-10,6.5,6.7,-0.19999981,0.19999981,train
2021-03-11,6.3,6.5,-0.19999981,0.19999981,train
2021-03-12,5.9,6.3,-0.4000001,0.4000001,train
2021-03-13,5.8,5.9,-0.099999905,0.099999905,train
2021-03-14,5.55,5.8,-0.25,0.25,train
2021-03-15,8.5,5.55,2.9499998,2.9499998,train
2021-03-16,9.3,8.5,0.8000002,0.8000002,train
2021-03-17,7.7,9.3,-1.6000004,1.6000004,train
2021-03-18,7.1,7.7,-0.5999999,0.5999999,train
2021-03-19,6.9,7.1,-0.19999981,0.19999981,train
2021-03-20,6.7,6.9,-0.20000029,0.20000029,train
2021-03-21,6.48,6.7,-0.21999979,0.21999979,train
2021-03-22,6.51,6.48,0.03000021,0.03000021,train
2021-03-23,7.6,6.51,1.0899997,1.0899997,train
2021-03-24,7.5,7.6,-0.099999905,0.099999905,train
2021-03-25,7.2,7.5,-0.3000002,0.3000002,train
2021-03-26,7.3,7.2,0.10000038,0.10000038,train
2021-03-27,7.3,7.3,0.0,0.0,train
2021-03-28,7.2,7.3,-0.10000038,0.10000038,train
2021-03-29,8.5,7.2,1.3000002,1.3000002,train
2021-03-30,8.3,8.5,-0.19999981,0.19999981,train
2021-03-31,8.1,8.3,-0.19999981,0.19999981,train
2021-04-01,7.0,8.1,-1.1000004,1.1000004,train
2021-04-02,7.2,7.0,0.19999981,0.19999981,train
2021-04-03,7.3,7.2,0.10000038,0.10000038,train
2021-04-04,6.8,7.3,-0.5,0.5,train
2021-04-05,6.4,6.8,-0.4000001,0.4000001,train
2021-04-06,6.7,6.4,0.2999997,0.2999997,train
2021-04-07,6.5,6.7,-0.19999981,0.19999981,train
2021-04-08,6.3,6.5,-0.19999981,0.19999981,train
2021-04-09,6.1,6.3,-0.20000029,0.20000029,train
2021-04-10,6.2,6.1,0.099999905,0.099999905,train
2021-04-11,6.4,6.2,0.20000029,0.20000029,train
2021-04-12,5.9,6.4,-0.5,0.5,train
2021-04-13,5.6,5.9,-0.3000002,0.3000002,train
2021-04-14,7.8,5.6,2.2000003,2.2000003,train
2021-04-15,7.5,7.8,-0.3000002,0.3000002,train
2021-04-16,7.2,7.5,-0.3000002,0.3000002,train
2021-04-17,6.5,7.2,-0.6999998,0.6999998,train
2021-04-18,6.0,6.5,-0.5,0.5,train
2021-04-19,6.1,6.0,0.099999905,0.099999905,train
2021-04-20,5.6,6.1,-0.5,0.5,train
2021-04-21,5.1,5.6,-0.5,0.5,train
2021-04-22,5.5,5.1,0.4000001,0.4000001,train
2021-04-23,5.7,5.5,0.19999981,0.19999981,train
2021-04-24,5.6,5.7,-0.099999905,0.099999905,train
2021-04-25,5.5,5.6,-0.099999905,0.099999905,train
2021-04-26,7.5,5.5,2.0,2.0,train
2021-04-27,7.2,7.5,-0.3000002,0.3000002,train
2021-04-28,6.5,7.2,-0.6999998,0.6999998,train
2021-04-29,6.0,6.5,-0.5,0.5,train
2021-04-30,6.1,6.0,0.099999905,0.099999905,train
2021-05-01,5.6,6.1,-0.5,0.5,train
2021-05-02,5.1,5.6,-0.5,0.5,train
2021-05-03,5.5,5.1,0.4000001,0.4000001,train
2021-05-04,5.7,5.5,0.19999981,0.19999981,train
2021-05-05,5.6,5.7,-0.099999905,0.099999905,train
2021-05-06,5.5,5.6,-0.099999905,0.099999905,train
2021-05-07,5.6,5.5,0.099999905,0.099999905,train
2021-05-08,5.4,5.6,-0.19999981,0.19999981,train
2021-05-09,5.3,5.4,-0.099999905,0.099999905,train
2021-05-10,4.3,5.3,-1.0,1.0,train
2021-05-11,5.9,4.3,1.5999999,1.5999999,train
2021-05-12,5.5,5.9,-0.4000001,0.4000001,train
2021-05-13,5.3,5.5,-0.19999981,0.19999981,train
2021-05-14,5.2,5.3,-0.10000038,0.10000038,train
2021-05-15,5.2,5.2,0.0,0.0,train
2021-05-16,5.3,5.2,0.10000038,0.10000038,train
2021-05-17,6.4,5.3,1.0999999,1.0999999,train
2021-05-18,5.9,6.4,-0.5,0.5,train
2021-05-19,5.6,5.9,-0.3000002,0.3000002,train
2021-05-20,7.8,5.6,2.2000003,2.2000003,train
2021-05-21,7.5,7.8,-0.3000002,0.3000002,train
2021-05-22,7.2,7.5,-0.3000002,0.3000002,train
2021-05-23,6.5,7.2,-0.6999998,0.6999998,train
2021-05-24,6.0,6.5,-0.5,0.5,train
2021-05-25,6.1,6.0,0.099999905,0.099999905,train
2021-05-26,5.6,6.1,-0.5,0.5,train
2021-05-27,5.1,5.6,-0.5,0.5,train
2021-05-28,5.5,5.1,0.4000001,0.4000001,train
2021-05-29,5.7,5.5,0.19999981,0.19999981,train
2021-05-30,5.6,5.7,-0.099999905,0.099999905,train
2021-05-31,5.5,5.6,-0.099999905,0.099999905,train
2021-06-01,7.5,5.5,2.0,2.0,train
2021-06-02,7.2,7.5,-0.3000002,0.3000002,train
2021-06-03,6.5,7.2,-0.6999998,0.6999998,train
2021-06-04,6.0,6.5,-0.5,0.5,train
2021-06-05,6.1,6.0,0.099999905,0.099999905,train
2021-06-06,5.6,6.1,-0.5,0.5,train
2021-06-07,5.97,5.6,0.3699999,0.3699999,train
2021-06-08,5.95,5.97,-0.01999998,0.01999998,train
2021-06-09,5.92,5.95,-0.029999733,0.029999733,train
2021-06-10,5.9,5.92,-0.01999998,0.01999998,train
2021-06-11,5.87,5.9,-0.03000021,0.03000021,train
2021-06-12,5.85,5.87,-0.01999998,0.01999998,train
2021-06-13,5.82,5.85,-0.029999733,0.029999733,train
2021-06-14,5.8,5.82,-0.01999998,0.01999998,train
2021-06-15,5.78,5.8,-0.01999998,0.01999998,train
2021-06-16,5.75,5.78,-0.03000021,0.03000021,train
2021-06-17,5.73,5.75,-0.01999998,0.01999998,train
2021-06-18,5.7,5.73,-0.03000021,0.03000021,train
2021-06-19,5.68,5.7,-0.01999998,0.01999998,train
2021-06-20,5.66,5.68,-0.01999998,0.01999998,train
2021-06-21,5.63,5.66,-0.029999733,0.029999733,train
2021-06-22,5.61,5.63,-0.01999998,0.01999998,train
2021-06-23,5.58,5.61,-0.03000021,0.03000021,train
2021-06-24,5.56,5.58,-0.01999998,0.01999998,train
2021-06-25,5.54,5.56,-0.01999998,0.01999998,train
2021-06-26,5.51,5.54,-0.029999733,0.029999733,train
2021-06-27,5.49,5.51,-0.020000458,0.020000458,train
2021-06-28,5.46,5.49,-0.029999733,0.029999733,train
2021-06-29,5.44,5.46,-0.01999998,0.01999998,train
2021-06-30,5.42,5.44,-0.01999998,0.01999998,train
2021-07-01,5.39,5.42,-0.03000021,0.03000021,train
2021-07-02,5.37,5.39,-0.01999998,0.01999998,train
2021-07-03,5.34,5.37,-0.029999733,0.029999733,train
2021-07-04,5.32,5.34,-0.01999998,0.01999998,train
2021-07-05,5.3,5.32,-0.01999998,0.01999998,train
2021-07-06,5.27,5.3,-0.03000021,0.03000021,train
2021-07-07,5.25,5.27,-0.01999998,0.01999998,train
2021-07-08,5.22,5.25,-0.03000021,0.03000021,train
2021-07-09,5.2,5.22,-0.01999998,0.01999998,train
2021-07-10,5.18,5.2,-0.01999998,0.01999998,train
2021-07-11,5.15,5.18,-0.029999733,0.029999733,train
2021-07-12,5.13,5.15,-0.01999998,0.01999998,train
2021-07-13,5.1,5.13,-0.03000021,0.03000021,train
2021-07-14,5.08,5.1,-0.01999998,0.01999998,train
2021-07-15,5.06,5.08,-0.01999998,0.01999998,train
2021-07-16,5.03,5.06,-0.029999733,0.029999733,train
2021-07-17,5.01,5.03,-0.01999998,0.01999998,train
2021-07-18,4.98,5.01,-0.03000021,0.03000021,train
2021-07-19,4.96,4.98,-0.01999998,0.01999998,train
2021-07-20,4.94,4.96,-0.01999998,0.01999998,train
2021-07-21,4.91,4.94,-0.03000021,0.03000021,train
2021-07-22,4.89,4.91,-0.01999998,0.01999998,train
2021-07-23,4.86,4.89,-0.029999733,0.029999733,train
2021-07-24,4.84,4.86,-0.01999998,0.01999998,train
2021-07-25,4.82,4.84,-0.01999998,0.01999998,train
2021-07-26,4.79,4.82,-0.03000021,0.03000021,train
2021-07-27,4.77,4.79,-0.01999998,0.01999998,train
2021-07-28,4.74,4.77,-0.03000021,0.03000021,train
2021-07-29,4.72,4.74,-0.01999998,0.01999998,train
2021-07-30,4.7,4.72,-0.01999998,0.01999998,train
2021-07-31,4.67,4.7,-0.029999733,0.029999733,train
2021-08-01,4.65,4.67,-0.01999998,0.01999998,train
2021-08-02,4.62,4.65,-0.03000021,0.03000021,train
2021-08-03,4.6,4.62,-0.01999998,0.01999998,train
2021-08-04,4.58,4.6,-0.01999998,0.01999998,train
2021-08-05,4.55,4.58,-0.029999733,0.029999733,train
2021-08-06,5.49,4.55,0.9399996,0.9399996,train
2021-08-07,5.46,5.49,-0.029999733,0.029999733,train
2021-08-08,5.44,5.46,-0.01999998,0.01999998,train
2021-08-09,5.42,5.44,-0.01999998,0.01999998,train
2021-08-10,5.39,5.42,-0.03000021,0.03000021,train
2021-08-11,5.37,5.39,-0.01999998,0.01999998,train
2021-08-12,5.34,5.37,-0.029999733,0.029999733,train
2021-08-13,5.32,5.34,-0.01999998,0.01999998,train
2021-08-14,5.3,5.32,-0.01999998,0.01999998,train
2021-08-15,5.27,5.3,-0.03000021,0.03000021,train
2021-08-16,5.25,5.27,-0.01999998,0.01999998,train
2021-08-17,5.22,5.25,-0.03000021,0.03000021,train
2021-08-18,5.56,5.22,0.34000015,0.34000015,train
2021-08-19,5.61,5.56,0.05000019,0.05000019,train
2021-08-20,5.65,5.61,0.03999996,0.03999996,train
2021-08-21,5.7,5.65,0.049999714,0.049999714,train
2021-08-22,5.75,5.7,0.05000019,0.05000019,train
2021-08-23,5.8,5.75,0.05000019,0.05000019,train
2021-08-24,5.84,5.8,0.03999996,0.03999996,train
2021-08-25,5.89,5.84,0.049999714,0.049999714,train
2021-08-26,5.94,5.89,0.05000019,0.05000019,train
2021-08-27,5.98,5.94,0.03999996,0.03999996,train
2021-08-28,6.03,5.98,0.05000019,0.05000019,train
2021-08-29,6.08,6.03,0.049999714,0.049999714,train
2021-08-30,6.13,6.08,0.05000019,0.05000019,train
2021-08-31,6.17,6.13,0.03999996,0.03999996,train
2021-09-01,4.96,6.17,-1.21,1.21,train
2021-09-02,4.94,4.96,-0.01999998,0.01999998,train
2021-09-03,4.91,4.94,-0.03000021,0.03000021,train
2021-09-04,4.89,4.91,-0.01999998,0.01999998,train
2021-09-05,4.86,4.89,-0.029999733,0.029999733,train
2021-09-06,4.84,4.86,-0.01999998,0.01999998,train
2021-09-07,4.82,4.84,-0.01999998,0.01999998,train
2021-09-08,4.79,4.82,-0.03000021,0.03000021,train
2021-09-09,4.77,4.79,-0.01999998,0.01999998,train
2021-09-10,4.74,4.77,-0.03000021,0.03000021,train
2021-09-11,4.72,4.74,-0.01999998,0.01999998,train
2021-09-12,4.7,4.72,-0.01999998,0.01999998,train
2021-09-13,4.67,4.7,-0.029999733,0.029999733,train
2021-09-14,4.65,4.67,-0.01999998,0.01999998,train
2021-09-15,4.62,4.65,-0.03000021,0.03000021,train
2021-09-16,4.6,4.62,-0.01999998,0.01999998,train
2021-09-17,4.58,4.6,-0.01999998,0.01999998,train
2021-09-18,4.55,4.58,-0.029999733,0.029999733,train
2021-09-19,5.49,4.55,0.9399996,0.9399996,train
2021-09-20,5.46,5.49,-0.029999733,0.029999733,train
2021-09-21,4.6,5.46,-0.86000013,0.86000013,train
2021-09-22,4.54,4.6,-0.059999943,0.059999943,train
2021-09-23,4.32,4.54,-0.21999979,0.21999979,train
2021-09-24,4.35,4.32,0.029999733,0.029999733,train
2021-09-25,4.2,4.35,-0.1500001,0.1500001,train
2021-09-26,4.1,4.2,-0.099999905,0.099999905,train
2021-09-27,4.35,4.1,0.25,0.25,train
2021-09-28,4.12,4.35,-0.23000002,0.23000002,train
2021-09-29,4.01,4.12,-0.10999966,0.10999966,train
2021-09-30,4.21,4.01,0.19999981,0.19999981,train
2021-10-01,4.5,4.21,0.28999996,0.28999996,train
2021-10-02,6.2,4.5,1.6999998,1.6999998,train
2021-10-03,7.9,6.2,1.7000003,1.7000003,train
2021-10-04,7.8,7.9,-0.099999905,0.099999905,train
2021-10-05,6.5,7.8,-1.3000002,1.3000002,train
2021-10-06,6.4,6.5,-0.099999905,0.099999905,train
2021-10-07,4.24,6.4,-2.1600003,2.1600003,train
2021-10-08,4.54,4.24,0.3000002,0.3000002,train
2021-10-09,4.65,4.54,0.11000013,0.11000013,train
2021-10-10,4.56,4.65,-0.09000015,0.09000015,train
2021-10-11,4.45,4.56,-0.11000013,0.11000013,train
2021-10-12,4.31,4.45,-0.13999987,0.13999987,train
2021-10-13,4.54,4.31,0.23000002,0.23000002,train
2021-10-14,4.64,4.54,0.099999905,0.099999905,train
2021-10-15,4.51,4.64,-0.12999964,0.12999964,train
2021-10-16,4.23,4.51,-0.2800002,0.2800002,train
2021-10-17,4.21,4.23,-0.01999998,0.01999998,train
2021-10-18,4.31,4.21,0.099999905,0.099999905,train
2021-10-19,4.21,4.31,-0.099999905,0.099999905,train
2021-10-20,4.275769,4.21,0.065769196,0.065769196,train
2021-10-21,4.255824,4.275769,-0.019945145,0.019945145,train
2021-10-22,4.235879,4.255824,-0.019945145,0.019945145,train
2021-10-23,4.2159343,4.235879,-0.019944668,0.019944668,train
2021-10-24,4.195989,4.2159343,-0.019945145,0.019945145,train
2021-10-25,4.176044,4.195989,-0.019945145,0.019945145,train
2021-10-26,4.156099,4.176044,-0.019945145,0.019945145,train
2021-10-27,4.1361537,4.156099,-0.019945145,0.019945145,train
2021-10-28,4.1162086,4.1361537,-0.019945145,0.019945145,train
2021-10-29,4.096264,4.1162086,-0.019944668,0.019944668,train
2021-10-30,4.0763187,4.096264,-0.019945145,0.019945145,train
2021-10-31,4.0563736,4.0763187,-0.019945145,0.019945145,train
2021-11-01,4.0364285,4.0563736,-0.019945145,0.019945145,train
2021-11-02,4.0164833,4.0364285,-0.019945145,0.019945145,train
2021-11-03,4.8,4.0164833,0.7835169,0.7835169,train
2021-11-04,4.24,4.8,-0.5600004,0.5600004,train
2021-11-05,4.54,4.24,0.3000002,0.3000002,train
2021-11-06,4.65,4.54,0.11000013,0.11000013,train
2021-11-07,4.56,4.65,-0.09000015,0.09000015,train
2021-11-08,4.45,4.56,-0.11000013,0.11000013,train
2021-11-09,4.31,4.45,-0.13999987,0.13999987,train
2021-11-10,4.54,4.31,0.23000002,0.23000002,train
2021-11-11,4.64,4.54,0.099999905,0.099999905,train
2021-11-12,4.51,4.64,-0.12999964,0.12999964,train
2021-11-13,4.23,4.51,-0.2800002,0.2800002,train
2021-11-14,4.21,4.23,-0.01999998,0.01999998,train
2021-11-15,4.31,4.21,0.099999905,0.099999905,train
2021-11-16,4.21,4.31,-0.099999905,0.099999905,train
2021-11-17,4.7,4.21,0.48999977,0.48999977,train
2021-11-18,4.5,4.7,-0.19999981,0.19999981,train
2021-11-19,4.4,4.5,-0.099999905,0.099999905,train
2021-11-20,4.6,4.4,0.19999981,0.19999981,train
2021-11-21,4.54,4.6,-0.059999943,0.059999943,train
2021-11-22,4.32,4.54,-0.21999979,0.21999979,train
2021-11-23,4.35,4.32,0.029999733,0.029999733,train
2021-11-24,4.2,4.35,-0.1500001,0.1500001,train
2021-11-25,4.1,4.2,-0.099999905,0.099999905,train
2021-11-26,4.35,4.1,0.25,0.25,train
2021-11-27,4.12,4.35,-0.23000002,0.23000002,train
2021-11-28,4.01,4.12,-0.10999966,0.10999966,train
2021-11-29,4.21,4.01,0.19999981,0.19999981,train
2021-11-30,4.5,4.21,0.28999996,0.28999996,train
2021-12-01,6.2,4.5,1.6999998,1.6999998,train
2021-12-02,7.9,6.2,1.7000003,1.7000003,train
2021-12-03,7.8,7.9,-0.099999905,0.099999905,train
2021-12-04,6.5,7.8,-1.3000002,1.3000002,train
2021-12-05,6.4,6.5,-0.099999905,0.099999905,train
2021-12-06,7.5,6.4,1.0999999,1.0999999,train
2021-12-07,6.3,7.5,-1.1999998,1.1999998,train
2021-12-08,6.1,6.3,-0.20000029,0.20000029,train
2021-12-09,6.7,6.1,0.5999999,0.5999999,train
2021-12-10,6.5,6.7,-0.19999981,0.19999981,train
2021-12-11,6.3,6.5,-0.19999981,0.19999981,train
2021-12-12,5.9,6.3,-0.4000001,0.4000001,train
2021-12-13,5.8,5.9,-0.099999905,0.099999905,train
2021-12-14,5.55,5.8,-0.25,0.25,train
2021-12-15,8.5,5.55,2.9499998,2.9499998,train
2021-12-16,9.3,8.5,0.8000002,0.8000002,train
2021-12-17,7.7,9.3,-1.6000004,1.6000004,train
2021-12-18,7.1,7.7,-0.5999999,0.5999999,train
2021-12-19,6.9,7.1,-0.19999981,0.19999981,train
2021-12-20,6.7,6.9,-0.20000029,0.20000029,train
2021-12-21,6.48,6.7,-0.21999979,0.21999979,train
2021-12-22,6.51,6.48,0.03000021,0.03000021,train
2021-12-23,7.6,6.51,1.0899997,1.0899997,train
2021-12-24,7.5,7.6,-0.099999905,0.099999905,train
2021-12-25,8.8,7.5,1.3000002,1.3000002,train
2021-12-26,8.9,8.8,0.09999943,0.09999943,train
2021-12-27,7.8,8.9,-1.0999994,1.0999994,train
2021-12-28,7.1,7.8,-0.7000003,0.7000003,train
2021-12-29,7.2,7.1,0.099999905,0.099999905,train
2021-12-30,7.3,7.2,0.10000038,0.10000038,train
2021-12-31,7.3,7.3,0.0,0.0,train
2022-01-01,7.2,7.3,-0.10000038,0.10000038,train
2022-01-02,8.5,7.2,1.3000002,1.3000002,train
2022-01-03,8.3,8.5,-0.19999981,0.19999981,train
2022-01-04,8.1,8.3,-0.19999981,0.19999981,train
2022-01-05,7.0,8.1,-1.1000004,1.1000004,train
2022-01-06,7.2,7.0,0.19999981,0.19999981,train
2022-01-07,7.3,7.2,0.10000038,0.10000038,train
2022-01-08,6.8,7.3,-0.5,0.5,train
2022-01-09,6.4,6.8,-0.4000001,0.4000001,train
2022-01-10,6.7,6.4,0.2999997,0.2999997,train
2022-01-11,6.5,6.7,-0.19999981,0.19999981,train
2022-01-12,6.3,6.5,-0.19999981,0.19999981,train
2022-01-13,6.1,6.3,-0.20000029,0.20000029,train
2022-01-14,6.2,6.1,0.099999905,0.099999905,train
2022-01-15,6.4,6.2,0.20000029,0.20000029,train
2022-01-16,5.9,6.4,-0.5,0.5,train
2022-01-17,5.6,5.9,-0.3000002,0.3000002,train
2022-01-18,7.8,5.6,2.2000003,2.2000003,train
2022-01-19,7.5,7.8,-0.3000002,0.3000002,train
2022-01-20,7.2,7.5,-0.3000002,0.3000002,train
2022-01-21,6.5,7.2,-0.6999998,0.6999998,train
2022-01-22,6.0,6.5,-0.5,0.5,train
2022-01-23,6.1,6.0,0.099999905,0.099999905,train
2022-01-24,5.6,6.1,-0.5,0.5,train
2022-01-25,5.1,5.6,-0.5,0.5,train
2022-01-26,5.5,5.1,0.4000001,0.4000001,train
2022-01-27,5.7,5.5,0.19999981,0.19999981,train
2022-01-28,5.6,5.7,-0.099999905,0.099999905,train
2022-01-29,5.5,5.6,-0.099999905,0.099999905,train
2022-01-30,5.6,5.5,0.099999905,0.099999905,train
2022-01-31,5.4,5.6,-0.19999981,0.19999981,train
2022-02-01,5.3,5.4,-0.099999905,0.099999905,train
2022-02-02,4.3,5.3,-1.0,1.0,train
2022-02-03,5.9,4.3,1.5999999,1.5999999,train
2022-02-04,5.5,5.9,-0.4000001,0.4000001,train
2022-02-05,5.3,5.5,-0.19999981,0.19999981,train
2022-02-06,5.2,5.3,-0.10000038,0.10000038,train
2022-02-07,5.2,5.2,0.0,0.0,train
2022-02-08,5.3,5.2,0.10000038,0.10000038,train
2022-02-09,4.9,5.3,-0.4000001,0.4000001,train
2022-02-10,3.7,4.9,-1.2,1.2,train
2022-02-11,4.2,3.7,0.49999976,0.49999976,train
2022-02-12,4.1,4.2,-0.099999905,0.099999905,train
2022-02-13,4.0,4.1,-0.099999905,0.099999905,train
2022-02-14,3.7,4.0,-0.29999995,0.29999995,train
2022-02-15,3.4,3.7,-0.29999995,0.29999995,train
2022-02-16,3.6,3.4,0.19999981,0.19999981,train
2022-02-17,3.1,3.6,-0.5,0.5,train
2022-02-18,3.0,3.1,-0.099999905,0.099999905,train
2022-02-19,3.0,3.0,0.0,0.0,train
2022-02-20,2.8,3.0,-0.20000005,0.20000005,train
2022-02-21,2.7,2.8,-0.099999905,0.099999905,train
2022-02-22,2.9,2.7,0.20000005,0.20000005,train
2022-02-23,2.8,2.9,-0.10000014,0.10000014,train
2022-02-24,2.7,2.8,-0.099999905,0.099999905,train
2022-02-25,2.5,2.7,-0.20000005,0.20000005,train
2022-02-26,2.1,2.5,-0.4000001,0.4000001,train
2022-02-27,2.6,2.1,0.5,0.5,train
2022-02-28,2.5,2.6,-0.099999905,0.099999905,train
2022-03-01,2.5,2.5,0.0,0.0,train
2022-03-02,2.5,2.5,0.0,0.0,train
2022-03-03,2.5,2.5,0.0,0.0,train
2022-03-04,2.5,2.5,0.0,0.0,train
2022-03-05,1.7,2.5,-0.79999995,0.79999995,train
2022-03-06,1.6,1.7,-0.100000024,0.100000024,train
2022-03-07,2.1,1.6,0.49999988,0.49999988,train
2022-03-08,2.0,2.1,-0.099999905,0.099999905,train
2022-03-09,1.8,2.0,-0.20000005,0.20000005,train
2022-03-10,1.7,1.8,-0.099999905,0.099999905,train
2022-03-11,1.9,1.7,0.19999993,0.19999993,train
2022-03-12,1.8,1.9,-0.100000024,0.100000024,train
2022-03-13,1.7,1.8,-0.099999905,0.099999905,train
2022-03-14,1.5,1.7,-0.20000005,0.20000005,train
2022-03-15,1.8,1.5,0.29999995,0.29999995,train
2022-03-16,1.6,1.8,-0.19999993,0.19999993,train
2022-03-17,1.7,1.6,0.100000024,0.100000024,train
2022-03-18,1.7,1.7,0.0,0.0,train
2022-03-19,1.7,1.7,0.0,0.0,train
2022-03-20,1.8,1.7,0.099999905,0.099999905,train
2022-03-21,1.5,1.8,-0.29999995,0.29999995,train
2022-03-22,1.4,1.5,-0.100000024,0.100000024,train
2022-03-23,2.6,1.4,1.1999999,1.1999999,train
2022-03-24,2.5,2.6,-0.099999905,0.099999905,train
2022-03-25,2.7,2.5,0.20000005,0.20000005,train
2022-03-26,2.8,2.7,0.099999905,0.099999905,train
2022-03-27,2.6,2.8,-0.20000005,0.20000005,train
2022-03-28,2.4,2.6,-0.19999981,0.19999981,train
2022-03-29,2.7,2.4,0.29999995,0.29999995,train
2022-03-30,2.9,2.7,0.20000005,0.20000005,train
2022-03-31,3.5,2.9,0.5999999,0.5999999,train
2022-04-01,3.2,3.5,-0.29999995,0.29999995,train
2022-04-02,3.1,3.2,-0.10000014,0.10000014,train
2022-04-03,3.1,3.1,0.0,0.0,train
2022-04-04,3.2,3.1,0.10000014,0.10000014,train
2022-04-05,3.1,3.2,-0.10000014,0.10000014,train
2022-04-06,4.4,3.1,1.3000002,1.3000002,train
2022-04-07,3.6,4.4,-0.8000002,0.8000002,train
2022-04-08,3.9,3.6,0.3000002,0.3000002,train
2022-04-09,3.1,3.9,-0.8000002,0.8000002,train
2022-04-10,3.2,3.1,0.10000014,0.10000014,train
2022-04-11,3.1,3.2,-0.10000014,0.10000014,train
2022-04-12,3.1,3.1,0.0,0.0,train
2022-04-13,3.2,3.1,0.10000014,0.10000014,train
2022-04-14,3.4,3.2,0.20000005,0.20000005,train
2022-04-15,3.2,3.4,-0.20000005,0.20000005,train
2022-04-16,3.7,3.2,0.5,0.5,train
2022-04-17,4.2,3.7,0.49999976,0.49999976,train
2022-04-18,4.0,4.2,-0.19999981,0.19999981,train
2022-04-19,3.6,4.0,-0.4000001,0.4000001,train
2022-04-20,3.5,3.6,-0.099999905,0.099999905,train
2022-04-21,3.7,3.5,0.20000005,0.20000005,train
2022-04-22,3.5,3.7,-0.20000005,0.20000005,train
2022-04-23,3.3,3.5,-0.20000005,0.20000005,train
2022-04-24,3.2,3.3,-0.099999905,0.099999905,train
2022-04-25,2.9,3.2,-0.29999995,0.29999995,train
2022-04-26,2.8,2.9,-0.10000014,0.10000014,train
2022-04-27,2.2,2.8,-0.5999999,0.5999999,train
2022-04-28,2.4,2.2,0.20000005,0.20000005,train
2022-04-29,2.3,2.4,-0.10000014,0.10000014,train
2022-04-30,2.8,2.3,0.5,0.5,train
2022-05-01,4.2,2.8,1.3999999,1.3999999,train
2022-05-02,3.8,4.2,-0.39999986,0.39999986,train
2022-05-03,3.6,3.8,-0.20000005,0.20000005,train
2022-05-04,3.3,3.6,-0.29999995,0.29999995,train
2022-05-05,3.7,3.3,0.4000001,0.4000001,train
2022-05-06,3.4,3.7,-0.29999995,0.29999995,train
2022-05-07,2.3,3.4,-1.1000001,1.1000001,train
2022-05-08,2.6,2.3,0.29999995,0.29999995,train
2022-05-09,3.2,2.6,0.60000014,0.60000014,train
2022-05-10,2.5,3.2,-0.70000005,0.70000005,train
2022-05-11,2.8,2.5,0.29999995,0.29999995,train
2022-05-12,3.7,2.8,0.9000001,0.9000001,train
2022-05-13,3.2,3.7,-0.5,0.5,train
2022-05-14,3.1,3.2,-0.10000014,0.10000014,train
2022-05-15,3.2,3.1,0.10000014,0.10000014,train
2022-05-16,2.8,3.2,-0.4000001,0.4000001,train
2022-05-17,2.5,2.8,-0.29999995,0.29999995,train
2022-05-18,2.3,2.5,-0.20000005,0.20000005,train
2022-05-19,2.2,2.3,-0.099999905,0.099999905,train
2022-05-20,2.8,2.2,0.5999999,0.5999999,train
2022-05-21,2.4,2.8,-0.39999986,0.39999986,train
2022-05-22,2.3,2.4,-0.10000014,0.10000014,train
2022-05-23,2.4,2.3,0.10000014,0.10000014,train
2022-05-24,2.2,2.4,-0.20000005,0.20000005,train
2022-05-25,2.5,2.2,0.29999995,0.29999995,train
2022-05-26,2.5,2.5,0.0,0.0,train
2022-05-27,2.2,2.5,-0.29999995,0.29999995,train
2022-05-28,2.2,2.2,0.0,0.0,train
2022-05-29,2.1,2.2,-0.10000014,0.10000014,train
2022-05-30,1.6,2.1,-0.49999988,0.49999988,train
2022-05-31,2.2,1.6,0.6,0.6,train
2022-06-01,1.4,2.2,-0.8000001,0.8000001,train
2022-06-02,1.2,1.4,-0.19999993,0.19999993,train
2022-06-03,1.3,1.2,0.099999905,0.099999905,train
2022-06-04,1.6,1.3,0.30000007,0.30000007,train
2022-06-05,1.6,1.6,0.0,0.0,train
2022-06-06,1.5,1.6,-0.100000024,0.100000024,train
2022-06-07,1.3,1.5,-0.20000005,0.20000005,train
2022-06-08,1.5,1.3,0.20000005,0.20000005,train
2022-06-09,1.4,1.5,-0.100000024,0.100000024,train
2022-06-10,1.1,1.4,-0.29999995,0.29999995,train
2022-06-11,1.2,1.1,0.100000024,0.100000024,train
2022-06-12,1.6,1.2,0.39999998,0.39999998,train
2022-06-13,1.3,1.6,-0.30000007,0.30000007,train
2022-06-14,1.7,1.3,0.4000001,0.4000001,train
2022-06-15,1.6,1.7,-0.100000024,0.100000024,train
2022-06-16,1.5,1.6,-0.100000024,0.100000024,train
2022-06-17,1.7,1.5,0.20000005,0.20000005,train
2022-06-18,1.4,1.7,-0.30000007,0.30000007,train
2022-06-19,1.3,1.4,-0.100000024,0.100000024,train
2022-06-20,1.7,1.3,0.4000001,0.4000001,train
2022-06-21,1.6,1.7,-0.100000024,0.100000024,train
2022-06-22,1.8,1.6,0.19999993,0.19999993,train
2022-06-23,1.5,1.8,-0.29999995,0.29999995,train
2022-06-24,1.9,1.5,0.39999998,0.39999998,train
2022-06-25,1.8,1.9,-0.100000024,0.100000024,train
2022-06-26,1.6,1.8,-0.19999993,0.19999993,train
2022-06-27,2.5,1.6,0.9,0.9,train
2022-06-28,2.5,2.5,0.0,0.0,train
2022-06-29,2.3,2.5,-0.20000005,0.20000005,train
2022-06-30,2.2,2.3,-0.099999905,0.099999905,train
2022-07-01,2.2,2.2,0.0,0.0,train
2022-07-02,2.1,2.2,-0.10000014,0.10000014,train
2022-07-03,2.3,2.1,0.20000005,0.20000005,train
2022-07-04,2.7,2.3,0.4000001,0.4000001,train
2022-07-05,2.5,2.7,-0.20000005,0.20000005,train
2022-07-06,3.4,2.5,0.9000001,0.9000001,train
2022-07-07,3.1,3.4,-0.3000002,0.3000002,train
2022-07-08,2.9,3.1,-0.19999981,0.19999981,train
2022-07-09,2.6,2.9,-0.3000002,0.3000002,train
2022-07-10,2.4,2.6,-0.19999981,0.19999981,train
2022-07-11,3.5,2.4,1.0999999,1.0999999,train
2022-07-12,6.9,3.5,3.4,3.4,train
2022-07-13,7.2,6.9,0.2999997,0.2999997,train
2022-07-14,7.8,7.2,0.6000004,0.6000004,train
2022-07-15,7.3,7.8,-0.5,0.5,train
2022-07-16,7.1,7.3,-0.20000029,0.20000029,train
2022-07-17,3.8,7.1,-3.3,3.3,train
2022-07-18,3.1,3.8,-0.70000005,0.70000005,train
2022-07-19,3.8,3.1,0.70000005,0.70000005,train
2022-07-20,3.2,3.8,-0.5999999,0.5999999,train
2022-07-21,3.5,3.2,0.29999995,0.29999995,train
2022-07-22,4.6,3.5,1.0999999,1.0999999,train
2022-07-23,4.4,4.6,-0.19999981,0.19999981,train
2022-07-24,4.7,4.4,0.2999997,0.2999997,train
2022-07-25,3.4,4.7,-1.2999997,1.2999997,train
2022-07-26,3.9,3.4,0.5,0.5,train
2022-07-27,7.4,3.9,3.5,3.5,train
2022-07-28,9.0,7.4,1.5999999,1.5999999,train
2022-07-29,3.6,9.0,-5.4,5.4,train
2022-07-30,8.2,3.6,4.6,4.6,train
2022-07-31,8.4,8.2,0.19999981,0.19999981,train
2022-08-01,6.4,8.4,-1.9999995,1.9999995,train
2022-08-02,5.3,6.4,-1.0999999,1.0999999,train
2022-08-03,3.1,5.3,-2.2000003,2.2000003,train
2022-08-04,3.2,3.1,0.10000014,0.10000014,train
2022-08-05,3.6,3.2,0.39999986,0.39999986,train
2022-08-06,3.4,3.6,-0.19999981,0.19999981,train
2022-08-07,4.2,3.4,0.7999997,0.7999997,train
2022-08-08,4.0,4.2,-0.19999981,0.19999981,train
2022-08-09,2.3,4.0,-1.7,1.7,train
2022-08-10,2.5,2.3,0.20000005,0.20000005,train
2022-08-11,2.9,2.5,0.4000001,0.4000001,train
2022-08-12,4.5,2.9,1.5999999,1.5999999,train
2022-08-13,12.6,4.5,8.1,8.1,train
2022-08-14,12.0,12.6,-0.6000004,0.6000004,train
2022-08-15,10.8,12.0,-1.1999998,1.1999998,train
2022-08-16,9.3,10.8,-1.5,1.5,train
2022-08-17,11.5,9.3,2.1999998,2.1999998,train
2022-08-18,3.5,11.5,-8.0,8.0,train
2022-08-19,1.5,3.5,-2.0,2.0,train
2022-08-20,1.4,1.5,-0.100000024,0.100000024,train
2022-08-21,1.5,1.4,0.100000024,0.100000024,train
2022-08-22,2.0,1.5,0.5,0.5,train
2022-08-23,2.1,2.0,0.099999905,0.099999905,train
2022-08-24,2.4,2.1,0.3000002,0.3000002,train
2022-08-25,2.7,2.4,0.29999995,0.29999995,train
2022-08-26,2.5,2.7,-0.20000005,0.20000005,train
2022-08-27,2.3,2.5,-0.20000005,0.20000005,train
2022-08-28,2.6,2.3,0.29999995,0.29999995,train
2022-08-29,1.8,2.6,-0.79999995,0.79999995,train
2022-08-30,1.7,1.8,-0.099999905,0.099999905,train
2022-08-31,2.4,1.7,0.70000005,0.70000005,train
2022-09-01,2.5,2.4,0.099999905,0.099999905,train
2022-09-02,2.4,2.5,-0.099999905,0.099999905,train
2022-09-03,2.3,2.4,-0.10000014,0.10000014,train
2022-09-04,1.9,2.3,-0.39999998,0.39999998,train
2022-09-05,1.3,1.9,-0.6,0.6,train
2022-09-06,7.9,1.3,6.6000004,6.6000004,train
2022-09-07,8.3,7.9,0.4000001,0.4000001,train
2022-09-08,3.6,8.3,-4.7000003,4.7000003,train
2022-09-09,3.3,3.6,-0.29999995,0.29999995,train
2022-09-10,3.1,3.3,-0.20000005,0.20000005,train
2022-09-11,2.5,3.1,-0.5999999,0.5999999,train
2022-09-12,2.7,2.5,0.20000005,0.20000005,train
2022-09-13,1.2,2.7,-1.5,1.5,train
2022-09-14,1.3,1.2,0.099999905,0.099999905,train
2022-09-15,1.2,1.3,-0.099999905,0.099999905,train
2022-09-16,1.3,1.2,0.099999905,0.099999905,train
2022-09-17,1.2,1.3,-0.099999905,0.099999905,train
2022-09-18,1.4,1.2,0.19999993,0.19999993,train
2022-09-19,1.2,1.4,-0.19999993,0.19999993,train
2022-09-20,1.3,1.2,0.099999905,0.099999905,train
2022-09-21,2.1,1.3,0.79999995,0.79999995,train
2022-09-22,1.3,2.1,-0.79999995,0.79999995,train
2022-09-23,1.9,1.3,0.6,0.6,train
2022-09-24,2.1,1.9,0.19999993,0.19999993,train
2022-09-25,2.3,2.1,0.20000005,0.20000005,train
2022-09-26,2.6,2.3,0.29999995,0.29999995,train
2022-09-27,2.4,2.6,-0.19999981,0.19999981,train
2022-09-28,2.2,2.4,-0.20000005,0.20000005,train
2022-09-29,1.6,2.2,-0.6,0.6,train
2022-09-30,1.5,1.6,-0.100000024,0.100000024,train
2022-10-01,2.2,1.5,0.70000005,0.70000005,train
2022-10-02,4.5,2.2,2.3,2.3,train
2022-10-03,5.1,4.5,0.5999999,0.5999999,train
2022-10-04,3.6,5.1,-1.5,1.5,train
2022-10-05,2.3,3.6,-1.3,1.3,train
2022-10-06,2.1,2.3,-0.20000005,0.20000005,train
2022-10-07,1.1,2.1,-0.9999999,0.9999999,train
2022-10-08,0.9,1.1,-0.20000005,0.20000005,train
2022-10-09,1.2,0.9,0.30000007,0.30000007,train
2022-10-10,1.1,1.2,-0.100000024,0.100000024,train
2022-10-11,1.3,1.1,0.19999993,0.19999993,train
2022-10-12,1.2,1.3,-0.099999905,0.099999905,train
2022-10-13,1.1,1.2,-0.100000024,0.100000024,train
2022-10-14,1.2,1.1,0.100000024,0.100000024,train
2022-10-15,1.3,1.2,0.099999905,0.099999905,train
2022-10-16,0.6,1.3,-0.6999999,0.6999999,train
2022-10-17,0.7,0.6,0.099999964,0.099999964,train
2022-10-18,0.6,0.7,-0.099999964,0.099999964,train
2022-10-19,0.8,0.6,0.19999999,0.19999999,train
2022-10-20,1.0,0.8,0.19999999,0.19999999,train
2022-10-21,0.9,1.0,-0.100000024,0.100000024,train
2022-10-22,0.7,0.9,-0.19999999,0.19999999,train
2022-10-23,0.9,0.7,0.19999999,0.19999999,train
2022-10-24,2.0,0.9,1.1,1.1,train
2022-10-25,0.9,2.0,-1.1,1.1,train
2022-10-26,1.3,0.9,0.39999998,0.39999998,train
2022-10-27,4.5,1.3,3.2,3.2,train
2022-10-28,7.3,4.5,2.8000002,2.8000002,train
2022-10-29,8.4,7.3,1.0999994,1.0999994,train
2022-10-30,8.1,8.4,-0.29999924,0.29999924,train
2022-10-31,4.2,8.1,-3.9000006,3.9000006,train
2022-11-01,2.1,4.2,-2.1,2.1,train
2022-11-02,3.1,2.1,1.0,1.0,train
2022-11-03,3.6,3.1,0.5,0.5,train
2022-11-04,3.7,3.6,0.10000014,0.10000014,train
2022-11-05,3.1,3.7,-0.60000014,0.60000014,train
2022-11-06,3.2,3.1,0.10000014,0.10000014,train
2022-11-07,3.1,3.2,-0.10000014,0.10000014,train
2022-11-08,1.1,3.1,-1.9999999,1.9999999,train
2022-11-09,0.9,1.1,-0.20000005,0.20000005,train
2022-11-10,0.8,0.9,-0.099999964,0.099999964,train
2022-11-11,1.0,0.8,0.19999999,0.19999999,train
2022-11-12,0.9,1.0,-0.100000024,0.100000024,train
2022-11-13,1.2,0.9,0.30000007,0.30000007,train
2022-11-14,1.1,1.2,-0.100000024,0.100000024,train
2022-11-15,0.9,1.1,-0.20000005,0.20000005,train
2022-11-16,0.8,0.9,-0.099999964,0.099999964,train
2022-11-17,0.7,0.8,-0.100000024,0.100000024,train
2022-11-18,0.8,0.7,0.100000024,0.100000024,train
2022-11-19,1.5,0.8,0.7,0.7,train
2022-11-20,1.6,1.5,0.100000024,0.100000024,train
2022-11-21,1.5,1.6,-0.100000024,0.100000024,train
2022-11-22,1.4,1.5,-0.100000024,0.100000024,train
2022-11-23,1.2,1.4,-0.19999993,0.19999993,train
2022-11-24,1.6,1.2,0.39999998,0.39999998,train
2022-11-25,1.5,1.6,-0.100000024,0.100000024,train
2022-11-26,1.4,1.5,-0.100000024,0.100000024,train
2022-11-27,1.2,1.4,-0.19999993,0.19999993,train
2022-11-28,1.5,1.2,0.29999995,0.29999995,train
2022-11-29,1.5,1.5,0.0,0.0,train
2022-11-30,1.3,1.5,-0.20000005,0.20000005,train
2022-12-01,1.5,1.3,0.20000005,0.20000005,train
2022-12-02,2.3,1.5,0.79999995,0.79999995,train
2022-12-03,1.9,2.3,-0.39999998,0.39999998,train
2022-12-04,4.2,1.9,2.2999997,2.2999997,train
2022-12-05,1.6,4.2,-2.6,2.6,train
2022-12-06,1.4,1.6,-0.20000005,0.20000005,train
2022-12-07,1.1,1.4,-0.29999995,0.29999995,train
2022-12-08,1.3,1.1,0.19999993,0.19999993,train
2022-12-09,1.2,1.3,-0.099999905,0.099999905,train
2022-12-10,1.4,1.2,0.19999993,0.19999993,train
2022-12-11,2.7,1.4,1.3000001,1.3000001,train
2022-12-12,2.8,2.7,0.099999905,0.099999905,train
2022-12-13,2.7,2.8,-0.099999905,0.099999905,train
2022-12-14,2.3,2.7,-0.4000001,0.4000001,train
2022-12-15,2.5,2.3,0.20000005,0.20000005,train
2022-12-16,2.2,2.5,-0.29999995,0.29999995,train
2022-12-17,2.1,2.2,-0.10000014,0.10000014,train
2022-12-18,2.2,2.1,0.10000014,0.10000014,train
2022-12-19,2.1,2.2,-0.10000014,0.10000014,train
2022-12-20,2.2,2.1,0.10000014,0.10000014,train
2022-12-21,2.5,2.2,0.29999995,0.29999995,train
2022-12-22,2.4,2.5,-0.099999905,0.099999905,train
2022-12-23,2.3,2.4,-0.10000014,0.10000014,train
2022-12-24,2.2,2.3,-0.099999905,0.099999905,train
2022-12-25,2.3,2.2,0.099999905,0.099999905,train
2022-12-26,2.4,2.3,0.10000014,0.10000014,train
2022-12-27,2.2,2.4,-0.20000005,0.20000005,train
2022-12-28,1.5,2.2,-0.70000005,0.70000005,train
2022-12-29,1.7,1.5,0.20000005,0.20000005,train
2022-12-30,1.1,1.7,-0.6,0.6,train
2022-12-31,1.2,1.1,0.100000024,0.100000024,train
2023-01-01,1.3,1.2,0.099999905,0.099999905,train
2023-01-02,1.5,1.3,0.20000005,0.20000005,train
2023-01-03,1.2,1.5,-0.29999995,0.29999995,train
2023-01-04,1.3,1.2,0.099999905,0.099999905,train
2023-01-05,1.4,1.3,0.100000024,0.100000024,train
2023-01-06,1.4,1.4,0.0,0.0,train
2023-01-07,1.3,1.4,-0.100000024,0.100000024,train
2023-01-08,1.3,1.3,0.0,0.0,train
2023-01-09,1.2,1.3,-0.099999905,0.099999905,train
2023-01-10,1.3,1.2,0.099999905,0.099999905,train
2023-01-11,1.5,1.3,0.20000005,0.20000005,train
2023-01-12,1.7,1.5,0.20000005,0.20000005,train
2023-01-13,1.6,1.7,-0.100000024,0.100000024,train
2023-01-14,4.6,1.6,3.0,3.0,train
2023-01-15,4.8,4.6,0.20000029,0.20000029,train
2023-01-16,4.5,4.8,-0.3000002,0.3000002,train
2023-01-17,4.3,4.5,-0.19999981,0.19999981,train
2023-01-18,3.2,4.3,-1.1000001,1.1000001,train
2023-01-19,8.8,3.2,5.6000004,5.6000004,train
2023-01-20,1.1,8.8,-7.7000003,7.7000003,train
2023-01-21,1.2,1.1,0.100000024,0.100000024,train
2023-01-22,1.5,1.2,0.29999995,0.29999995,train
2023-01-23,1.3,1.5,-0.20000005,0.20000005,train
2023-01-24,1.4,1.3,0.100000024,0.100000024,train
2023-01-25,1.3,1.4,-0.100000024,0.100000024,train
2023-01-26,1.3,1.3,0.0,0.0,train
2023-01-27,1.2,1.3,-0.099999905,0.099999905,train
2023-01-28,1.2,1.2,0.0,0.0,train
2023-01-29,1.1,1.2,-0.100000024,0.100000024,train
2023-01-30,1.6,1.1,0.5,0.5,train
2023-01-31,1.6,1.6,0.0,0.0,train
2023-02-01,2.0,1.6,0.39999998,0.39999998,train
2023-02-02,1.7,2.0,-0.29999995,0.29999995,train
2023-02-03,1.4,1.7,-0.30000007,0.30000007,train
2023-02-04,1.6,1.4,0.20000005,0.20000005,train
2023-02-05,2.1,1.6,0.49999988,0.49999988,train
2023-02-06,2.0,2.1,-0.099999905,0.099999905,train
2023-02-07,1.8,2.0,-0.20000005,0.20000005,train
2023-02-08,1.7,1.8,-0.099999905,0.099999905,train
2023-02-09,1.5,1.7,-0.20000005,0.20000005,train
2023-02-10,1.3,1.5,-0.20000005,0.20000005,train
2023-02-11,1.2,1.3,-0.099999905,0.099999905,train
2023-02-12,4.2,1.2,2.9999998,2.9999998,train
2023-02-13,3.8,4.2,-0.39999986,0.39999986,train
2023-02-14,3.5,3.8,-0.29999995,0.29999995,train
2023-02-15,2.7,3.5,-0.79999995,0.79999995,train
2023-02-16,2.0,2.7,-0.70000005,0.70000005,train
2023-02-17,2.3,2.0,0.29999995,0.29999995,train
2023-02-18,2.4,2.3,0.10000014,0.10000014,train
2023-02-19,2.8,2.4,0.39999986,0.39999986,train
2023-02-20,2.6,2.8,-0.20000005,0.20000005,train
2023-02-21,2.3,2.6,-0.29999995,0.29999995,train
2023-02-22,2.5,2.3,0.20000005,0.20000005,train
2023-02-23,1.2,2.5,-1.3,1.3,train
2023-02-24,1.5,1.2,0.29999995,0.29999995,train
2023-02-25,1.8,1.5,0.29999995,0.29999995,train
2023-02-26,1.7,1.8,-0.099999905,0.099999905,train
2023-02-27,1.8,1.7,0.099999905,0.099999905,train
2023-02-28,1.3,1.8,-0.5,0.5,train
2023-03-01,1.2,1.3,-0.099999905,0.099999905,train
2023-03-02,1.1,1.2,-0.100000024,0.100000024,train
2023-03-03,1.3,1.1,0.19999993,0.19999993,train
2023-03-04,1.5,1.3,0.20000005,0.20000005,train
2023-03-05,1.4,1.5,-0.100000024,0.100000024,train
2023-03-06,1.3,1.4,-0.100000024,0.100000024,train
2023-03-07,1.8,1.3,0.5,0.5,train
2023-03-08,4.2,1.8,2.3999999,2.3999999,train
2023-03-09,6.2,4.2,2.0,2.0,train
2023-03-10,3.2,6.2,-2.9999998,2.9999998,train
2023-03-11,3.4,3.2,0.20000005,0.20000005,train
2023-03-12,3.6,3.4,0.19999981,0.19999981,train
2023-03-13,3.1,3.6,-0.5,0.5,train
2023-03-14,2.8,3.1,-0.29999995,0.29999995,train
2023-03-15,2.7,2.8,-0.099999905,0.099999905,train
2023-03-16,2.6,2.7,-0.10000014,0.10000014,train
2023-03-17,2.1,2.6,-0.5,0.5,train
2023-03-18,1.8,2.1,-0.29999995,0.29999995,train
2023-03-19,1.7,1.8,-0.099999905,0.099999905,train
2023-03-20,1.3,1.7,-0.4000001,0.4000001,train
2023-03-21,1.8,1.3,0.5,0.5,train
2023-03-22,1.7,1.8,-0.099999905,0.099999905,train
2023-03-23,1.8,1.7,0.099999905,0.099999905,train
2023-03-24,1.9,1.8,0.100000024,0.100000024,train
2023-03-25,2.0,1.9,0.100000024,0.100000024,train
2023-03-26,2.1,2.0,0.099999905,0.099999905,train
2023-03-27,2.1,2.1,0.0,0.0,train
2023-03-28,2.0,2.1,-0.099999905,0.099999905,train
2023-03-29,2.1,2.0,0.099999905,0.099999905,train
2023-03-30,2.3,2.1,0.20000005,0.20000005,train
2023-03-31,2.2,2.3,-0.099999905,0.099999905,train
2023-04-01,1.8,2.2,-0.4000001,0.4000001,train
2023-04-02,1.7,1.8,-0.099999905,0.099999905,train
2023-04-03,3.9,1.7,2.2,2.2,train
2023-04-04,1.8,3.9,-2.1000001,2.1000001,train
2023-04-05,2.6,1.8,0.79999995,0.79999995,train
2023-04-06,2.9,2.6,0.3000002,0.3000002,train
2023-04-07,2.7,2.9,-0.20000005,0.20000005,train
2023-04-08,2.5,2.7,-0.20000005,0.20000005,train
2023-04-09,1.7,2.5,-0.79999995,0.79999995,train
2023-04-10,1.6,1.7,-0.100000024,0.100000024,train
2023-04-11,1.8,1.6,0.19999993,0.19999993,train
2023-04-12,1.9,1.8,0.100000024,0.100000024,train
2023-04-13,2.1,1.9,0.19999993,0.19999993,train
2023-04-14,2.0,2.1,-0.099999905,0.099999905,train
2023-04-15,1.8,2.0,-0.20000005,0.20000005,train
2023-04-16,1.7,1.8,-0.099999905,0.099999905,train
2023-04-17,1.9,1.7,0.19999993,0.19999993,train
2023-04-18,1.8,1.9,-0.100000024,0.100000024,train
2023-04-19,1.8,1.8,0.0,0.0,train
2023-04-20,1.7,1.8,-0.099999905,0.099999905,train
2023-04-21,1.9,1.7,0.19999993,0.19999993,train
2023-04-22,2.1,1.9,0.19999993,0.19999993,train
2023-04-23,1.8,2.1,-0.29999995,0.29999995,train
2023-04-24,1.6,1.8,-0.19999993,0.19999993,train
2023-04-25,2.2,1.6,0.6,0.6,train
2023-04-26,1.5,2.2,-0.70000005,0.70000005,train
2023-04-27,1.8,1.5,0.29999995,0.29999995,train
2023-04-28,2.4,1.8,0.60000014,0.60000014,train
2023-04-29,2.8,2.4,0.39999986,0.39999986,train
2023-04-30,2.0,2.8,-0.79999995,0.79999995,train
2023-05-01,2.5,2.0,0.5,0.5,train
2023-05-02,2.7,2.5,0.20000005,0.20000005,train
2023-05-03,2.5,2.7,-0.20000005,0.20000005,train
2023-05-04,1.7,2.5,-0.79999995,0.79999995,train
2023-05-05,1.7,1.7,0.0,0.0,train
2023-05-06,2.5,1.7,0.79999995,0.79999995,train
2023-05-07,2.3,2.5,-0.20000005,0.20000005,train
2023-05-08,2.8,2.3,0.5,0.5,train
2023-05-09,2.7,2.8,-0.099999905,0.099999905,train
2023-05-10,2.4,2.7,-0.29999995,0.29999995,train
2023-05-11,2.2,2.4,-0.20000005,0.20000005,train
2023-05-12,2.4,2.2,0.20000005,0.20000005,train
2023-05-13,2.2,2.4,-0.20000005,0.20000005,train
2023-05-14,4.9,2.2,2.7,2.7,train
2023-05-15,4.5,4.9,-0.4000001,0.4000001,train
2023-05-16,3.7,4.5,-0.79999995,0.79999995,train
2023-05-17,3.4,3.7,-0.29999995,0.29999995,train
2023-05-18,2.7,3.4,-0.70000005,0.70000005,train
2023-05-19,2.8,2.7,0.099999905,0.099999905,train
2023-05-20,1.5,2.8,-1.3,1.3,train
2023-05-21,1.7,1.5,0.20000005,0.20000005,train
2023-05-22,2.0,1.7,0.29999995,0.29999995,train
2023-05-23,2.2,2.0,0.20000005,0.20000005,train
2023-05-24,2.0,2.2,-0.20000005,0.20000005,train
2023-05-25,2.1,2.0,0.099999905,0.099999905,train
2023-05-26,2.0,2.1,-0.099999905,0.099999905,train
2023-05-27,1.4,2.0,-0.6,0.6,train
2023-05-28,1.4,1.4,0.0,0.0,train
2023-05-29,1.4,1.4,0.0,0.0,train
2023-05-30,1.5,1.4,0.100000024,0.100000024,train
2023-05-31,1.6,1.5,0.100000024,0.100000024,train
2023-06-01,1.7,1.6,0.100000024,0.100000024,train
2023-06-02,1.6,1.7,-0.100000024,0.100000024,train
2023-06-03,1.8,1.6,0.19999993,0.19999993,train
2023-06-04,1.5,1.8,-0.29999995,0.29999995,train
2023-06-05,1.6,1.5,0.100000024,0.100000024,train
2023-06-06,1.5,1.6,-0.100000024,0.100000024,train
2023-06-07,1.4,1.5,-0.100000024,0.100000024,train
2023-06-08,1.4,1.4,0.0,0.0,train
2023-06-09,1.3,1.4,-0.100000024,0.100000024,train
2023-06-10,1.4,1.3,0.100000024,0.100000024,train
2023-06-11,1.3,1.4,-0.100000024,0.100000024,train
2023-06-12,1.1,1.3,-0.19999993,0.19999993,train
2023-06-13,1.2,1.1,0.100000024,0.100000024,train
2023-06-14,1.1,1.2,-0.100000024,0.100000024,train
2023-06-15,0.5,1.1,-0.6,0.6,train
2023-06-16,0.5,0.5,0.0,0.0,train
2023-06-17,0.5,0.5,0.0,0.0,train
2023-06-18,0.5,0.5,0.0,0.0,train
2023-06-19,0.4,0.5,-0.099999994,0.099999994,train
2023-06-20,0.4,0.4,0.0,0.0,train
2023-06-21,0.4,0.4,0.0,0.0,train
2023-06-22,0.4,0.4,0.0,0.0,train
2023-06-23,0.8,0.4,0.4,0.4,train
2023-06-24,0.7,0.8,-0.100000024,0.100000024,train
2023-06-25,0.6,0.7,-0.099999964,0.099999964,train
2023-06-26,0.2,0.6,-0.40000004,0.40000004,train
2023-06-27,1.5,0.2,1.3,1.3,train
2023-06-28,2.7,1.5,1.2,1.2,train
2023-06-29,4.6,2.7,1.8999999,1.8999999,train
2023-06-30,7.5,4.6,2.9,2.9,train
2023-07-01,0.8,7.5,-6.7,6.7,train
2023-07-02,2.4,0.8,1.6000001,1.6000001,train
2023-07-03,0.9,2.4,-1.5000001,1.5000001,train
2023-07-04,1.2,0.9,0.30000007,0.30000007,train
2023-07-05,1.4,1.2,0.19999993,0.19999993,train
2023-07-06,1.0,1.4,-0.39999998,0.39999998,train
2023-07-07,1.1,1.0,0.100000024,0.100000024,train
2023-07-08,1.3,1.1,0.19999993,0.19999993,train
2023-07-09,1.0,1.3,-0.29999995,0.29999995,train
2023-07-10,1.2,1.0,0.20000005,0.20000005,train
2023-07-11,1.4,1.2,0.19999993,0.19999993,train
2023-07-12,1.3,1.4,-0.100000024,0.100000024,train
2023-07-13,1.2,1.3,-0.099999905,0.099999905,train
2023-07-14,1.3,1.2,0.099999905,0.099999905,train
2023-07-15,0.8,1.3,-0.49999994,0.49999994,train
2023-07-16,0.7,0.8,-0.100000024,0.100000024,train
2023-07-17,0.7,0.7,0.0,0.0,train
2023-07-18,0.8,0.7,0.100000024,0.100000024,train
2023-07-19,0.6,0.8,-0.19999999,0.19999999,train
2023-07-20,0.7,0.6,0.099999964,0.099999964,train
2023-07-21,0.5,0.7,-0.19999999,0.19999999,train
2023-07-22,0.8,0.5,0.3,0.3,train
2023-07-23,1.3,0.8,0.49999994,0.49999994,train
2023-07-24,1.3,1.3,0.0,0.0,train
2023-07-25,1.5,1.3,0.20000005,0.20000005,train
2023-07-26,1.6,1.5,0.100000024,0.100000024,train
2023-07-27,2.9,1.6,1.3000001,1.3000001,train
2023-07-28,2.4,2.9,-0.5,0.5,train
2023-07-29,2.2,2.4,-0.20000005,0.20000005,train
2023-07-30,2.5,2.2,0.29999995,0.29999995,train
2023-07-31,4.5,2.5,2.0,2.0,train
2023-08-01,1.7,4.5,-2.8,2.8,train
2023-08-02,2.5,1.7,0.79999995,0.79999995,train
2023-08-03,2.1,2.5,-0.4000001,0.4000001,train
2023-08-04,1.1,2.1,-0.9999999,0.9999999,train
2023-08-05,1.2,1.1,0.100000024,0.100000024,train
2023-08-06,1.3,1.2,0.099999905,0.099999905,train
2023-08-07,1.2,1.3,-0.099999905,0.099999905,train
2023-08-08,1.1,1.2,-0.100000024,0.100000024,train
2023-08-09,1.2,1.1,0.100000024,0.100000024,train
2023-08-10,2.6,1.2,1.3999999,1.3999999,train
2023-08-11,2.2,2.6,-0.39999986,0.39999986,train
2023-08-12,1.8,2.2,-0.4000001,0.4000001,train
2023-08-13,1.7,1.8,-0.099999905,0.099999905,train
2023-08-14,2.8,1.7,1.0999999,1.0999999,train
2023-08-15,2.5,2.8,-0.29999995,0.29999995,train
2023-08-16,1.5,2.5,-1.0,1.0,train
2023-08-17,1.5,1.5,0.0,0.0,train
2023-08-18,2.4,1.5,0.9000001,0.9000001,train
2023-08-19,1.8,2.4,-0.60000014,0.60000014,train
2023-08-20,1.7,1.8,-0.099999905,0.099999905,train
2023-08-21,1.8,1.7,0.099999905,0.099999905,train
2023-08-22,1.7,1.8,-0.099999905,0.099999905,train
2023-08-23,1.5,1.7,-0.20000005,0.20000005,train
2023-08-24,1.3,1.5,-0.20000005,0.20000005,train
2023-08-25,1.7,1.3,0.4000001,0.4000001,train
2023-08-26,0.6,1.7,-1.1,1.1,train
2023-08-27,0.8,0.6,0.19999999,0.19999999,train
2023-08-28,0.9,0.8,0.099999964,0.099999964,train
2023-08-29,1.2,0.9,0.30000007,0.30000007,train
2023-08-30,1.4,1.2,0.19999993,0.19999993,train
2023-08-31,1.8,1.4,0.39999998,0.39999998,train
2023-09-01,1.9,1.8,0.100000024,0.100000024,train
2023-09-02,3.9,1.9,2.0,2.0,train
2023-09-03,3.2,3.9,-0.70000005,0.70000005,train
2023-09-04,3.0,3.2,-0.20000005,0.20000005,train
2023-09-05,2.4,3.0,-0.5999999,0.5999999,train
2023-09-06,1.9,2.4,-0.5000001,0.5000001,train
2023-09-07,3.9,1.9,2.0,2.0,train
2023-09-08,5.5,3.9,1.5999999,1.5999999,train
2023-09-09,5.7,5.5,0.19999981,0.19999981,train
2023-09-10,3.4,5.7,-2.2999997,2.2999997,train
2023-09-11,3.2,3.4,-0.20000005,0.20000005,train
2023-09-12,3.0,3.2,-0.20000005,0.20000005,train
2023-09-13,1.9,3.0,-1.1,1.1,train
2023-09-14,1.2,1.9,-0.6999999,0.6999999,train
2023-09-15,1.2,1.2,0.0,0.0,train
2023-09-16,2.9,1.2,1.7,1.7,train
2023-09-17,2.5,2.9,-0.4000001,0.4000001,train
2023-09-18,2.2,2.5,-0.29999995,0.29999995,train
2023-09-19,1.2,2.2,-1.0,1.0,train
2023-09-20,1.3,1.2,0.099999905,0.099999905,train
2023-09-21,1.1,1.3,-0.19999993,0.19999993,train
2023-09-22,1.3,1.1,0.19999993,0.19999993,train
2023-09-23,1.4,1.3,0.100000024,0.100000024,train
2023-09-24,1.6,1.4,0.20000005,0.20000005,train
2023-09-25,1.6,1.6,0.0,0.0,train
2023-09-26,1.2,1.6,-0.39999998,0.39999998,train
2023-09-27,1.3,1.2,0.099999905,0.099999905,train
2023-09-28,1.5,1.3,0.20000005,0.20000005,train
2023-09-29,1.9,1.5,0.39999998,0.39999998,train
2023-09-30,1.4,1.9,-0.5,0.5,train
2023-10-01,1.3,1.4,-0.100000024,0.100000024,train
2023-10-02,2.4,1.3,1.1000001,1.1000001,train
2023-10-03,6.0,2.4,3.6,3.6,train
2023-10-04,4.7,6.0,-1.3000002,1.3000002,train
2023-10-05,4.6,4.7,-0.099999905,0.099999905,train
2023-10-06,4.9,4.6,0.3000002,0.3000002,train
2023-10-07,4.5,4.9,-0.4000001,0.4000001,train
2023-10-08,4.3,4.5,-0.19999981,0.19999981,train
2023-10-09,4.2,4.3,-0.10000038,0.10000038,train
2023-10-10,2.3,4.2,-1.8999999,1.8999999,train
2023-10-11,2.4,2.3,0.10000014,0.10000014,train
2023-10-12,2.6,2.4,0.19999981,0.19999981,train
2023-10-13,2.7,2.6,0.10000014,0.10000014,train
2023-10-14,3.1,2.7,0.39999986,0.39999986,train
2023-10-15,3.4,3.1,0.3000002,0.3000002,train
2023-10-16,3.2,3.4,-0.20000005,0.20000005,train
2023-10-17,4.2,3.2,0.99999976,0.99999976,train
2023-10-18,2.1,4.2,-2.1,2.1,train
2023-10-19,6.2,2.1,4.1,4.1,train
2023-10-20,5.9,6.2,-0.2999997,0.2999997,train
2023-10-21,4.8,5.9,-1.0999999,1.0999999,train
2023-10-22,4.6,4.8,-0.20000029,0.20000029,train
2023-10-23,4.1,4.6,-0.5,0.5,train
2023-10-24,4.2,4.1,0.099999905,0.099999905,train
2023-10-25,4.1,4.2,-0.099999905,0.099999905,train
2023-10-26,2.7,4.1,-1.3999999,1.3999999,train
2023-10-27,2.8,2.7,0.099999905,0.099999905,train
2023-10-28,2.9,2.8,0.10000014,0.10000014,train
2023-10-29,2.7,2.9,-0.20000005,0.20000005,train
2023-10-30,3.1,2.7,0.39999986,0.39999986,train
2023-10-31,2.6,3.1,-0.5,0.5,train
2023-11-01,2.3,2.6,-0.29999995,0.29999995,train
2023-11-02,2.2,2.3,-0.099999905,0.099999905,train
2023-11-03,2.5,2.2,0.29999995,0.29999995,train
2023-11-04,3.8,2.5,1.3,1.3,train
2023-11-05,3.8,3.8,0.0,0.0,train
2023-11-06,0.9,3.8,-2.9,2.9,train
2023-11-07,1.4,0.9,0.5,0.5,train
2023-11-08,1.6,1.4,0.20000005,0.20000005,train
2023-11-09,1.5,1.6,-0.100000024,0.100000024,train
2023-11-10,1.2,1.5,-0.29999995,0.29999995,train
2023-11-11,1.3,1.2,0.099999905,0.099999905,train
2023-11-12,1.2,1.3,-0.099999905,0.099999905,train
2023-11-13,1.1,1.2,-0.100000024,0.100000024,train
2023-11-14,1.5,1.1,0.39999998,0.39999998,train
2023-11-15,1.8,1.5,0.29999995,0.29999995,train
2023-11-16,2.2,1.8,0.4000001,0.4000001,train
2023-11-17,1.9,2.2,-0.30000007,0.30000007,train
2023-11-18,1.6,1.9,-0.29999995,0.29999995,train
2023-11-19,1.7,1.6,0.100000024,0.100000024,train
2023-11-20,2.1,1.7,0.39999986,0.39999986,train
2023-11-21,1.5,2.1,-0.5999999,0.5999999,train
2023-11-22,2.0,1.5,0.5,0.5,train
2023-11-23,2.2,2.0,0.20000005,0.20000005,train
2023-11-24,3.7,2.2,1.5,1.5,train
2023-11-25,3.5,3.7,-0.20000005,0.20000005,train
2023-11-26,3.6,3.5,0.099999905,0.099999905,train
2023-11-27,3.3,3.6,-0.29999995,0.29999995,train
2023-11-28,3.1,3.3,-0.20000005,0.20000005,train
2023-11-29,0.5,3.1,-2.6,2.6,train
2023-11-30,0.6,0.5,0.100000024,0.100000024,train
2023-12-01,1.5,0.6,0.9,0.9,train
2023-12-02,1.4,1.5,-0.100000024,0.100000024,train
2023-12-03,1.3,1.4,-0.100000024,0.100000024,train
2023-12-04,1.2,1.3,-0.099999905,0.099999905,train
2023-12-05,1.2,1.2,0.0,0.0,train
2023-12-06,1.3,1.2,0.099999905,0.099999905,train
2023-12-07,1.1,1.3,-0.19999993,0.19999993,train
2023-12-08,1.1,1.1,0.0,0.0,train
2023-12-09,1.4,1.1,0.29999995,0.29999995,train
2023-12-10,1.3,1.4,-0.100000024,0.100000024,train
2023-12-11,1.2,1.3,-0.099999905,0.099999905,train
2023-12-12,1.3,1.2,0.099999905,0.099999905,train
2023-12-13,1.3,1.3,0.0,0.0,train
2023-12-14,1.1,1.3,-0.19999993,0.19999993,train
2023-12-15,0.8,1.1,-0.3,0.3,train
2023-12-16,0.7,0.8,-0.100000024,0.100000024,train
2023-12-17,0.8,0.7,0.100000024,0.100000024,train
2023-12-18,1.2,0.8,0.40000004,0.40000004,train
2023-12-19,0.6,1.2,-0.6,0.6,train
2023-12-20,0.4,0.6,-0.20000002,0.20000002,train
2023-12-21,0.2,0.4,-0.2,0.2,train
2023-12-22,0.2,0.2,0.0,0.0,train
2023-12-23,0.2,0.2,0.0,0.0,train
2023-12-24,0.2,0.2,0.0,0.0,train
2023-12-25,0.2,0.2,0.0,0.0,train
2023-12-26,0.2,0.2,0.0,0.0,train
2023-12-27,0.2,0.2,0.0,0.0,train
2023-12-28,0.2,0.2,0.0,0.0,train
2023-12-29,0.2,0.2,0.0,0.0,train
2023-12-30,0.2,0.2,0.0,0.0,train
2023-12-31,0.2,0.2,0.0,0.0,train
2024-01-01,0.2,0.2,0.0,0.0,train
2024-01-02,0.2,0.2,0.0,0.0,train
2024-01-03,0.2,0.2,0.0,0.0,train
2024-01-04,0.2,0.2,0.0,0.0,train
2024-01-05,0.2,0.2,0.0,0.0,train
2024-01-06,0.2,0.2,0.0,0.0,train
2024-01-07,0.2,0.2,0.0,0.0,train
2024-01-08,0.2,0.2,0.0,0.0,train
2024-01-09,0.2,0.2,0.0,0.0,train
2024-01-10,0.2,0.2,0.0,0.0,train
2024-01-11,0.2,0.2,0.0,0.0,train
2024-01-12,0.3,0.2,0.10000001,0.10000001,train
2024-01-13,0.2,0.3,-0.10000001,0.10000001,train
2024-01-14,0.2,0.2,0.0,0.0,train
2024-01-15,0.2,0.2,0.0,0.0,train
2024-01-16,0.3,0.2,0.10000001,0.10000001,train
2024-01-17,1.0,0.3,0.7,0.7,train
2024-01-18,0.8,1.0,-0.19999999,0.19999999,train
2024-01-19,0.9,0.8,0.099999964,0.099999964,train
2024-01-20,0.8,0.9,-0.099999964,0.099999964,train
2024-01-21,0.7,0.8,-0.100000024,0.100000024,train
2024-01-22,0.5,0.7,-0.19999999,0.19999999,train
2024-01-23,0.4,0.5,-0.099999994,0.099999994,train
2024-01-24,0.4,0.4,0.0,0.0,train
2024-01-25,0.4,0.4,0.0,0.0,train
2024-01-26,0.5,0.4,0.099999994,0.099999994,train
2024-01-27,0.4,0.5,-0.099999994,0.099999994,train
2024-01-28,0.5,0.4,0.099999994,0.099999994,train
2024-01-29,0.5,0.5,0.0,0.0,train
2024-01-30,0.4,0.5,-0.099999994,0.099999994,train
2024-01-31,0.3,0.4,-0.099999994,0.099999994,train
2024-02-01,0.5,0.3,0.19999999,0.19999999,train
2024-02-02,0.8,0.5,0.3,0.3,train
2024-02-03,0.9,0.8,0.099999964,0.099999964,train
2024-02-04,1.0,0.9,0.100000024,0.100000024,train
2024-02-05,0.8,1.0,-0.19999999,0.19999999,train
2024-02-06,1.0,0.8,0.19999999,0.19999999,train
2024-02-07,0.9,1.0,-0.100000024,0.100000024,train
2024-02-08,0.9,0.9,0.0,0.0,train
2024-02-09,0.9,0.9,0.0,0.0,train
2024-02-10,1.0,0.9,0.100000024,0.100000024,train
2024-02-11,1.1,1.0,0.100000024,0.100000024,train
2024-02-12,1.3,1.1,0.19999993,0.19999993,train
2024-02-13,1.2,1.3,-0.099999905,0.099999905,train
2024-02-14,1.3,1.2,0.099999905,0.099999905,train
2024-02-15,1.3,1.3,0.0,0.0,train
2024-02-16,1.0,1.3,-0.29999995,0.29999995,train
2024-02-17,1.0,1.0,0.0,0.0,train
2024-02-18,0.9,1.0,-0.100000024,0.100000024,train
2024-02-19,1.0,0.9,0.100000024,0.100000024,train
2024-02-20,1.5,1.0,0.5,0.5,train
2024-02-21,6.2,1.5,4.7,4.7,train
2024-02-22,6.7,6.2,0.5,0.5,train
2024-02-23,6.9,6.7,0.20000029,0.20000029,train
2024-02-24,8.7,6.9,1.7999997,1.7999997,train
2024-02-25,1.2,8.7,-7.5,7.5,train
2024-02-26,0.8,1.2,-0.40000004,0.40000004,train
2024-02-27,1.0,0.8,0.19999999,0.19999999,train
2024-02-28,1.1,1.0,0.100000024,0.100000024,train
2024-02-29,0.8,1.1,-0.3,0.3,train
2024-03-01,0.8,0.8,0.0,0.0,train
2024-03-02,0.8,0.8,0.0,0.0,train
2024-03-03,0.8,0.8,0.0,0.0,train
2024-03-04,0.8,0.8,0.0,0.0,train
2024-03-05,1.0,0.8,0.19999999,0.19999999,train
2024-03-06,0.9,1.0,-0.100000024,0.100000024,train
2024-03-07,1.1,0.9,0.20000005,0.20000005,train
2024-03-08,1.0,1.1,-0.100000024,0.100000024,train
2024-03-09,1.0,1.0,0.0,0.0,train
2024-03-10,1.0,1.0,0.0,0.0,train
2024-03-11,1.2,1.0,0.20000005,0.20000005,train
2024-03-12,1.4,1.2,0.19999993,0.19999993,train
2024-03-13,1.3,1.4,-0.100000024,0.100000024,train
2024-03-14,1.4,1.3,0.100000024,0.100000024,train
2024-03-15,1.5,1.4,0.100000024,0.100000024,train
2024-03-16,1.3,1.5,-0.20000005,0.20000005,train
2024-03-17,1.2,1.3,-0.099999905,0.099999905,train
2024-03-18,2.1,1.2,0.89999986,0.89999986,train
2024-03-19,2.2,2.1,0.10000014,0.10000014,train
2024-03-20,1.2,2.2,-1.0,1.0,train
2024-03-21,2.2,1.2,1.0,1.0,train
2024-03-22,2.3,2.2,0.099999905,0.099999905,train
2024-03-23,2.2,2.3,-0.099999905,0.099999905,train
2024-03-24,2.5,2.2,0.29999995,0.29999995,train
2024-03-25,2.6,2.5,0.099999905,0.099999905,train
2024-03-26,2.5,2.6,-0.099999905,0.099999905,train
2024-03-27,1.9,2.5,-0.6,0.6,train
2024-03-28,1.8,1.9,-0.100000024,0.100000024,train
2024-03-29,1.6,1.8,-0.19999993,0.19999993,train
2024-03-30,1.1,1.6,-0.5,0.5,train
2024-03-31,1.2,1.1,0.100000024,0.100000024,train
2024-04-01,1.0,1.2,-0.20000005,0.20000005,train
2024-04-02,1.2,1.0,0.20000005,0.20000005,train
2024-04-03,1.1,1.2,-0.100000024,0.100000024,train
2024-04-04,1.1,1.1,0.0,0.0,train
2024-04-05,1.0,1.1,-0.100000024,0.100000024,train
2024-04-06,1.5,1.0,0.5,0.5,train
2024-04-07,1.5,1.5,0.0,0.0,train
2024-04-08,1.5,1.5,0.0,0.0,train
2024-04-09,1.5,1.5,0.0,0.0,train
2024-04-10,1.5,1.5,0.0,0.0,train
2024-04-11,1.4,1.5,-0.100000024,0.100000024,train
2024-04-12,1.4,1.4,0.0,0.0,train
2024-04-13,1.3,1.4,-0.100000024,0.100000024,train
2024-04-14,1.3,1.3,0.0,0.0,train
2024-04-15,1.3,1.3,0.0,0.0,train
2024-04-16,1.4,1.3,0.100000024,0.100000024,train
2024-04-17,2.3,1.4,0.9,0.9,train
2024-04-18,2.0,2.3,-0.29999995,0.29999995,train
2024-04-19,12.2,2.0,10.2,10.2,train
2024-04-20,10.0,12.2,-2.1999998,2.1999998,train
2024-04-21,1.9,10.0,-8.1,8.1,train
2024-04-22,1.6,1.9,-0.29999995,0.29999995,train
2024-04-23,3.5,1.6,1.9,1.9,train
2024-04-24,4.0,3.5,0.5,0.5,train
2024-04-25,0.6,4.0,-3.4,3.4,train
2024-04-26,1.2,0.6,0.6,0.6,train
2024-04-27,1.3,1.2,0.099999905,0.099999905,train
2024-04-28,1.2,1.3,-0.099999905,0.099999905,train
2024-04-29,1.1,1.2,-0.100000024,0.100000024,train
2024-04-30,0.4,1.1,-0.70000005,0.70000005,train
2024-05-01,0.5,0.4,0.099999994,0.099999994,train
2024-05-02,1.8,0.5,1.3,1.3,train
2024-05-03,1.7,1.8,-0.099999905,0.099999905,train
2024-05-04,1.5,1.7,-0.20000005,0.20000005,train
2024-05-05,1.5,1.5,0.0,0.0,train
2024-05-06,6.7,1.5,5.2,5.2,train
2024-05-07,2.1,6.7,-4.6,4.6,train
2024-05-08,2.0,2.1,-0.099999905,0.099999905,train
2024-05-09,3.0,2.0,1.0,1.0,train
2024-05-10,2.3,3.0,-0.70000005,0.70000005,train
2024-05-11,2.1,2.3,-0.20000005,0.20000005,train
2024-05-12,2.2,2.1,0.10000014,0.10000014,train
2024-05-13,3.1,2.2,0.89999986,0.89999986,train
2024-05-14,2.3,3.1,-0.79999995,0.79999995,train
2024-05-15,2.3,2.3,0.0,0.0,train
2024-05-16,2.2,2.3,-0.099999905,0.099999905,train
2024-05-17,2.0,2.2,-0.20000005,0.20000005,train
2024-05-18,2.3,2.0,0.29999995,0.29999995,train
2024-05-19,2.2,2.3,-0.099999905,0.099999905,train
2024-05-20,2.5,2.2,0.29999995,0.29999995,train
2024-05-21,2.4,2.5,-0.099999905,0.099999905,train
2024-05-22,2.5,2.4,0.099999905,0.099999905,train
2024-05-23,2.3,2.5,-0.20000005,0.20000005,train
2024-05-24,2.3,2.3,0.0,0.0,train
2024-05-25,2.1,2.3,-0.20000005,0.20000005,train
2024-05-26,2.4,2.1,0.3000002,0.3000002,train
2024-05-27,2.3,2.4,-0.10000014,0.10000014,train
2024-05-28,2.4,2.3,0.10000014,0.10000014,train
2024-05-29,1.5,2.4,-0.9000001,0.9000001,train
2024-05-30,1.5,1.5,0.0,0.0,train
2024-05-31,1.6,1.5,0.100000024,0.100000024,train
2024-06-01,2.7,1.6,1.1,1.1,train
2024-06-02,2.8,2.7,0.099999905,0.099999905,train
2024-06-03,2.5,2.8,-0.29999995,0.29999995,train
2024-06-04,1.9,2.5,-0.6,0.6,train
2024-06-05,1.8,1.9,-0.100000024,0.100000024,train
2024-06-06,1.8,1.8,0.0,0.0,train
2024-06-07,1.6,1.8,-0.19999993,0.19999993,train
2024-06-08,5.6,1.6,4.0,4.0,train
2024-06-09,4.2,5.6,-1.4000001,1.4000001,train
2024-06-10,1.6,4.2,-2.6,2.6,train
2024-06-11,1.8,1.6,0.19999993,0.19999993,train
2024-06-12,1.7,1.8,-0.099999905,0.099999905,train
2024-06-13,2.5,1.7,0.79999995,0.79999995,train
2024-06-14,1.9,2.5,-0.6,0.6,train
2024-06-15,2.0,1.9,0.100000024,0.100000024,train
2024-06-16,2.0,2.0,0.0,0.0,train
2024-06-17,2.1,2.0,0.099999905,0.099999905,train
2024-06-18,1.8,2.1,-0.29999995,0.29999995,train
2024-06-19,2.0,1.8,0.20000005,0.20000005,train
2024-06-20,1.1,2.0,-0.9,0.9,train
2024-06-21,1.8,1.1,0.6999999,0.6999999,train
2024-06-22,1.6,1.8,-0.19999993,0.19999993,train
2024-06-23,1.4,1.6,-0.20000005,0.20000005,train
2024-06-24,1.9,1.4,0.5,0.5,train
2024-06-25,2.5,1.9,0.6,0.6,train
2024-06-26,1.7,2.5,-0.79999995,0.79999995,train
2024-06-27,1.8,1.7,0.099999905,0.099999905,train
2024-06-28,2.0,1.8,0.20000005,0.20000005,train
2024-06-29,2.1,2.0,0.099999905,0.099999905,train
2024-06-30,2.3,2.1,0.20000005,0.20000005,train
2024-07-08,3.0,2.5,0.5,0.5,test
2024-07-09,2.6,3.0,-0.4000001,0.4000001,test
2024-07-10,2.5,2.6,-0.099999905,0.099999905,test
2024-07-11,3.6,2.5,1.0999999,1.0999999,test
2024-07-12,1.7,3.6,-1.8999999,1.8999999,test
2024-07-13,1.5,1.7,-0.20000005,0.20000005,test
2024-07-14,2.5,1.5,1.0,1.0,test
2024-07-15,1.9,2.5,-0.6,0.6,test
2024-07-16,1.4,1.9,-0.5,0.5,test
2024-07-17,1.1,1.4,-0.29999995,0.29999995,test
2024-07-18,1.8,1.1,0.6999999,0.6999999,test
2024-07-19,1.3,1.8,-0.5,0.5,test
2024-07-20,1.3,1.3,0.0,0.0,test
2024-07-21,1.6,1.3,0.30000007,0.30000007,test
2024-07-22,0.7,1.6,-0.90000004,0.90000004,test
2024-07-23,1.1,0.7,0.40000004,0.40000004,test
2024-07-24,1.5,1.1,0.39999998,0.39999998,test
2024-07-25,0.8,1.5,-0.7,0.7,test
2024-07-26,1.2,0.8,0.40000004,0.40000004,test
2024-07-27,1.6,1.2,0.39999998,0.39999998,test
2024-07-28,1.9,1.6,0.29999995,0.29999995,test
2024-07-29,1.8,1.9,-0.100000024,0.100000024,test
2024-07-30,2.0,1.8,0.20000005,0.20000005,test
2024-07-31,1.1,2.0,-0.9,0.9,test
2024-08-01,1.1,1.1,0.0,0.0,test
2024-08-02,0.9,1.1,-0.20000005,0.20000005,test
2024-08-03,0.9,0.9,0.0,0.0,test
2024-08-04,0.8,0.9,-0.099999964,0.099999964,test
2024-08-05,1.3,0.8,0.49999994,0.49999994,test
2024-08-06,1.4,1.3,0.100000024,0.100000024,test
2024-08-07,1.3,1.4,-0.100000024,0.100000024,test
2024-08-08,1.5,1.3,0.20000005,0.20000005,test
2024-08-09,1.7,1.5,0.20000005,0.20000005,test
2024-08-10,1.6,1.7,-0.100000024,0.100000024,test
2024-08-11,1.2,1.6,-0.39999998,0.39999998,test
2024-08-12,1.9,1.2,0.6999999,0.6999999,test
2024-08-13,2.0,1.9,0.100000024,0.100000024,test
2024-08-14,2.9,2.0,0.9000001,0.9000001,test
2024-08-15,1.9,2.9,-1.0000001,1.0000001,test
2024-08-16,2.4,1.9,0.5000001,0.5000001,test
2024-08-17,2.2,2.4,-0.20000005,0.20000005,test
2024-08-18,2.1,2.2,-0.10000014,0.10000014,test
2024-08-19,2.1,2.1,0.0,0.0,test
2024-08-20,2.8,2.1,0.70000005,0.70000005,test
2024-08-21,1.5,2.8,-1.3,1.3,test
2024-08-22,2.8,1.5,1.3,1.3,test
2024-08-23,2.9,2.8,0.10000014,0.10000014,test
2024-08-24,3.0,2.9,0.099999905,0.099999905,test
2024-08-25,2.7,3.0,-0.29999995,0.29999995,test
2024-08-26,2.7,2.7,0.0,0.0,test
2024-08-27,2.6,2.7,-0.10000014,0.10000014,test
2024-08-28,2.7,2.6,0.10000014,0.10000014,test
2024-08-29,2.5,2.7,-0.20000005,0.20000005,test
2024-08-30,2.0,2.5,-0.5,0.5,test
2024-08-31,2.3,2.0,0.29999995,0.29999995,test
2024-09-01,2.2,2.3,-0.099999905,0.099999905,test
2024-09-02,1.6,2.2,-0.6,0.6,test
2024-09-03,1.4,1.6,-0.20000005,0.20000005,test
2024-09-04,1.6,1.4,0.20000005,0.20000005,test
2024-09-05,1.7,1.6,0.100000024,0.100000024,test
2024-09-06,1.4,1.7,-0.30000007,0.30000007,test
2024-09-07,1.6,1.4,0.20000005,0.20000005,test
2024-09-08,1.5,1.6,-0.100000024,0.100000024,test
2024-09-09,1.2,1.5,-0.29999995,0.29999995,test
2024-09-10,1.3,1.2,0.099999905,0.099999905,test
2024-09-11,2.1,1.3,0.79999995,0.79999995,test
2024-09-12,1.5,2.1,-0.5999999,0.5999999,test
2024-09-13,1.3,1.5,-0.20000005,0.20000005,test
2024-09-14,1.6,1.3,0.30000007,0.30000007,test
2024-09-15,0.8,1.6,-0.8,0.8,test
2024-09-16,0.9,0.8,0.099999964,0.099999964,test
2024-09-17,1.1,0.9,0.20000005,0.20000005,test
2024-09-18,1.3,1.1,0.19999993,0.19999993,test
2024-09-19,1.5,1.3,0.20000005,0.20000005,test
2024-09-20,1.2,1.5,-0.29999995,0.29999995,test
2024-09-21,2.0,1.2,0.79999995,0.79999995,test
2024-09-22,1.5,2.0,-0.5,0.5,test
2024-09-23,1.2,1.5,-0.29999995,0.29999995,test
2024-09-24,1.3,1.2,0.099999905,0.099999905,test
2024-09-25,1.2,1.3,-0.099999905,0.099999905,test
2024-09-26,1.2,1.2,0.0,0.0,test
2024-09-27,0.6,1.2,-0.6,0.6,test
2024-09-28,0.9,0.6,0.29999995,0.29999995,test
2024-09-29,1.1,0.9,0.20000005,0.20000005,test
2024-09-30,1.2,1.1,0.100000024,0.100000024,test
2024-10-01,1.3,1.2,0.099999905,0.099999905,test
2024-10-02,1.1,1.3,-0.19999993,0.19999993,test
2024-10-03,1.2,1.1,0.100000024,0.100000024,test
2024-10-04,1.2,1.2,0.0,0.0,test
2024-10-05,1.3,1.2,0.099999905,0.099999905,test
2024-10-06,1.0,1.3,-0.29999995,0.29999995,test
2024-10-07,1.1,1.0,0.100000024,0.100000024,test
2024-10-08,1.3,1.1,0.19999993,0.19999993,test
2024-10-09,1.5,1.3,0.20000005,0.20000005,test
2024-10-10,1.6,1.5,0.100000024,0.100000024,test
2024-10-11,1.5,1.6,-0.100000024,0.100000024,test
2024-10-12,1.2,1.5,-0.29999995,0.29999995,test
2024-10-13,1.9,1.2,0.6999999,0.6999999,test
2024-10-14,2.2,1.9,0.30000007,0.30000007,test
2024-10-15,2.3,2.2,0.099999905,0.099999905,test
2024-10-16,2.0,2.3,-0.29999995,0.29999995,test
2024-10-17,2.1,2.0,0.099999905,0.099999905,test
2024-10-18,1.9,2.1,-0.19999993,0.19999993,test
2024-10-19,2.0,1.9,0.100000024,0.100000024,test
2024-10-20,1.9,2.0,-0.100000024,0.100000024,test
2024-10-21,1.8,1.9,-0.100000024,0.100000024,test
2024-10-22,1.9,1.8,0.100000024,0.100000024,test
2024-10-23,1.8,1.9,-0.100000024,0.100000024,test
2024-10-24,1.2,1.8,-0.5999999,0.5999999,test
2024-10-25,1.3,1.2,0.099999905,0.099999905,test
2024-10-26,1.2,1.3,-0.099999905,0.099999905,test
2024-10-27,1.3,1.2,0.099999905,0.099999905,test
2024-10-28,1.2,1.3,-0.099999905,0.099999905,test
2024-10-29,0.7,1.2,-0.50000006,0.50000006,test
2024-10-30,0.8,0.7,0.100000024,0.100000024,test
2024-10-31,0.8,0.8,0.0,0.0,test
2024-11-01,1.0,0.8,0.19999999,0.19999999,test
2024-11-02,1.2,1.0,0.20000005,0.20000005,test
2024-11-03,1.1,1.2,-0.100000024,0.100000024,test
2024-11-04,1.2,1.1,0.100000024,0.100000024,test
2024-11-05,1.1,1.2,-0.100000024,0.100000024,test
2024-11-06,0.58,1.1,-0.52000004,0.52000004,test
2024-11-07,0.9,0.58,0.32,0.32,test
2024-11-08,1.1,0.9,0.20000005,0.20000005,test
2024-11-09,1.2,1.1,0.100000024,0.100000024,test
2024-11-10,1.3,1.2,0.099999905,0.099999905,test
2024-11-11,1.2,1.3,-0.099999905,0.099999905,test
2024-11-12,1.2,1.2,0.0,0.0,test
2024-11-13,1.5,1.2,0.29999995,0.29999995,test
2024-11-14,1.3,1.5,-0.20000005,0.20000005,test
2024-11-15,1.5,1.3,0.20000005,0.20000005,test
2024-11-16,1.6,1.5,0.100000024,0.100000024,test
2024-11-17,1.4,1.6,-0.20000005,0.20000005,test
2024-11-18,1.8,1.4,0.39999998,0.39999998,test
2024-11-19,2.5,1.8,0.70000005,0.70000005,test
2024-11-20,4.0,2.5,1.5,1.5,test
2024-11-21,4.1,4.0,0.099999905,0.099999905,test
2024-11-22,1.6,4.1,-2.5,2.5,test
2024-11-23,1.7,1.6,0.100000024,0.100000024,test
2024-11-24,1.6,1.7,-0.100000024,0.100000024,test
2024-11-25,1.8,1.6,0.19999993,0.19999993,test
2024-11-26,1.5,1.8,-0.29999995,0.29999995,test
2024-11-27,1.8,1.5,0.29999995,0.29999995,test
2024-11-28,1.5,1.8,-0.29999995,0.29999995,test
2024-11-29,1.5,1.5,0.0,0.0,test
2024-11-30,1.4,1.5,-0.100000024,0.100000024,test
2024-12-01,1.8,1.4,0.39999998,0.39999998,test
2024-12-02,1.5,1.8,-0.29999995,0.29999995,test
2024-12-03,1.8,1.5,0.29999995,0.29999995,test
2024-12-04,1.5,1.8,-0.29999995,0.29999995,test
2024-12-05,1.5,1.5,0.0,0.0,test
2024-12-06,1.4,1.5,-0.100000024,0.100000024,test
2024-12-07,3.5,1.4,2.1,2.1,test
2024-12-08,3.3,3.5,-0.20000005,0.20000005,test
2024-12-09,0.9,3.3,-2.4,2.4,test
2024-12-10,0.9,0.9,0.0,0.0,test
2024-12-11,0.9,0.9,0.0,0.0,test
2024-12-12,1.1,0.9,0.20000005,0.20000005,test
2024-12-13,1.2,1.1,0.100000024,0.100000024,test
2024-12-14,1.2,1.2,0.0,0.0,test
2024-12-15,1.3,1.2,0.099999905,0.099999905,test
2024-12-16,1.5,1.3,0.20000005,0.20000005,test
2024-12-17,1.8,1.5,0.29999995,0.29999995,test
2024-12-18,1.9,1.8,0.100000024,0.100000024,test
2024-12-19,1.9,1.9,0.0,0.0,test
2024-12-20,2.0,1.9,0.100000024,0.100000024,test
2024-12-21,2.3,2.0,0.29999995,0.29999995,test
2024-12-22,2.4,2.3,0.10000014,0.10000014,test
2024-12-23,2.4,2.4,0.0,0.0,test
2024-12-24,2.5,2.4,0.099999905,0.099999905,test
2024-12-25,2.3,2.5,-0.20000005,0.20000005,test
2024-12-26,2.3,2.3,0.0,0.0,test
2024-12-27,2.4,2.3,0.10000014,0.10000014,test
2024-12-28,2.2,2.4,-0.20000005,0.20000005,test
2024-12-29,2.3,2.2,0.099999905,0.099999905,test
2024-12-30,2.3,2.3,0.0,0.0,test
2024-12-31,2.2,2.3,-0.099999905,0.099999905,test
2025-01-01,2.1,2.2,-0.10000014,0.10000014,test
2025-01-02,2.3,2.1,0.20000005,0.20000005,test
2025-01-03,2.1,2.3,-0.20000005,0.20000005,test
2025-01-04,2.2,2.1,0.10000014,0.10000014,test
2025-01-05,1.8,2.2,-0.4000001,0.4000001,test
2025-01-06,1.4,1.8,-0.39999998,0.39999998,test
2025-01-07,1.5,1.4,0.100000024,0.100000024,test
2025-01-08,1.5,1.5,0.0,0.0,test
2025-01-09,1.7,1.5,0.20000005,0.20000005,test
2025-01-10,1.9,1.7,0.19999993,0.19999993,test
2025-01-11,1.9,1.9,0.0,0.0,test
2025-01-12,1.7,1.9,-0.19999993,0.19999993,test
2025-01-13,1.8,1.7,0.099999905,0.099999905,test
2025-01-14,1.7,1.8,-0.099999905,0.099999905,test
2025-01-15,1.6,1.7,-0.100000024,0.100000024,test
2025-01-16,1.6,1.6,0.0,0.0,test
2025-01-17,1.5,1.6,-0.100000024,0.100000024,test
2025-01-18,1.6,1.5,0.100000024,0.100000024,test
2025-01-19,1.5,1.6,-0.100000024,0.100000024,test
2025-01-20,1.6,1.5,0.100000024,0.100000024,test
2025-01-21,1.6,1.6,0.0,0.0,test
2025-01-22,1.5,1.6,-0.100000024,0.100000024,test
2025-01-23,1.4,1.5,-0.100000024,0.100000024,test
2025-01-24,1.3,1.4,-0.100000024,0.100000024,test
2025-01-25,1.3,1.3,0.0,0.0,test
2025-01-26,1.2,1.3,-0.099999905,0.099999905,test
2025-01-27,1.3,1.2,0.099999905,0.099999905,test
2025-01-28,1.2,1.3,-0.099999905,0.099999905,test
2025-01-29,1.2,1.2,0.0,0.0,test
2025-01-30,1.2,1.2,0.0,0.0,test
2025-01-31,1.2,1.2,0.0,0.0,test
2025-02-01,1.3,1.2,0.099999905,0.099999905,test
2025-02-02,1.3,1.3,0.0,0.0,test
2025-02-03,1.3,1.3,0.0,0.0,test
2025-02-04,1.4,1.3,0.100000024,0.100000024,test
2025-02-05,2.1,1.4,0.6999999,0.6999999,test
2025-02-06,2.2,2.1,0.10000014,0.10000014,test
2025-02-07,1.9,2.2,-0.30000007,0.30000007,test
2025-02-08,1.5,1.9,-0.39999998,0.39999998,test
2025-02-09,1.6,1.5,0.100000024,0.100000024,test
2025-02-10,1.4,1.6,-0.20000005,0.20000005,test
2025-02-11,0.8,1.4,-0.59999996,0.59999996,test
2025-02-12,0.9,0.8,0.099999964,0.099999964,test
2025-02-13,0.9,0.9,0.0,0.0,test
2025-02-14,0.8,0.9,-0.099999964,0.099999964,test
2025-02-15,0.9,0.8,0.099999964,0.099999964,test
2025-02-16,0.9,0.9,0.0,0.0,test
2025-02-17,1.1,0.9,0.20000005,0.20000005,test
2025-02-18,0.8,1.1,-0.3,0.3,test
2025-02-19,0.6,0.8,-0.19999999,0.19999999,test
2025-02-20,0.7,0.6,0.099999964,0.099999964,test
2025-02-21,0.8,0.7,0.100000024,0.100000024,test
2025-02-22,0.9,0.8,0.099999964,0.099999964,test
2025-02-23,0.8,0.9,-0.099999964,0.099999964,test
2025-02-24,0.6,0.8,-0.19999999,0.19999999,test
2025-02-25,0.6,0.6,0.0,0.0,test
2025-02-26,0.5,0.6,-0.100000024,0.100000024,test
2025-02-27,0.8,0.5,0.3,0.3,test
2025-02-28,0.7,0.8,-0.100000024,0.100000024,test
2025-03-01,0.8,0.7,0.100000024,0.100000024,test
2025-03-02,0.7,0.8,-0.100000024,0.100000024,test
2025-03-03,0.7,0.7,0.0,0.0,test
2025-03-04,0.8,0.7,0.100000024,0.100000024,test
2025-03-05,1.1,0.8,0.3,0.3,test
2025-03-06,1.0,1.1,-0.100000024,0.100000024,test
2025-03-07,0.6,1.0,-0.39999998,0.39999998,test
2025-03-08,0.8,0.6,0.19999999,0.19999999,test
2025-03-09,0.7,0.8,-0.100000024,0.100000024,test
2025-03-10,0.9,0.7,0.19999999,0.19999999,test
2025-03-11,1.1,0.9,0.20000005,0.20000005,test
2025-03-12,0.8,1.1,-0.3,0.3,test
2025-03-13,1.2,0.8,0.40000004,0.40000004,test
2025-03-14,0.7,1.2,-0.50000006,0.50000006,test
2025-03-15,0.9,0.7,0.19999999,0.19999999,test
2025-03-16,1.1,0.9,0.20000005,0.20000005,test
2025-03-17,1.1,1.1,0.0,0.0,test
2025-03-18,1.2,1.1,0.100000024,0.100000024,test
2025-03-19,0.6,1.2,-0.6,0.6,test
2025-03-20,0.9,0.6,0.29999995,0.29999995,test
2025-03-21,0.7,0.9,-0.19999999,0.19999999,test
2025-03-22,0.5,0.7,-0.19999999,0.19999999,test
2025-03-23,0.5,0.5,0.0,0.0,test
2025-03-24,0.9,0.5,0.39999998,0.39999998,test
2025-03-25,0.8,0.9,-0.099999964,0.099999964,test
2025-03-26,0.7,0.8,-0.100000024,0.100000024,test
2025-03-27,1.7,0.7,1.0,1.0,test
2025-03-28,1.6,1.7,-0.100000024,0.100000024,test
2025-03-29,1.5,1.6,-0.100000024,0.100000024,test
2025-03-30,1.5,1.5,0.0,0.0,test
2025-03-31,0.9,1.5,-0.6,0.6,test
2025-04-01,0.8,0.9,-0.099999964,0.099999964,test
2025-04-02,0.9,0.8,0.099999964,0.099999964,test
2025-04-03,0.9,0.9,0.0,0.0,test
2025-04-04,1.1,0.9,0.20000005,0.20000005,test
2025-04-05,1.2,1.1,0.100000024,0.100000024,test
2025-04-06,1.1,1.2,-0.100000024,0.100000024,test
2025-04-07,0.5,1.1,-0.6,0.6,test
2025-04-08,0.8,0.5,0.3,0.3,test
2025-04-09,0.9,0.8,0.099999964,0.099999964,test
2025-04-10,0.8,0.9,-0.099999964,0.099999964,test
2025-04-11,0.9,0.8,0.099999964,0.099999964,test
2025-04-12,1.1,0.9,0.20000005,0.20000005,test
2025-04-13,1.2,1.1,0.100000024,0.100000024,test
2025-04-14,0.8,1.2,-0.40000004,0.40000004,test
2025-04-15,0.8,0.8,0.0,0.0,test
2025-04-16,0.9,0.8,0.099999964,0.099999964,test
2025-04-17,1.9,0.9,1.0,1.0,test
2025-04-18,1.7,1.9,-0.19999993,0.19999993,test
2025-04-19,1.8,1.7,0.099999905,0.099999905,test
2025-04-20,1.9,1.8,0.100000024,0.100000024,test
2025-04-21,1.7,1.9,-0.19999993,0.19999993,test
2025-04-22,0.8,1.7,-0.90000004,0.90000004,test
2025-04-23,0.7,0.8,-0.100000024,0.100000024,test
2025-04-24,0.8,0.7,0.100000024,0.100000024,test
2025-04-25,1.6,0.8,0.8,0.8,test
2025-04-26,1.5,1.6,-0.100000024,0.100000024,test
2025-04-27,1.6,1.5,0.100000024,0.100000024,test
2025-04-28,1.4,1.6,-0.20000005,0.20000005,test
2025-04-29,1.5,1.4,0.100000024,0.100000024,test
2025-04-30,1.1,1.5,-0.39999998,0.39999998,test
2025-05-01,1.3,1.1,0.19999993,0.19999993,test
2025-05-02,1.7,1.3,0.4000001,0.4000001,test
2025-05-03,1.7,1.7,0.0,0.0,test
2025-05-04,1.8,1.7,0.099999905,0.099999905,test
2025-05-05,1.9,1.8,0.100000024,0.100000024,test
2025-05-06,1.9,1.9,0.0,0.0,test
2025-05-07,2.0,1.9,0.100000024,0.100000024,test
2025-05-08,2.2,2.0,0.20000005,0.20000005,test
2025-05-09,3.9,2.2,1.7,1.7,test
2025-05-10,3.5,3.9,-0.4000001,0.4000001,test
2025-05-11,3.6,3.5,0.099999905,0.099999905,test
2025-05-12,3.7,3.6,0.10000014,0.10000014,test
2025-05-13,4.6,3.7,0.89999986,0.89999986,test
2025-05-14,4.1,4.6,-0.5,0.5,test
2025-05-15,4.2,4.1,0.099999905,0.099999905,test
2025-05-16,4.1,4.2,-0.099999905,0.099999905,test
2025-05-17,2.5,4.1,-1.5999999,1.5999999,test
2025-05-18,2.4,2.5,-0.099999905,0.099999905,test
2025-05-19,2.3,2.4,-0.10000014,0.10000014,test
2025-05-20,2.4,2.3,0.10000014,0.10000014,test
2025-05-21,2.2,2.4,-0.20000005,0.20000005,test
2025-05-22,2.3,2.2,0.099999905,0.099999905,test
