Date,CODMBR,raw,Diff1
2021/1/1,475,475,0
2021/1/2,484,479.5,9
2021/1/3,460,473,-24
2021/1/4,520,484.75,60
2021/1/5,516,491,-4
2021/1/6,507,493.6666667,-9
2021/1/7,496,494,-11
2021/1/8,485,495.4285714,-11
2021/1/9,453,491,-32
2021/1/10,441,488.2857143,-12
2021/1/11,457,479.2857143,16
2021/1/12,460,471.2857143,3
2021/1/13,550,477.4285714,90
2021/1/14,621,495.2857143,71
2021/1/15,586,509.7142857,-35
2021/1/16,549,523.4285714,-37
2021/1/17,535,536.8571429,-14
2021/1/18,521,546,-14
2021/1/19,505,552.4285714,-16
2021/1/20,499,545.1428571,-6
2021/1/21,485,525.7142857,-14
2021/1/22,491,512.1428571,6
2021/1/23,503,505.5714286,12
2021/1/24,492,499.4285714,-11
2021/1/25,512,498.1428571,20
2021/1/26,498,497.1428571,-14
2021/1/27,509,498.5714286,11
2021/1/28,556,508.7142857,47
2021/1/29,602,524.5714286,46
2021/1/30,622,541.5714286,20
2021/1/31,588,555.2857143,-34
2021/2/1,563,562.5714286,-25
2021/2/2,574,573.4285714,11
2021/2/3,545,578.5714286,-29
2021/2/4,569,580.4285714,24
2021/2/5,541,571.7142857,-28
2021/2/6,580,565.7142857,39
2021/2/7,601,567.5714286,21
2021/2/8,586,570.8571429,-15
2021/2/9,611,576.1428571,25
2021/2/10,577,580.7142857,-34
2021/2/11,564,580,-13
2021/2/12,556,582.1428571,-8
2021/2/13,536,575.8571429,-20
2021/2/14,499,561.2857143,-37
2021/2/15,521,552,22
2021/2/16,515,538.2857143,-6
2021/2/17,502,527.5714286,-13
2021/2/18,512,520.1428571,10
2021/2/19,503,512.5714286,-9
2021/2/20,490,506,-13
2021/2/21,472,502.1428571,-18
2021/2/22,498,498.8571429,26
2021/2/23,485,494.5714286,-13
2021/2/24,477,491,-8
2021/2/25,485,487.1428571,8
2021/2/26,451,479.7142857,-34
2021/2/27,421,469.8571429,-30
2021/2/28,419,462.2857143,-2
2021/3/1,429,452.4285714,10
2021/3/2,431,444.7142857,2
2021/3/3,424,437.1428571,-7
2021/3/4,428,429,4
2021/3/5,419,424.4285714,-9
2021/3/6,412,423.1428571,-7
2021/3/7,410,421.8571429,-2
2021/3/8,402,418,-8
2021/3/9,399,413.4285714,-3
2021/3/10,406,410.8571429,7
2021/3/11,359,401,-47
2021/3/12,346,390.5714286,-13
2021/3/13,355,382.4285714,9
2021/3/14,364,375.8571429,9
2021/3/15,340,367,-24
2021/3/16,347,359.5714286,7
2021/3/17,350,351.5714286,3
2021/3/18,387,355.5714286,37
2021/3/19,375,359.7142857,-12
2021/3/20,367,361.4285714,-8
2021/3/21,351,359.5714286,-16
2021/3/22,361,362.5714286,10
2021/3/23,354,363.5714286,-7
2021/3/24,345,362.8571429,-9
2021/3/25,353,358,8
2021/3/26,345,353.7142857,-8
2021/3/27,366,353.5714286,21
2021/3/28,352,353.7142857,-14
2021/3/29,341,350.8571429,-11
2021/3/30,351,350.4285714,10
2021/3/31,364,353.1428571,13
2021/4/1,349,352.5714286,-15
2021/4/2,353,353.7142857,4
2021/4/3,360,352.8571429,7
2021/4/4,346,352,-14
2021/4/5,339,351.7142857,-7
2021/4/6,325,348,-14
2021/4/7,334,343.7142857,9
2021/4/8,351,344,17
2021/4/9,342,342.4285714,-9
2021/4/10,338,339.2857143,-4
2021/4/11,356,340.7142857,18
2021/4/12,346,341.7142857,-10
2021/4/13,362,347,16
2021/4/14,351,349.4285714,-11
2021/4/15,374,352.7142857,23
2021/4/16,354,354.4285714,-20
2021/4/17,344,355.2857143,-10
2021/4/18,323,350.5714286,-21
2021/4/19,346,350.5714286,23
2021/4/20,385,353.8571429,39
2021/4/21,374,357.1428571,-11
2021/4/22,366,356,-8
2021/4/23,378,359.4285714,12
2021/4/24,389,365.8571429,11
2021/4/25,331,367,-58
2021/4/26,315,362.5714286,-16
2021/4/27,365,359.7142857,50
2021/4/28,356,357.1428571,-9
2021/4/29,370,357.7142857,14
2021/4/30,361,355.2857143,-9
2021/5/1,362,351.4285714,1
2021/5/2,357,355.1428571,-5
2021/5/3,334,357.8571429,-23
2021/5/4,351,355.8571429,17
2021/5/5,325,351.4285714,-26
2021/5/6,352,348.8571429,27
2021/5/7,345,346.5714286,-7
2021/5/8,357,345.8571429,12
2021/5/9,345,344.1428571,-12
2021/5/10,375.1,350.0142857,30.1
2021/5/11,365,352.0142857,-10.1
2021/5/12,354,356.1571429,-11
2021/5/13,364,357.8714286,10
2021/5/14,375,362.1571429,11
2021/5/15,384,366.0142857,9
2021/5/16,378,370.7285714,-6
2021/5/17,376,370.8571429,-2
2021/5/18,387,374,11
2021/5/19,354,374,-33
2021/5/20,365,374.1428571,11
2021/5/21,354,371.1428571,-11
2021/5/22,355,367,1
2021/5/23,324,359.2857143,-31
2021/5/24,378,359.5714286,54
2021/5/25,351,354.4285714,-27
2021/5/26,499,375.1428571,148
2021/5/27,478,391.2857143,-21
2021/5/28,493,411.1428571,15
2021/5/29,469,427.4285714,-24
2021/5/30,426,442,-43
2021/5/31,440,450.8571429,14
2021/6/1,466,467.2857143,26
2021/6/2,454,460.8571429,-12
2021/6/3,505,464.7142857,51
2021/6/4,525,469.2857143,20
2021/6/5,510,475.1428571,-15
2021/6/6,486,483.7142857,-24
2021/6/7,475,488.7142857,-11
2021/6/8,484,491.2857143,9
2021/6/9,460,492.1428571,-24
2021/6/10,520,494.2857143,60
2021/6/11,516,493,-4
2021/6/12,507,492.5714286,-9
2021/6/13,496,494,-11
2021/6/14,485,495.4285714,-11
2021/6/15,453,491,-32
2021/6/16,441,488.2857143,-12
2021/6/17,457,479.2857143,16
2021/6/18,359,456.8571429,-98
2021/6/19,346,433.8571429,-13
2021/6/20,355,413.7142857,9
2021/6/21,364,396.4285714,9
2021/6/22,340,380.2857143,-24
2021/6/23,347,366.8571429,7
2021/6/24,350,351.5714286,3
2021/6/25,387,355.5714286,37
2021/6/26,375,359.7142857,-12
2021/6/27,367,361.4285714,-8
2021/6/28,351,359.5714286,-16
2021/6/29,361,362.5714286,10
2021/6/30,354,363.5714286,-7
2021/7/1,345,362.8571429,-9
2021/7/2,353,358,8
2021/7/3,345,353.7142857,-8
2021/7/4,366,353.5714286,21
2021/7/5,352,353.7142857,-14
2021/7/6,341,350.8571429,-11
2021/7/7,351,350.4285714,10
2021/7/8,364,353.1428571,13
2021/7/9,384,357.5714286,20
2021/7/10,378,362.2857143,-6
2021/7/11,376,363.7142857,-2
2021/7/12,387,368.7142857,11
2021/7/13,354,370.5714286,-33
2021/7/14,365,372.5714286,11
2021/7/15,354,371.1428571,-11
2021/7/16,355,367,1
2021/7/17,324,359.2857143,-31
2021/7/18,378,359.5714286,54
2021/7/19,351,354.4285714,-27
2021/7/20,499,375.1428571,148
2021/7/21,478,391.2857143,-21
2021/7/22,493,411.1428571,15
2021/7/23,469,427.4285714,-24
2021/7/24,426,442,-43
2021/7/25,440,450.8571429,14
2021/7/26,466,467.2857143,26
2021/7/27,454,460.8571429,-12
2021/7/28,505,464.7142857,51
2021/7/29,525,469.2857143,20
2021/7/30,510,475.1428571,-15
2021/7/31,486,483.7142857,-24
2021/8/1,475,488.7142857,-11
2021/8/2,484,491.2857143,9
2021/8/3,460,492.1428571,-24
2021/8/4,520,494.2857143,60
2021/8/5,516,493,-4
2021/8/6,507,492.5714286,-9
2021/8/7,496,494,-11
2021/8/8,485,495.4285714,-11
2021/8/9,453,491,-32
2021/8/10,441,488.2857143,-12
2021/8/11,457,479.2857143,16
2021/8/12,460,471.2857143,3
2021/8/13,550,477.4285714,90
2021/8/14,621,495.2857143,71
2021/8/15,586,509.7142857,-35
2021/8/16,549,523.4285714,-37
2021/8/17,535,536.8571429,-14
2021/8/18,521,546,-14
2021/8/19,505,552.4285714,-16
2021/8/20,499,545.1428571,-6
2021/8/21,485,525.7142857,-14
2021/8/22,520,516.2857143,35
2021/8/23,516,511.5714286,-4
2021/8/24,507,507.5714286,-9
2021/8/25,496,504,-11
2021/8/26,485,501.1428571,-11
2021/8/27,453,494.5714286,-32
2021/8/28,441,488.2857143,-12
2021/8/29,457,479.2857143,16
2021/8/30,359,456.8571429,-98
2021/8/31,346,433.8571429,-13
2021/9/1,355,413.7142857,9
2021/9/2,364,396.4285714,9
2021/9/3,340,380.2857143,-24
2021/9/4,347,366.8571429,7
2021/9/5,350,351.5714286,3
2021/9/6,387,355.5714286,37
2021/9/7,375,359.7142857,-12
2021/9/8,367,361.4285714,-8
2021/9/9,351,359.5714286,-16
2021/9/10,361,362.5714286,10
2021/9/11,354,363.5714286,-7
2021/9/12,345,362.8571429,-9
2021/9/13,353,358,8
2021/9/14,345,353.7142857,-8
2021/9/15,366,353.5714286,21
2021/9/16,352,353.7142857,-14
2021/9/17,341,350.8571429,-11
2021/9/18,351,350.4285714,10
2021/9/19,521,375.5714286,170
2021/9/20,505,397.2857143,-16
2021/9/21,499,419.2857143,-6
2021/9/22,485,436.2857143,-14
2021/9/23,520,460.2857143,35
2021/9/24,516,485.2857143,-4
2021/9/25,507,507.5714286,-9
2021/9/26,496,504,-11
2021/9/27,485,501.1428571,-11
2021/9/28,453,494.5714286,-32
2021/9/29,441,488.2857143,-12
2021/9/30,457,479.2857143,16
2021/10/1,359,456.8571429,-98
2021/10/2,346,433.8571429,-13
2021/10/3,355,413.7142857,9
2021/10/4,364,396.4285714,9
2021/10/5,340,380.2857143,-24
2021/10/6,347,366.8571429,7
2021/10/7,350,351.5714286,3
2021/10/8,376,354,26
2021/10/9,387,359.8571429,11
2021/10/10,354,359.7142857,-33
2021/10/11,365,359.8571429,11
2021/10/12,354,361.8571429,-11
2021/10/13,355,363,1
2021/10/14,324,359.2857143,-31
2021/10/15,378,359.5714286,54
2021/10/16,351,354.4285714,-27
2021/10/17,499,375.1428571,148
2021/10/18,478,391.2857143,-21
2021/10/19,493,411.1428571,15
2021/10/20,469,427.4285714,-24
2021/10/21,426,442,-43
2021/10/22,376,441.7142857,-50
2021/10/23,387,446.8571429,11
2021/10/24,354,426.1428571,-33
2021/10/25,365,410,11
2021/10/26,354,390.1428571,-11
2021/10/27,355,373.8571429,1
2021/10/28,324,359.2857143,-31
2021/10/29,378,359.5714286,54
2021/10/30,351,354.4285714,-27
2021/10/31,499,375.1428571,148
2021/11/1,478,391.2857143,-21
2021/11/2,493,411.1428571,15
2021/11/3,323,406.5714286,-170
2021/11/4,356,411.1428571,33
2021/11/5,378,411.1428571,22
2021/11/6,362,412.7142857,-16
2021/11/7,357,392.4285714,-5
2021/11/8,334,371.8571429,-23
2021/11/9,351,351.5714286,17
2021/11/10,325,351.8571429,-26
2021/11/11,352,351.2857143,27
2021/11/12,345,346.5714286,-7
2021/11/13,357,345.8571429,12
2021/11/14,345,344.1428571,-12
2021/11/15,375.1,350.0142857,30.1
2021/11/16,365,352.0142857,-10.1
2021/11/17,354,356.1571429,-11
2021/11/18,364,357.8714286,10
2021/11/19,375,362.1571429,11
2021/11/20,384,366.0142857,9
2021/11/21,378,370.7285714,-6
2021/11/22,376,370.8571429,-2
2021/11/23,387,374,11
2021/11/24,354,374,-33
2021/11/25,365,374.1428571,11
2021/11/26,354,371.1428571,-11
2021/11/27,355,367,1
2021/11/28,324,359.2857143,-31
2021/11/29,378,359.5714286,54
2021/11/30,351,354.4285714,-27
2021/12/1,499,375.1428571,148
2021/12/2,478,391.2857143,-21
2021/12/3,493,411.1428571,15
2021/12/4,469,427.4285714,-24
2021/12/5,426,442,-43
2021/12/6,440,450.8571429,14
2021/12/7,466,467.2857143,26
2021/12/8,454,460.8571429,-12
2021/12/9,505,464.7142857,51
2021/12/10,525,469.2857143,20
2021/12/11,510,475.1428571,-15
2021/12/12,486,483.7142857,-24
2021/12/13,475,488.7142857,-11
2021/12/14,484,491.2857143,9
2021/12/15,460,492.1428571,-24
2021/12/16,520,494.2857143,60
2021/12/17,516,493,-4
2021/12/18,507,492.5714286,-9
2021/12/19,496,494,-11
2021/12/20,485,495.4285714,-11
2021/12/21,453,491,-32
2021/12/22,441,488.2857143,-12
2021/12/23,457,479.2857143,16
2021/12/24,460,471.2857143,3
2021/12/25,550,477.4285714,90
2021/12/26,621,495.2857143,71
2021/12/27,586,509.7142857,-35
2021/12/28,549,523.4285714,-37
2021/12/29,535,536.8571429,-14
2021/12/30,521,546,-14
2021/12/31,505,552.4285714,-16
2022/1/1,499,545.1428571,-6
2022/1/2,485,525.7142857,-14
2022/1/3,491,512.1428571,6
2022/1/4,503,505.5714286,12
2022/1/5,492,499.4285714,-11
2022/1/6,512,498.1428571,20
2022/1/7,498,497.1428571,-14
2022/1/8,509,498.5714286,11
2022/1/9,556,508.7142857,47
2022/1/10,602,524.5714286,46
2022/1/11,622,541.5714286,20
2022/1/12,588,555.2857143,-34
2022/1/13,563,562.5714286,-25
2022/1/14,574,573.4285714,11
2022/1/15,545,578.5714286,-29
2022/1/16,569,580.4285714,24
2022/1/17,541,571.7142857,-28
2022/1/18,580,565.7142857,39
2022/1/19,601,567.5714286,21
2022/1/20,586,570.8571429,-15
2022/1/21,611,576.1428571,25
2022/1/22,577,580.7142857,-34
2022/1/23,564,580,-13
2022/1/24,556,582.1428571,-8
2022/1/25,536,575.8571429,-20
2022/1/26,499,561.2857143,-37
2022/1/27,521,552,22
2022/1/28,515,538.2857143,-6
2022/1/29,502,527.5714286,-13
2022/1/30,512,520.1428571,10
2022/1/31,503,512.5714286,-9
2022/2/1,490,506,-13
2022/2/2,472,502.1428571,-18
2022/2/3,498,498.8571429,26
2022/2/4,485,494.5714286,-13
2022/2/5,477,491,-8
2022/2/6,485,487.1428571,8
2022/2/7,451,479.7142857,-34
2022/2/8,421,469.8571429,-30
2022/2/9,419,462.2857143,-2
2022/2/10,429,452.4285714,10
2022/2/11,431,444.7142857,2
2022/2/12,424,437.1428571,-7
2022/2/13,428,429,4
2022/2/14,419,424.4285714,-9
2022/2/15,412,423.1428571,-7
2022/2/16,410,421.8571429,-2
2022/2/17,402,418,-8
2022/2/18,399,413.4285714,-3
2022/2/19,406,410.8571429,7
2022/2/20,359,401,-47
2022/2/21,346,390.5714286,-13
2022/2/22,355,382.4285714,9
2022/2/23,364,375.8571429,9
2022/2/24,340,367,-24
2022/2/25,347,359.5714286,7
2022/2/26,350,351.5714286,3
2022/2/27,387,355.5714286,37
2022/2/28,375,359.7142857,-12
2022/3/1,367,361.4285714,-8
2022/3/2,351,359.5714286,-16
2022/3/3,361,362.5714286,10
2022/3/4,354,363.5714286,-7
2022/3/5,345,362.8571429,-9
2022/3/6,353,358,8
2022/3/7,345,353.7142857,-8
2022/3/8,366,353.5714286,21
2022/3/9,352,353.7142857,-14
2022/3/10,341,350.8571429,-11
2022/3/11,351,350.4285714,10
2022/3/12,364,353.1428571,13
2022/3/13,349,352.5714286,-15
2022/3/14,353,353.7142857,4
2022/3/15,360,352.8571429,7
2022/3/16,346,352,-14
2022/3/17,339,351.7142857,-7
2022/3/18,325,348,-14
2022/3/19,334,343.7142857,9
2022/3/20,351,344,17
2022/3/21,342,342.4285714,-9
2022/3/22,338,339.2857143,-4
2022/3/23,356,340.7142857,18
2022/3/24,346,341.7142857,-10
2022/3/25,362,347,16
2022/3/26,351,349.4285714,-11
2022/3/27,374,352.7142857,23
2022/3/28,354,354.4285714,-20
2022/3/29,344,355.2857143,-10
2022/3/30,323,350.5714286,-21
2022/3/31,346,350.5714286,23
2022/4/1,385,353.8571429,39
2022/4/2,374,357.1428571,-11
2022/4/3,366,356,-8
2022/4/4,378,359.4285714,12
2022/4/5,389,365.8571429,11
2022/4/6,331,367,-58
2022/4/7,315,362.5714286,-16
2022/4/8,365,359.7142857,50
2022/4/9,356,357.1428571,-9
2022/4/10,370,357.7142857,14
2022/4/11,361,355.2857143,-9
2022/4/12,344,348.8571429,-17
2022/4/13,354,352.1428571,10
2022/4/14,339,355.5714286,-15
2022/4/15,328,350.2857143,-11
2022/4/16,385,354.4285714,57
2022/4/17,346,351,-39
2022/4/18,334,347.1428571,-12
2022/4/19,317,343.2857143,-17
2022/4/20,321,338.5714286,4
2022/4/21,341,338.8571429,20
2022/4/22,366,344.2857143,25
2022/4/23,313,334,-53
2022/4/24,320,330.2857143,7
2022/4/25,298,325.1428571,-22
2022/4/26,305,323.4285714,7
2022/4/27,324,323.8571429,19
2022/4/28,303,318.4285714,-21
2022/4/29,298,308.7142857,-5
2022/4/30,338,312.2857143,40
2022/5/1,315,311.5714286,-23
2022/5/2,295,311.1428571,-20
2022/5/3,287,308.5714286,-8
2022/5/4,301,305.2857143,14
2022/5/5,317,307.2857143,16
2022/5/6,304,308.1428571,-13
2022/5/7,314,304.7142857,10
2022/5/8,287,300.7142857,-27
2022/5/9,278,298.2857143,-9
2022/5/10,286,298.1428571,8
2022/5/11,276,294.5714286,-10
2022/5/12,282,289.5714286,6
2022/5/13,269,284.5714286,-13
2022/5/14,294,281.7142857,25
2022/5/15,285,281.4285714,-9
2022/5/16,256,278.2857143,-29
2022/5/17,232,270.5714286,-24
2022/5/18,222,262.8571429,-10
2022/5/19,246,257.7142857,24
2022/5/20,249,254.8571429,3
2022/5/21,235,246.4285714,-14
2022/5/22,248,241.1428571,13
2022/5/23,234,238,-14
2022/5/24,210,234.8571429,-24
2022/5/25,267,241.2857143,57
2022/5/26,235,239.7142857,-32
2022/5/27,249,239.7142857,14
2022/5/28,227,238.5714286,-22
2022/5/29,215,233.8571429,-12
2022/5/30,163,223.7142857,-52
2022/5/31,204,222.8571429,41
2022/6/1,152,206.4285714,-52
2022/6/2,150,194.2857143,-2
2022/6/3,155,180.8571429,5
2022/6/4,178,173.8571429,23
2022/6/5,185,169.5714286,7
2022/6/6,194,174,9
2022/6/7,163,168.1428571,-31
2022/6/8,166,170.1428571,3
2022/6/9,172,173.2857143,6
2022/6/10,124,168.8571429,-48
2022/6/11,150,164.8571429,26
2022/6/12,126,156.4285714,-24
2022/6/13,138,148.4285714,12
2022/6/14,153,147,15
2022/6/15,159,146,6
2022/6/16,140,141.4285714,-19
2022/6/17,152,145.4285714,12
2022/6/18,103,138.7142857,-49
2022/6/19,124,138.4285714,21
2022/6/20,128,137,4
2022/6/21,135,134.4285714,7
2022/6/22,143,132.1428571,8
2022/6/23,145,132.8571429,2
2022/6/24,122,128.5714286,-23
2022/6/25,136,133.2857143,14
2022/6/26,124,133.2857143,-12
2022/6/27,145,135.7142857,21
2022/6/28,121,133.7142857,-24
2022/6/29,130,131.8571429,9
2022/6/30,141,131.2857143,11
2022/7/1,126,131.8571429,-15
2022/7/2,143,132.8571429,17
2022/7/3,139,135,-4
2022/7/4,121,131.5714286,-18
2022/7/5,135,133.5714286,14
2022/7/6,126,133,-9
2022/7/7,134,132,8
2022/7/8,141,134.1428571,7
2022/7/9,125,131.5714286,-16
2022/7/10,143,132.1428571,18
2022/7/11,161,137.8571429,18
2022/7/12,150,140,-11
2022/7/13,162,145.1428571,12
2022/7/14,168,150,6
2022/7/15,171,154.2857143,3
2022/7/16,163,159.7142857,-8
2022/7/17,145,160,-18
2022/7/18,152,158.7142857,7
2022/7/19,158,159.8571429,6
2022/7/20,150,158.1428571,-8
2022/7/21,178,159.5714286,28
2022/7/22,147,156.1428571,-31
2022/7/23,158,155.4285714,11
2022/7/24,166,158.4285714,8
2022/7/25,175,161.7142857,9
2022/7/26,167,163,-8
2022/7/27,188,168.4285714,21
2022/7/28,149,164.2857143,-39
2022/7/29,151,164.8571429,2
2022/7/30,132,161.1428571,-19
2022/7/31,145,158.1428571,13
2022/8/1,157,155.5714286,12
2022/8/2,143,152.1428571,-14
2022/8/3,140,145.2857143,-3
2022/8/4,146,144.8571429,6
2022/8/5,145,144,-1
2022/8/6,153,147,8
2022/8/7,146,147.1428571,-7
2022/8/8,142,145,-4
2022/8/9,152,146.2857143,10
2022/8/10,161,149.2857143,9
2022/8/11,136,147.8571429,-25
2022/8/12,196,155.1428571,60
2022/8/13,117,150,-79
2022/8/14,113,145.2857143,-4
2022/8/15,107,140.2857143,-6
2022/8/16,111,134.4285714,4
2022/8/17,108,126.8571429,-3
2022/8/18,125,125.2857143,17
2022/8/19,78,108.4285714,-47
2022/8/20,103,106.4285714,25
2022/8/21,121,107.5714286,18
2022/8/22,139,112.1428571,18
2022/8/23,126,114.2857143,-13
2022/8/24,134,118,8
2022/8/25,138,119.8571429,4
2022/8/26,107,124,-31
2022/8/27,102,123.8571429,-5
2022/8/28,111,122.4285714,9
2022/8/29,71,112.7142857,-40
2022/8/30,93,108,22
2022/8/31,87,101.2857143,-6
2022/9/1,98,95.57142857,11
2022/9/2,103,95,5
2022/9/3,95,94,-8
2022/9/4,102,92.71428571,7
2022/9/5,92,95.71428571,-10
2022/9/6,131,101.1428571,39
2022/9/7,146,109.5714286,15
2022/9/8,112,111.5714286,-34
2022/9/9,135,116.1428571,23
2022/9/10,128,120.8571429,-7
2022/9/11,119,123.2857143,-9
2022/9/12,126,128.1428571,7
2022/9/13,118,126.2857143,-8
2022/9/14,89,118.1428571,-29
2022/9/15,70,112.1428571,-19
2022/9/16,81,104.4285714,11
2022/9/17,92,99.28571429,11
2022/9/18,102,96.85714286,10
2022/9/19,94,92.28571429,-8
2022/9/20,98,89.42857143,4
2022/9/21,82,88.42857143,-16
2022/9/22,71,88.57142857,-11
2022/9/23,75,87.71428571,4
2022/9/24,89,87.28571429,14
2022/9/25,97,86.57142857,8
2022/9/26,106,88.28571429,9
2022/9/27,131,93,25
2022/9/28,107,96.57142857,-24
2022/9/29,159,109.1428571,52
2022/9/30,157,120.8571429,-2
2022/10/1,162,131.2857143,5
2022/10/2,78,128.5714286,-84
2022/10/3,95,127,17
2022/10/4,103,123,8
2022/10/5,83,119.5714286,-20
2022/10/6,94,110.2857143,11
2022/10/7,102,102.4285714,8
2022/10/8,73,89.71428571,-29
2022/10/9,94,92,21
2022/10/10,77,89.42857143,-17
2022/10/11,85,86.85714286,8
2022/10/12,98,89,13
2022/10/13,84,87.57142857,-14
2022/10/14,75,83.71428571,-9
2022/10/15,121,90.57142857,46
2022/10/16,105,92.14285714,-16
2022/10/17,89,93.85714286,-16
2022/10/18,77,92.71428571,-12
2022/10/19,95,92.28571429,18
2022/10/20,104,95.14285714,9
2022/10/21,108,99.85714286,4
2022/10/22,85,94.71428571,-23
2022/10/23,70,89.71428571,-15
2022/10/24,47,83.71428571,-23
2022/10/25,69,82.57142857,22
2022/10/26,102,83.57142857,33
2022/10/27,97,82.57142857,-5
2022/10/28,69,77,-28
2022/10/29,77,75.85714286,8
2022/10/30,83,77.71428571,6
2022/10/31,71,81.14285714,-12
2022/11/1,103,86,32
2022/11/2,97,85.28571429,-6
2022/11/3,110,87.14285714,13
2022/11/4,116,93.85714286,6
2022/11/5,93,96.14285714,-23
2022/11/6,89,97,-4
2022/11/7,95,100.4285714,6
2022/11/8,96,99.42857143,1
2022/11/9,95,99.14285714,-1
2022/11/10,103,98.14285714,8
2022/11/11,98,95.57142857,-5
2022/11/12,106,97.42857143,8
2022/11/13,91,97.71428571,-15
2022/11/14,77,95.14285714,-14
2022/11/15,86,93.71428571,9
2022/11/16,82,91.85714286,-4
2022/11/17,83,89,1
2022/11/18,91,88,8
2022/11/19,86,85.14285714,-5
2022/11/20,93,85.42857143,7
2022/11/21,101,88.85714286,8
2022/11/22,89,89.28571429,-12
2022/11/23,92,90.71428571,3
2022/11/24,107,94.14285714,15
2022/11/25,92,94.28571429,-15
2022/11/26,95,95.57142857,3
2022/11/27,89,95,-6
2022/11/28,106,95.71428571,17
2022/11/29,101,97.42857143,-5
2022/11/30,98,98.28571429,-3
2022/12/1,121,100.2857143,23
2022/12/2,124,104.8571429,3
2022/12/3,130,109.8571429,6
2022/12/4,121,114.4285714,-9
2022/12/5,125,117.1428571,4
2022/12/6,132,121.5714286,7
2022/12/7,127,125.7142857,-5
2022/12/8,132,127.2857143,5
2022/12/9,124,127.2857143,-8
2022/12/10,147,129.7142857,23
2022/12/11,173,137.1428571,26
2022/12/12,154,141.2857143,-19
2022/12/13,163,145.7142857,9
2022/12/14,156,149.8571429,-7
2022/12/15,147,152,-9
2022/12/16,135,153.5714286,-12
2022/12/17,125,150.4285714,-10
2022/12/18,131,144.4285714,6
2022/12/19,126,140.4285714,-5
2022/12/20,122,134.5714286,-4
2022/12/21,145,133,23
2022/12/22,132,130.8571429,-13
2022/12/23,142,131.8571429,10
2022/12/24,123,131.5714286,-19
2022/12/25,135,132.1428571,12
2022/12/26,123,131.7142857,-12
2022/12/27,128,132.5714286,5
2022/12/28,138,131.5714286,10
2022/12/29,125,130.5714286,-13
2022/12/30,163,133.5714286,38
2022/12/31,170,140.2857143,7
2023/1/1,176,146.1428571,6
2023/1/2,185,155,9
2023/1/3,199,165.1428571,14
2023/1/4,167,169.2857143,-32
2023/1/5,181,177.2857143,14
2023/1/6,165,177.5714286,-16
2023/1/7,157,175.7142857,-8
2023/1/8,160,173.4285714,3
2023/1/9,153,168.8571429,-7
2023/1/10,148,161.5714286,-5
2023/1/11,167,161.5714286,19
2023/1/12,174,160.5714286,7
2023/1/13,162,160.1428571,-12
2023/1/14,121,155,-41
2023/1/15,135,151.4285714,14
2023/1/16,140,149.5714286,5
2023/1/17,131,147.1428571,-9
2023/1/18,115,139.7142857,-16
2023/1/19,125,132.7142857,10
2023/1/20,112,125.5714286,-13
2023/1/21,121,125.5714286,9
2023/1/22,109,121.8571429,-12
2023/1/23,113,118,4
2023/1/24,125,117.1428571,12
2023/1/25,115,117.1428571,-10
2023/1/26,137,118.8571429,22
2023/1/27,120,120,-17
2023/1/28,121,120,1
2023/1/29,108,119.8571429,-13
2023/1/30,136,123.1428571,28
2023/1/31,127,123.4285714,-9
2023/2/1,144,127.5714286,17
2023/2/2,134,127.1428571,-10
2023/2/3,128,128.2857143,-6
2023/2/4,135,130.2857143,7
2023/2/5,127,133,-8
2023/2/6,118,130.4285714,-9
2023/2/7,121,129.5714286,3
2023/2/8,129,127.4285714,8
2023/2/9,116,124.8571429,-13
2023/2/10,132,125.4285714,16
2023/2/11,125,124,-7
2023/2/12,131,124.5714286,6
2023/2/13,81,119.2857143,-50
2023/2/14,86,114.2857143,5
2023/2/15,95,109.4285714,9
2023/2/16,107,108.1428571,12
2023/2/17,115,105.7142857,8
2023/2/18,103,102.5714286,-12
2023/2/19,106,99,3
2023/2/20,120,104.5714286,14
2023/2/21,128,110.5714286,8
2023/2/22,115,113.4285714,-13
2023/2/23,82,109.8571429,-33
2023/2/24,97,107.2857143,15
2023/2/25,113,108.7142857,16
2023/2/26,125,111.4285714,12
2023/2/27,112,110.2857143,-13
2023/2/28,96,105.7142857,-16
2023/3/1,89,102,-7
2023/3/2,79,101.5714286,-10
2023/3/3,96,101.4285714,17
2023/3/4,103,100,7
2023/3/5,115,98.57142857,12
2023/3/6,108,98,-7
2023/3/7,114,100.5714286,6
2023/3/8,111,103.7142857,-3
2023/3/9,133,111.4285714,22
2023/3/10,122,115.1428571,-11
2023/3/11,129,118.8571429,7
2023/3/12,137,122,8
2023/3/13,124,124.2857143,-13
2023/3/14,112,124,-12
2023/3/15,131,126.8571429,19
2023/3/16,145,128.5714286,14
2023/3/17,108,126.5714286,-37
2023/3/18,105,123.1428571,-3
2023/3/19,120,120.7142857,15
2023/3/20,114,119.2857143,-6
2023/3/21,131,122,17
2023/3/22,147,124.2857143,16
2023/3/23,135,122.8571429,-12
2023/3/24,113,123.5714286,-22
2023/3/25,122,126,9
2023/3/26,128,127.1428571,6
2023/3/27,127,129,-1
2023/3/28,133,129.2857143,6
2023/3/29,126,126.2857143,-7
2023/3/30,135,126.2857143,9
2023/3/31,123,127.7142857,-12
2023/4/1,127,128.4285714,4
2023/4/2,135,129.4285714,8
2023/4/3,110,127,-25
2023/4/4,128,126.2857143,18
2023/4/5,115,124.7142857,-13
2023/4/6,122,122.8571429,7
2023/4/7,134,124.4285714,12
2023/4/8,121,123.5714286,-13
2023/4/9,126,122.2857143,5
2023/4/10,114,122.8571429,-12
2023/4/11,121,121.8571429,7
2023/4/12,96,119.1428571,-25
2023/4/13,113,117.8571429,17
2023/4/14,105,113.7142857,-8
2023/4/15,95,110,-10
2023/4/16,102,106.5714286,7
2023/4/17,89,103,-13
2023/4/18,110,101.4285714,21
2023/4/19,98,101.7142857,-12
2023/4/20,105,100.5714286,7
2023/4/21,117,102.2857143,12
2023/4/22,124,106.4285714,7
2023/4/23,107,107.1428571,-17
2023/4/24,113,110.5714286,6
2023/4/25,106,110,-7
2023/4/26,91,109,-15
2023/4/27,102,108.5714286,11
2023/4/28,100,106.1428571,-2
2023/4/29,105,103.4285714,5
2023/4/30,96,101.8571429,-9
2023/5/1,106,100.8571429,10
2023/5/2,102,100.2857143,-4
2023/5/3,98,101.2857143,-4
2023/5/4,96,100.4285714,-2
2023/5/5,95,99.71428571,-1
2023/5/6,119,101.7142857,24
2023/5/7,105,103,-14
2023/5/8,121,105.1428571,16
2023/5/9,124,108.2857143,3
2023/5/10,121,111.5714286,-3
2023/5/11,110,113.5714286,-11
2023/5/12,124,117.7142857,14
2023/5/13,118,117.5714286,-6
2023/5/14,157,125,39
2023/5/15,141,127.8571429,-16
2023/5/16,155,132.2857143,14
2023/5/17,140,135,-15
2023/5/18,138,139,-2
2023/5/19,148,142.4285714,10
2023/5/20,107,140.8571429,-41
2023/5/21,113,134.5714286,6
2023/5/22,100,128.7142857,-13
2023/5/23,117,123.2857143,17
2023/5/24,122,120.7142857,5
2023/5/25,124,118.7142857,2
2023/5/26,107,112.8571429,-17
2023/5/27,102,112.1428571,-5
2023/5/28,105,111,3
2023/5/29,115,113.1428571,10
2023/5/30,125,114.2857143,10
2023/5/31,131,115.5714286,6
2023/6/1,140,117.8571429,9
2023/6/2,135,121.8571429,-5
2023/6/3,131,126,-4
2023/6/4,128,129.2857143,-3
2023/6/5,101,127.2857143,-27
2023/6/6,106,124.5714286,5
2023/6/7,99,120,-7
2023/6/8,108,115.4285714,9
2023/6/9,101,110.5714286,-7
2023/6/10,105,106.8571429,4
2023/6/11,112,104.5714286,7
2023/6/12,57,98.28571429,-55
2023/6/13,88,95.71428571,31
2023/6/14,90,94.42857143,2
2023/6/15,43,85.14285714,-47
2023/6/16,70,80.71428571,27
2023/6/17,71,75.85714286,1
2023/6/18,50,67,-21
2023/6/19,85,71,35
2023/6/20,40,64.14285714,-45
2023/6/21,54,59,14
2023/6/22,61,61.57142857,7
2023/6/23,97,65.42857143,36
2023/6/24,47,62,-50
2023/6/25,45,61.28571429,-2
2023/6/26,56,57.14285714,11
2023/6/27,75,62.14285714,19
2023/6/28,63,63.42857143,-12
2023/6/29,59,63.14285714,-4
2023/6/30,78,60.42857143,19
2023/7/1,81,65.28571429,3
2023/7/2,71,69,-10
2023/7/3,80,72.42857143,9
2023/7/4,85,73.85714286,5
2023/7/5,92,78,7
2023/7/6,59,78,-33
2023/7/7,66,76.28571429,7
2023/7/8,75,75.42857143,9
2023/7/9,58,73.57142857,-17
2023/7/10,83,74,25
2023/7/11,74,72.42857143,-9
2023/7/12,82,71,8
2023/7/13,75,73.28571429,-7
2023/7/14,68,73.57142857,-7
2023/7/15,71,73,3
2023/7/16,64,73.85714286,-7
2023/7/17,47,68.71428571,-17
2023/7/18,71,68.28571429,24
2023/7/19,63,65.57142857,-8
2023/7/20,73,65.28571429,10
2023/7/21,82,67.28571429,9
2023/7/22,68,66.85714286,-14
2023/7/23,73,68.14285714,5
2023/7/24,74,72,1
2023/7/25,79,73.14285714,5
2023/7/26,85,76.28571429,6
2023/7/27,89,78.57142857,4
2023/7/28,84,78.85714286,-5
2023/7/29,91,82.14285714,7
2023/7/30,108,87.14285714,17
2023/7/31,95,90.14285714,-13
2023/8/1,93,92.14285714,-2
2023/8/2,99,94.14285714,6
2023/8/3,101,95.85714286,2
2023/8/4,92,97,-9
2023/8/5,91,97,-1
2023/8/6,85,93.71428571,-6
2023/8/7,96,93.85714286,11
2023/8/8,96,94.28571429,0
2023/8/9,84,92.14285714,-12
2023/8/10,101,92.14285714,17
2023/8/11,105,94,4
2023/8/12,97,94.85714286,-8
2023/8/13,89,95.42857143,-8
2023/8/14,105,96.71428571,16
2023/8/15,102,97.57142857,-3
2023/8/16,85,97.71428571,-17
2023/8/17,83,95.14285714,-2
2023/8/18,82,91.85714286,-1
2023/8/19,95,91.57142857,13
2023/8/20,87,91.28571429,-8
2023/8/21,91,89.28571429,4
2023/8/22,86,87,-5
2023/8/23,93,88.14285714,7
2023/8/24,83,88.14285714,-10
2023/8/25,69,86.28571429,-14
2023/8/26,70,82.71428571,1
2023/8/27,82,82,12
2023/8/28,88,81.57142857,6
2023/8/29,77,80.28571429,-11
2023/8/30,89,79.71428571,12
2023/8/31,64,77,-25
2023/9/1,82,78.85714286,18
2023/9/2,71,79,-11
2023/9/3,101,81.71428571,30
2023/9/4,107,84.42857143,6
2023/9/5,94,86.85714286,-13
2023/9/6,86,86.42857143,-8
2023/9/7,105,92.28571429,19
2023/9/8,93,93.85714286,-12
2023/9/9,87,96.14285714,-6
2023/9/10,84,93.71428571,-3
2023/9/11,86,90.71428571,2
2023/9/12,73,87.71428571,-13
2023/9/13,63,84.42857143,-10
2023/9/14,68,79.14285714,5
2023/9/15,101,80.28571429,33
2023/9/16,75,78.57142857,-26
2023/9/17,76,77.42857143,1
2023/9/18,69,75,-7
2023/9/19,70,74.57142857,1
2023/9/20,81,77.14285714,11
2023/9/21,76,78.28571429,-5
2023/9/22,81,75.42857143,5
2023/9/23,86,77,5
2023/9/24,90,79,4
2023/9/25,70,79.14285714,-20
2023/9/26,81,80.71428571,11
2023/9/27,70,79.14285714,-11
2023/9/28,78,79.42857143,8
2023/9/29,85,80,7
2023/9/30,89,80.42857143,4
2023/10/1,85,79.71428571,-4
2023/10/2,80,81.14285714,-5
2023/10/3,85,81.71428571,5
2023/10/4,89,84.42857143,4
2023/10/5,84,85.28571429,-5
2023/10/6,97,87,13
2023/10/7,89,87,-8
2023/10/8,94,88.28571429,5
2023/10/9,87,89.28571429,-7
2023/10/10,113,93.28571429,26
2023/10/11,108,96,-5
2023/10/12,115,100.4285714,7
2023/10/13,98,100.5714286,-17
2023/10/14,103,102.5714286,5
2023/10/15,110,104.8571429,7
2023/10/16,120,109.5714286,10
2023/10/17,108,108.8571429,-12
2023/10/18,124,111.1428571,16
2023/10/19,119,111.7142857,-5
2023/10/20,116,114.2857143,-3
2023/10/21,120,116.7142857,4
2023/10/22,125,118.8571429,5
2023/10/23,108,117.1428571,-17
2023/10/24,115,118.1428571,7
2023/10/25,107,115.7142857,-8
2023/10/26,101,113.1428571,-6
2023/10/27,99,110.7142857,-2
2023/10/28,84,105.5714286,-15
2023/10/29,95,101.2857143,11
2023/10/30,101,100.2857143,6
2023/10/31,92,97,-9
2023/11/1,125,99.57142857,33
2023/11/2,114,101.4285714,-11
2023/11/3,108,102.7142857,-6
2023/11/4,106,105.8571429,-2
2023/11/5,110,108,4
2023/11/6,89,106.2857143,-21
2023/11/7,96,106.8571429,7
2023/11/8,112,105,16
2023/11/9,108,104.1428571,-4
2023/11/10,68,98.42857143,-40
2023/11/11,72,93.57142857,4
2023/11/12,89,90.57142857,17
2023/11/13,86,90.14285714,-3
2023/11/14,95,90,9
2023/11/15,103,88.71428571,8
2023/11/16,116,89.85714286,13
2023/11/17,105,95.14285714,-11
2023/11/18,78,96,-27
2023/11/19,62,92.14285714,-16
2023/11/20,81,91.42857143,19
2023/11/21,75,88.57142857,-6
2023/11/22,85,86,10
2023/11/23,91,82.42857143,6
2023/11/24,105,82.42857143,14
2023/11/25,98,85.28571429,-7
2023/11/26,102,91,4
2023/11/27,99,93.57142857,-3
2023/11/28,95,96.42857143,-4
2023/11/29,40,90,-55
2023/11/30,57,85.14285714,17
2023/12/1,78,81.28571429,21
2023/12/2,64,76.42857143,-14
2023/12/3,75,72.57142857,11
2023/12/4,84,70.42857143,9
2023/12/5,66,66.28571429,-18
2023/12/6,58,68.85714286,-8
2023/12/7,61,69.42857143,3
2023/12/8,33,63,-28
2023/12/9,56,61.85714286,23
2023/12/10,44,57.42857143,-12
2023/12/11,52,52.85714286,8
2023/12/12,48,50.28571429,-4
2023/12/13,46,48.57142857,-2
2023/12/14,62,48.71428571,16
2023/12/15,41,49.85714286,-21
2023/12/16,51,49.14285714,10
2023/12/17,56,50.85714286,5
2023/12/18,75,54.14285714,19
2023/12/19,43,53.42857143,-32
2023/12/20,49,53.85714286,6
2023/12/21,52,52.42857143,3
2023/12/22,44,52.85714286,-8
2023/12/23,45,52,1
2023/12/24,41,49.85714286,-4
2023/12/25,48,46,7
2023/12/26,52,47.28571429,4
2023/12/27,45,46.71428571,-7
2023/12/28,42,45.28571429,-3
2023/12/29,38,44.42857143,-4
2023/12/30,37,43.28571429,-1
2023/12/31,40,43.14285714,3
2024/1/1,38,41.71428571,-2
2024/1/2,40,40,2
2024/1/3,35,38.57142857,-5
2024/1/4,31,37,-4
2024/1/5,28,35.57142857,-3
2024/1/6,35,35.28571429,7
2024/1/7,38,35,3
2024/1/8,26,33.28571429,-12
2024/1/9,23,30.85714286,-3
2024/1/10,38,31.28571429,15
2024/1/11,45,33.28571429,7
2024/1/12,37,34.57142857,-8
2024/1/13,34,34.42857143,-3
2024/1/14,48,35.85714286,14
2024/1/15,45,38.57142857,-3
2024/1/16,41,41.14285714,-4
2024/1/17,48,42.57142857,7
2024/1/18,45,42.57142857,-3
2024/1/19,52,44.71428571,7
2024/1/20,47,46.57142857,-5
2024/1/21,51,47,4
2024/1/22,44,46.85714286,-7
2024/1/23,46,47.57142857,2
2024/1/24,48,47.57142857,2
2024/1/25,56,49.14285714,8
2024/1/26,50,48.85714286,-6
2024/1/27,45,48.57142857,-5
2024/1/28,51,48.57142857,6
2024/1/29,44,48.57142857,-7
2024/1/30,41,47.85714286,-3
2024/1/31,48,47.85714286,7
2024/2/1,43,46,-5
2024/2/2,39,44.42857143,-4
2024/2/3,41,43.85714286,2
2024/2/4,46,43.14285714,5
2024/2/5,42,42.85714286,-4
2024/2/6,45,43.42857143,3
2024/2/7,47,43.28571429,2
2024/2/8,42,43.14285714,-5
2024/2/9,45,44,3
2024/2/10,43,44.28571429,-2
2024/2/11,46,44.28571429,3
2024/2/12,45,44.71428571,-1
2024/2/13,48,45.14285714,3
2024/2/14,42,44.42857143,-6
2024/2/15,43,44.57142857,1
2024/2/16,63,47.14285714,20
2024/2/17,50,48.14285714,-13
2024/2/18,40,47.28571429,-10
2024/2/19,46,47.42857143,6
2024/2/20,43,46.71428571,-3
2024/2/21,56,48.71428571,13
2024/2/22,64,51.71428571,8
2024/2/23,60,51.28571429,-4
2024/2/24,74,54.71428571,14
2024/2/25,61,57.71428571,-13
2024/2/26,65,60.42857143,4
2024/2/27,58,62.57142857,-7
2024/2/28,67,64.14285714,9
2024/2/29,63,64,-4
2024/3/1,59,63.85714286,-4
2024/3/2,60,61.85714286,1
2024/3/3,59,61.57142857,-1
2024/3/4,77,63.28571429,18
2024/3/5,65,64.28571429,-12
2024/3/6,75,65.42857143,10
2024/3/7,80,67.85714286,5
2024/3/8,71,69.57142857,-9
2024/3/9,73,71.42857143,2
2024/3/10,68,72.71428571,-5
2024/3/11,75,72.42857143,7
2024/3/12,77,74.14285714,2
2024/3/13,78,74.57142857,1
2024/3/14,83,75,5
2024/3/15,88,77.42857143,5
2024/3/16,85,79.14285714,-3
2024/3/17,78,80.57142857,-7
2024/3/18,105,84.85714286,27
2024/3/19,95,87.42857143,-10
2024/3/20,89,89,-6
2024/3/21,114,93.42857143,25
2024/3/22,99,95,-15
2024/3/23,94,96.28571429,-5
2024/3/24,106,100.2857143,12
2024/3/25,108,100.7142857,2
2024/3/26,98,101.1428571,-10
2024/3/27,115,104.8571429,17
2024/3/28,108,104,-7
2024/3/29,102,104.4285714,-6
2024/3/30,117,107.7142857,15
2024/3/31,110,108.2857143,-7
2024/4/1,109,108.4285714,-1
2024/4/2,101,108.8571429,-8
2024/4/3,112,108.4285714,11
2024/4/4,98,107,-14
2024/4/5,95,106,-3
2024/4/6,129,107.7142857,34
2024/4/7,117,108.7142857,-12
2024/4/8,123,110.7142857,6
2024/4/9,152,118,29
2024/4/10,144,122.5714286,-8
2024/4/11,135,127.8571429,-9
2024/4/12,139,134.1428571,4
2024/4/13,132,134.5714286,-7
2024/4/14,125,135.7142857,-7
2024/4/15,130,136.7142857,5
2024/4/16,122,132.4285714,-8
2024/4/17,140,131.8571429,18
2024/4/18,136,132,-4
2024/4/19,142,132.4285714,6
2024/4/20,159,136.2857143,17
2024/4/21,140,138.4285714,-19
2024/4/22,128,138.1428571,-12
2024/4/23,131,139.4285714,3
2024/4/24,120,136.5714286,-11
2024/4/25,128,135.4285714,8
2024/4/26,147,136.1428571,19
2024/4/27,135,132.7142857,-12
2024/4/28,128,131,-7
2024/4/29,119,129.7142857,-9
2024/4/30,131,129.7142857,12
2024/5/1,140,132.5714286,9
2024/5/2,135,133.5714286,-5
2024/5/3,129,131,-6
2024/5/4,133,130.7142857,4
2024/5/5,135,131.7142857,2
2024/5/6,177,140,42
2024/5/7,159,144,-18
2024/5/8,143,144.4285714,-16
2024/5/9,135,144.4285714,-8
2024/5/10,126,144,-9
2024/5/11,130,143.5714286,4
2024/5/12,145,145,15
2024/5/13,112,135.7142857,-33
2024/5/14,124,130.7142857,12
2024/5/15,135,129.5714286,11
2024/5/16,121,127.5714286,-14
2024/5/17,130,128.1428571,9
2024/5/18,135,128.8571429,5
2024/5/19,129,126.5714286,-6
2024/5/20,136,130,7
2024/5/21,126,130.2857143,-10
2024/5/22,115,127.4285714,-11
2024/5/23,121,127.4285714,6
2024/5/24,128,127.1428571,7
2024/5/25,115,124.2857143,-13
2024/5/26,109,121.4285714,-6
2024/5/27,112,118,3
2024/5/28,120,117.1428571,8
2024/5/29,129,119.1428571,9
2024/5/30,125,119.7142857,-4
2024/5/31,131,120.1428571,6
