Date,NH3NMBR,highfreq,upper_threshold,lower_threshold,trend_aware_flag
2021/1/1,4.54,-0.468165759,1.610662379,-0.682761746,0
2021/1/2,4.65,-0.162025731,1.61249377,-0.695773137,0
2021/1/3,4.56,-0.082557845,1.619728205,-0.702170934,0
2021/1/4,4.45,-0.04862835,1.630897454,-0.710669393,0
2021/1/5,4.31,-0.069103494,1.645381174,-0.720078216,0
2021/1/6,4.54,0.257150474,1.657032768,-0.727975065,0
2021/1/7,4.64,0.431267305,1.684135141,-0.759820312,0
2021/1/8,4.51,0.354380751,1.710512714,-0.791278614,0
2021/1/9,4.23,0.107624563,1.6929982,-0.88017542,0
2021/1/10,4.21,0.102132494,1.673404394,-0.967962163,0
2021/1/11,4.31,0.199038293,1.711982237,-1.004260599,0
2021/1/12,4.21,0.079475714,1.768955931,-1.018973828,0
2021/1/13,4.7,0.534578507,1.878558656,-0.979239739,0
2021/1/14,4.5,0.285480423,1.992350852,-0.941742263,0
2021/1/15,4.4,0.123315215,2.053959002,-0.9572565,0
2021/1/16,4.6,0.249216633,2.121169514,-0.975761645,0
2021/1/17,4.54,0.104318429,2.179237571,-1.003409245,0
2021/1/18,4.32,-0.210245645,2.217772363,-1.02398164,0
2021/1/19,4.35,-0.283341838,2.256307156,-1.044554035,0
2021/1/20,4.2,-0.543836399,2.287237234,-1.05599537,0
2021/1/21,4.1,-0.760595576,2.329524318,-1.078570984,0
2021/1/22,4.35,-0.530774903,2.365411383,-1.102801014,0
2021/1/23,4.12,-0.865563506,2.418895043,-1.134707024,0
2021/1/24,4.01,-1.199921026,2.451907859,-1.187083878,1
2021/1/25,4.21,-1.20563419,2.510533638,-1.258527677,0
2021/1/26,4.5,-1.080615646,2.589957296,-1.300929225,0
2021/1/27,6.2,0.454593569,2.658943289,-1.337758464,0
2021/1/28,7.9,1.998306645,2.727929282,-1.374587703,0
2021/1/29,7.8,1.769611676,2.687241205,-1.521091012,0
2021/1/30,6.5,0.365707055,2.664957073,-1.649190376,0
2021/1/31,6.4,0.173864479,2.620358422,-1.721407404,0
2021/2/1,7.5,1.199408351,2.547262229,-1.794503597,0
2021/2/2,6.3,-0.056371133,2.470996028,-1.800780007,0
2021/2/3,6.1,-0.313978359,2.324778079,-1.851735589,0
2021/2/4,6.7,0.26263275,2.149654445,-1.87943115,0
2021/2/5,6.5,0.053302936,2.019035197,-1.809698044,0
2021/2/6,6.3,-0.147641258,1.888415949,-1.739964938,0
2021/2/7,5.9,-0.520507876,1.7577967,-1.670231832,0
2021/2/8,5.8,-0.557179196,1.627177452,-1.600498726,0
2021/2/9,5.55,-0.672934683,1.496558204,-1.530765621,0
2021/2/10,8.5,2.474988438,1.365938956,-1.461032515,1
2021/2/11,9.3,3.464080457,1.286299964,-1.418516008,1
2021/2/12,7.7,1.994500633,1.166594171,-1.421193396,1
2021/2/13,4.31,-1.254811292,1.119344317,-1.416277542,0
2021/2/14,4.21,-1.166064401,1.085335006,-1.398121145,0
2021/2/15,4.7,-0.533748418,1.122069065,-1.41773219,0
2021/2/16,4.5,-0.599390462,1.158803123,-1.437343236,0
2021/2/17,4.4,-0.605431302,1.195537182,-1.456954281,0
2021/2/18,4.6,-0.398090231,1.232271241,-1.476565326,0
2021/2/19,4.54,-0.477098477,1.269005299,-1.496176371,0
2021/2/20,4.32,-0.69736245,1.305739358,-1.515787417,0
2021/2/21,4.35,-0.673769798,1.344166554,-1.53630237,0
2021/2/22,4.2,-0.889174048,1.382678552,-1.556862596,0
2021/2/23,4.1,-0.923634539,1.42119055,-1.577422821,0
2021/2/24,4.35,-0.602632314,1.516352489,-1.541333106,0
2021/2/25,4.12,-0.870753523,1.554864486,-1.561893331,0
2021/2/26,4.01,-1.053265413,1.499992484,-1.619492453,0
2021/2/27,4.21,-0.939818055,1.43612838,-1.686083677,0
2021/2/28,4.5,-0.73831668,1.466314238,-1.702198864,0
2021/3/1,6.2,0.863925128,1.604462154,-1.675265202,0
2021/3/2,7.9,2.474340504,1.756674163,-1.669632548,1
2021/3/3,7.8,2.19750469,1.896595059,-1.676291007,1
2021/3/4,6.5,0.647157817,2.020849695,-1.696018681,0
2021/3/5,6.4,0.30884899,2.114633823,-1.746086788,0
2021/3/6,7.5,1.286170863,2.178032245,-1.826540601,0
2021/3/7,6.3,-0.02917492,2.271816374,-1.876608709,0
2021/3/8,6.1,-0.362531524,2.395986208,-1.89629111,0
2021/3/9,6.7,0.157447533,2.529592755,-1.906536799,0
2021/3/10,6.5,-0.129955932,2.782540459,-1.79744133,0
2021/3/11,6.3,-0.432739648,2.921328684,-1.758931415,0
2021/3/12,5.9,-0.967742921,2.949485451,-1.766139749,0
2021/3/13,5.8,-1.174881976,2.993741308,-1.721883892,0
2021/3/14,5.55,-1.516273398,3.04516589,-1.670459309,0
2021/3/15,8.5,1.346238056,3.061404604,-1.618855495,0
2021/3/16,9.3,2.070770103,3.005347735,-1.573355105,0
2021/3/17,7.7,0.4209839,2.901325658,-1.533394874,0
2021/3/18,7.1,-0.203367948,2.802721663,-1.480753607,0
2021/3/19,6.9,-0.402353942,2.704117669,-1.428112339,0
2021/3/20,6.7,-0.5849976,2.566218767,-1.41476598,0
2021/3/21,6.48,-0.764489725,2.416190191,-1.413549295,0
2021/3/22,6.51,-0.728542694,2.273330339,-1.405163886,0
2021/3/23,7.6,0.293304245,2.169625773,-1.35762319,0
2021/3/24,7.5,0.120207688,2.071021779,-1.304981923,0
2021/3/25,7.2,-0.12485536,1.941212235,-1.283546205,0
2021/3/26,7.3,0.020273136,1.834471975,-1.274406305,0
2021/3/27,7.3,0.010119988,1.833270459,-1.225919819,0
2021/3/28,7.2,-0.080599503,1.828535394,-1.223391931,0
2021/3/29,8.5,1.230387015,1.828535394,-1.223391931,0
2021/3/30,8.3,1.035675204,1.822345977,-1.217305522,0
2021/3/31,8.1,0.842363977,1.814342781,-1.213032892,0
2021/4/1,7,-0.243678171,1.806339585,-1.208760262,0
2021/4/2,7.2,0.020639644,1.798336389,-1.204487632,0
2021/4/3,7.3,0.216293905,1.794010927,-1.196537267,0
2021/4/4,6.8,-0.161161482,1.816822339,-1.16145003,0
2021/4/5,6.4,-0.54065666,1.823461515,-1.164994456,0
2021/4/6,6.7,-0.192353942,1.831172436,-1.169111051,0
2021/4/7,6.5,-0.317383394,1.838883357,-1.173227645,0
2021/4/8,6.3,-0.45317684,1.81577967,-1.208158847,0
2021/4/9,6.1,-0.598412234,1.819812856,-1.215953176,0
2021/4/10,6.2,-0.427822331,1.847018716,-1.233259538,0
2021/4/11,6.4,-0.159347703,1.876038354,-1.248752121,0
2021/4/12,5.9,-0.597251189,1.905057993,-1.264244704,0
2021/4/13,5.6,-0.852598281,1.934077632,-1.279737287,0
2021/4/14,7.8,1.403019329,1.96309727,-1.29522987,0
2021/4/15,7.5,1.166477595,1.992116909,-1.310722453,0
2021/4/16,7.2,0.924145905,2.006494176,-1.318397979,0
2021/4/17,6.5,0.285832715,2.021724597,-1.326528975,0
2021/4/18,6,-0.155669968,2.038545655,-1.335509157,0
2021/4/19,6.1,-0.053017147,2.055366713,-1.344489339,0
2021/4/20,5.6,-0.585522929,2.07400155,-1.351655742,0
2021/4/21,5.1,-1.060137877,2.079604185,-1.349005645,0
2021/4/22,5.5,-0.617858545,2.153521755,-1.278040613,0
2021/4/23,5.7,-0.393114883,2.155446655,-1.27906825,0
2021/4/24,5.6,-0.479375191,2.157371555,-1.280095888,0
2021/4/25,5.5,-0.549557136,2.157371555,-1.280095888,0
2021/4/26,7.5,1.499218989,2.158671238,-1.256743413,0
2021/4/27,7.2,1.27259479,2.144293971,-1.249067887,0
2021/4/28,6.5,0.626824905,2.127991805,-1.240364723,0
2021/4/29,6,0.174374973,2.110099003,-1.230812374,0
2021/4/30,6.1,0.400239976,2.076529251,-1.236936974,0
2021/5/1,5.6,-0.005938304,1.986643779,-1.299377294,0
2021/5/2,5.1,-0.445931323,1.970341612,-1.290674131,0
2021/5/3,5.5,-0.002535015,1.944318824,-1.276781463,0
2021/5/4,5.7,0.233456957,1.86678419,-1.314400641,0
2021/5/5,5.6,0.085584013,1.850482023,-1.305697477,0
2021/5/6,5.5,-0.083677298,1.959609273,-1.174517435,0
2021/5/7,5.6,-0.068000349,1.975286222,-1.158840486,0
2021/5/8,5.4,-0.315537327,2.037348267,-1.096778441,0
2021/5/9,5.3,-0.438762599,2.037348267,-1.096778441,0
2021/5/10,4.3,-1.469588551,2.053650433,-1.105481605,1
2021/5/11,5.9,0.116532135,2.069952599,-1.114184769,0
2021/5/12,5.5,-0.207181814,2.027686765,-1.181455933,0
2021/5/13,5.3,-0.364610149,2.040494888,-1.193653141,0
2021/5/14,5.2,-0.460582922,2.050840727,-1.223222758,0
2021/5/15,5.2,-0.471429818,2.031293464,-1.282685477,0
2021/5/16,5.3,-0.372210829,1.969661165,-1.369323106,0
2021/5/17,6.4,0.631257908,1.985963332,-1.378026269,0
2021/5/18,5.9,0.047793097,2.080199963,-1.308794968,0
2021/5/19,5.6,-0.319866923,2.095181128,-1.316792894,0
2021/5/20,7.8,1.825899472,2.085460506,-1.31160339,0
2021/5/21,7.5,1.465355818,2.043057543,-1.288965912,0
2021/5/22,7.2,1.122141455,1.922720114,-1.344262899,0
2021/5/23,6.5,0.401438108,1.880317151,-1.321625422,0
2021/5/24,6,-0.129247349,1.915848652,-1.221053479,0
2021/5/25,6.1,-0.064506305,1.899520111,-1.164438995,0
2021/5/26,5.6,-0.593522405,1.81913397,-1.070116797,0
2021/5/27,5.1,-1.11546708,1.705233277,-1.009309151,1
2021/5/28,5.5,-0.737000305,1.598908666,-0.931099837,0
2021/5/29,5.7,-0.546721497,1.446448429,-0.849706582,0
2021/5/30,5.6,-0.646246782,1.293969257,-0.768303218,0
2021/5/31,5.5,-0.697188795,1.160135598,-0.696854049,1
2021/6/1,7.5,1.302528906,1.120072484,-0.675465736,1
2021/6/2,7.2,1.02162049,1.120072484,-0.675465736,0
2021/6/3,6.5,0.355312186,1.120072484,-0.675465736,0
2021/6/4,6,-0.098020856,1.123281611,-0.672256608,0
2021/6/5,6.1,0.058724203,1.123281611,-0.672256608,0
2021/6/6,5.6,-0.37857629,1.123281611,-0.672256608,0
2021/6/7,5.97,0.018590689,1.123281611,-0.672256608,0
2021/6/8,5.95,0.045885946,1.123281611,-0.672256608,0
2021/6/9,5.92,0.079926262,1.145099754,-0.650438466,0
2021/6/10,5.9,0.040314586,1.159976493,-0.635561726,0
2021/6/11,5.87,-0.010620446,1.159976493,-0.635561726,0
2021/6/12,5.85,-0.050524456,1.165075756,-0.630462464,0
2021/6/13,5.82,-0.081146647,1.166756021,-0.628782198,0
2021/6/14,5.8,-0.08439548,1.168137844,-0.627400375,0
2021/6/15,5.78,-0.090681967,1.170596939,-0.62494128,0
2021/6/16,5.75,-0.086628561,1.170596939,-0.62494128,0
2021/6/17,5.73,-0.047315328,1.170596939,-0.62494128,0
2021/6/18,5.7,-0.025497186,1.168532277,-0.627005943,0
2021/6/19,5.68,0.003972686,1.168532277,-0.627005943,0
2021/6/20,5.66,0.04164885,1.170596939,-0.62494128,0
2021/6/21,5.63,0.078098085,1.168532277,-0.627005943,0
2021/6/22,5.61,0.047974606,1.170596939,-0.62494128,0
2021/6/23,5.58,0.007145163,1.168532277,-0.627005943,0
2021/6/24,5.56,-0.005521183,1.168532277,-0.627005943,0
2021/6/25,5.54,-0.002459095,1.168532277,-0.627005943,0
2021/6/26,5.51,-0.01451634,1.168532277,-0.627005943,0
2021/6/27,5.49,0.002302893,1.168532277,-0.627005943,0
2021/6/28,5.46,-0.003840918,1.168532277,-0.627005943,0
2021/6/29,5.44,-3.20E-13,1.170596939,-0.62494128,0
2021/6/30,5.42,0.004164231,1.170596939,-0.62494128,0
2021/7/1,5.39,-0.002064663,1.170596939,-0.62494128,0
2021/7/2,5.37,0.002064663,1.170596939,-0.62494128,0
2021/7/3,5.34,-0.004164231,1.170596939,-0.62494128,0
2021/7/4,5.32,-3.14E-13,1.172661602,-0.622876618,0
2021/7/5,5.3,0.004164231,1.172661602,-0.622876618,0
2021/7/6,5.27,-0.002064663,1.172661602,-0.622876618,0
2021/7/7,5.25,0.002064663,1.172661602,-0.622876618,0
2021/7/8,5.22,-0.004164231,1.172661602,-0.622876618,0
2021/7/9,5.2,-3.06E-13,1.172661602,-0.622876618,0
2021/7/10,5.18,0.004164231,1.172661602,-0.622876618,0
2021/7/11,5.15,-0.002064663,1.172661602,-0.622876618,0
2021/7/12,5.13,0.002064663,1.172661602,-0.622876618,0
2021/7/13,5.1,-0.004164231,1.172661602,-0.622876618,0
2021/7/14,5.08,-2.99E-13,1.172661602,-0.622876618,0
2021/7/15,5.06,0.004164231,1.172661602,-0.622876618,0
2021/7/16,5.03,-0.002064663,1.170596939,-0.62494128,0
2021/7/17,5.01,0.033102666,1.170596939,-0.62494128,0
2021/7/18,4.98,0.049743881,1.170596939,-0.62494128,0
2021/7/19,4.96,0.06902919,1.170596939,-0.62494128,0
2021/7/20,4.94,0.080984336,1.170596939,-0.62494128,0
2021/7/21,4.91,0.075635063,1.168532277,-0.627005943,0
2021/7/22,4.89,0.074151577,1.170596939,-0.62494128,0
2021/7/23,4.86,0.05623631,1.170596939,-0.62494128,0
2021/7/24,4.84,0.04305947,1.170596939,-0.62494128,0
2021/7/25,4.82,0.0246468,1.172661602,-0.622876618,0
2021/7/26,4.79,-0.008975959,1.172661602,-0.622876618,0
2021/7/27,4.77,-0.036638597,1.17476117,-0.62077705,0
2021/7/28,4.74,-0.078638684,1.195243739,-0.600294481,0
2021/7/29,4.72,-0.102166761,1.195243739,-0.600294481,0
2021/7/30,4.7,-0.12963611,1.195243739,-0.600294481,0
2021/7/31,4.67,-0.171459488,1.195243739,-0.600294481,0
2021/8/1,4.65,-0.206874645,1.195243739,-0.600294481,0
2021/8/2,4.62,-0.256233256,1.161620981,-0.633917239,0
2021/8/3,4.6,-0.29912038,1.133958343,-0.661579877,0
2021/8/4,4.58,-0.346145556,1.111819506,-0.683718714,0
2021/8/5,4.55,-0.406832759,1.091958255,-0.703579964,0
2021/8/6,5.49,0.499324578,1.11842275,-0.717708444,0
2021/8/7,5.46,0.431808543,1.154858976,-0.737160487,0
2021/8/8,5.44,0.371599546,1.171583295,-0.746089023,0
2021/8/9,5.42,0.308564073,1.188260273,-0.754992286,0
2021/8/10,5.39,0.232922466,1.209670052,-0.766422228,0
2021/8/11,5.37,0.165015053,1.228913907,-0.776695857,0
2021/8/12,5.34,0.044475326,1.281078246,-0.804544597,0
2021/8/13,5.32,-0.058777434,1.365742476,-0.819279419,0
2021/8/14,5.3,-0.154997164,1.463890668,-0.846882121,0
2021/8/15,5.27,-0.253382783,1.592765473,-0.839772346,0
2021/8/16,5.25,-0.333456521,1.709420648,-0.844381483,0
2021/8/17,5.22,-0.414740608,1.786504951,-0.885534131,0
2021/8/18,5.56,-0.116433963,1.862333293,-0.926016264,0
2021/8/19,5.61,-0.098790523,1.938143935,-0.966488948,0
2021/8/20,5.65,-0.081009206,2.01520889,-1.007631266,0
2021/8/21,5.7,-0.042612243,2.086837731,-1.045871431,0
2021/8/22,5.75,0.006878136,2.118336673,-1.120356659,0
2021/8/23,5.8,0.068263013,2.105021942,-1.189159968,0
2021/8/24,5.84,0.131288451,2.11239376,-1.217890754,0
2021/8/25,5.89,0.21675553,2.09741597,-1.243995178,0
2021/8/26,5.94,0.315142022,2.099227386,-1.272236378,0
2021/8/27,5.98,0.377300929,2.101176679,-1.300339702,0
2021/8/28,6.03,0.454652472,2.120769412,-1.310799585,0
2021/8/29,6.08,0.536523845,2.140362145,-1.321259469,0
2021/8/30,6.13,0.654335268,2.201956784,-1.327080056,0
2021/8/31,6.17,0.758939744,2.26476372,-1.333336362,0
2021/9/1,4.96,-0.416343209,2.348186302,-1.318977022,0
2021/9/2,4.94,-0.397700598,2.418372269,-1.317854298,0
2021/9/3,4.91,-0.390262228,2.48772792,-1.317561889,0
2021/9/4,4.89,-0.364234914,2.556689138,-1.317663913,0
2021/9/5,4.86,-0.345529473,2.638267038,-1.303773383,0
2021/9/6,4.84,-0.311798944,2.667841177,-1.319561994,0
2021/9/7,4.82,-0.260743052,2.697415315,-1.335350605,0
2021/9/8,4.79,-0.23550024,2.689540175,-1.388588494,0
2021/9/9,4.77,-0.201832977,2.670848683,-1.452642736,0
2021/9/10,4.74,-0.169467254,2.574835244,-1.556656315,0
2021/9/11,4.72,-0.118681007,2.531458569,-1.600032989,0
2021/9/12,4.7,-0.017451896,2.524048997,-1.607442562,0
2021/9/13,4.67,0.108763471,2.491683274,-1.639808285,0
2021/9/14,4.65,0.207444915,2.458016011,-1.673475548,0
2021/9/15,4.62,0.22077403,2.427557527,-1.695933892,0
2021/9/16,4.6,0.218995157,2.406096818,-1.709394462,0
2021/9/17,4.58,0.126566604,2.417126182,-1.690364957,0
2021/9/18,4.55,0.030813735,2.420695693,-1.653551519,0
2021/9/19,5.49,0.901812906,2.432689655,-1.608313629,0
2021/9/20,5.46,0.791042803,2.443382077,-1.564377279,0
2021/9/21,4.6,-0.162057681,2.429118349,-1.54539708,0
2021/9/22,4.54,-0.276988088,2.407445048,-1.533826453,0
2021/9/23,4.32,-0.539112527,2.385771747,-1.522255826,0
2021/9/24,4.35,-0.544274183,2.364098446,-1.510685199,0
2021/9/25,4.2,-0.731065928,2.33184258,-1.493464906,0
2021/9/26,4.1,-0.872748811,2.30355134,-1.47836119,0
2021/9/27,4.35,-0.658831537,2.138681462,-1.566630638,0
2021/9/28,4.12,-0.915351455,2.049133967,-1.564882458,0
2021/9/29,4.01,-1.049300144,2.003812636,-1.540686964,0
2021/9/30,4.21,-0.864821109,1.958187546,-1.516329304,0
2021/10/1,4.5,-0.58489787,1.869360004,-1.502517324,0
2021/10/2,6.2,1.110292296,1.802444407,-1.466793398,0
2021/10/3,7.9,2.810895447,1.735528811,-1.431069472,1
2021/10/4,7.8,2.717470425,1.650791266,-1.385831023,1
2021/10/5,6.5,1.429844387,1.56605372,-1.340592574,0
2021/10/6,6.4,1.348580586,1.49109326,-1.300573773,0
2021/10/7,4.24,-0.786489409,1.411230237,-1.257937663,0
2021/10/8,4.54,-0.455210694,1.343829984,-1.221954995,0
2021/10/9,4.65,-0.307015581,1.260384371,-1.174375466,0
2021/10/10,4.56,-0.391692832,1.197157819,-1.110041815,0
2021/10/11,4.45,-0.498051211,1.210191397,-0.969913958,0
2021/10/12,4.31,-0.601997501,1.213972679,-0.871695171,0
2021/10/13,4.54,-0.328927527,1.159031637,-0.832198707,0
2021/10/14,4.64,-0.145773594,1.097233171,-0.796823655,0
2021/10/15,4.51,-0.211123186,1.051703071,-0.772516707,0
2021/10/16,4.23,-0.40504917,1.033004196,-0.762534023,0
2021/10/17,4.21,-0.326951605,1.033004196,-0.762534023,0
2021/10/18,4.31,-0.137592743,1.031450615,-0.764087605,0
2021/10/19,4.21,-0.139146325,1.031450615,-0.764087605,0
2021/10/20,4.275769231,0.031418977,1.031450615,-0.764087605,0
2021/10/21,4.255824176,0.124153745,1.031450615,-0.764087605,0
2021/10/22,4.235879121,0.21315221,1.031450615,-0.764087605,0
2021/10/23,4.215934066,0.229352023,1.033004196,-0.762534023,0
2021/10/24,4.195989011,0.153123183,1.040109206,-0.755429013,0
2021/10/25,4.176043956,0.052865706,1.06230347,-0.73323475,0
2021/10/26,4.156098901,-0.018502739,1.063395491,-0.732142729,0
2021/10/27,4.136153846,-0.107201449,1.072861654,-0.722676565,0
2021/10/28,4.116208791,-0.108293469,1.092502648,-0.703035572,0
2021/10/29,4.096263736,-0.130487733,1.1520942,-0.64344402,0
2021/10/30,4.076318681,-0.16362062,1.179484129,-0.616054091,0
2021/10/31,4.056373626,-0.18993612,1.202015917,-0.593522303,0
2021/11/1,4.036428571,-0.21798129,1.202015917,-0.593522303,0
2021/11/2,4.016483516,-0.250131016,1.203959582,-0.591578638,0
2021/11/3,4.8,0.513111409,1.221663304,-0.573874916,0
2021/11/4,4.24,-0.078094292,1.221663304,-0.573874916,0
2021/11/5,4.54,0.191133608,1.223462646,-0.572075574,0
2021/11/6,4.65,0.290180771,1.221663304,-0.573874916,0
2021/11/7,4.56,0.183117182,1.203959582,-0.591578638,0
2021/11/8,4.45,0.051066364,1.183001442,-0.612536778,0
2021/11/9,4.31,-0.097735285,1.179694351,-0.615843869,0
2021/11/10,4.54,0.131885335,1.179484129,-0.616054091,0
2021/11/11,4.64,0.285968861,1.179484129,-0.616054091,0
2021/11/12,4.51,0.250336249,1.179484129,-0.616054091,0
2021/11/13,4.23,0.033362643,1.179484129,-0.616054091,0
2021/11/14,4.21,0.008887189,1.179484129,-0.616054091,0
2021/11/15,4.31,0.088518984,1.179484129,-0.616054091,0
2021/11/16,4.21,-0.006901261,1.285612916,-0.672390133,0
2021/11/17,4.7,0.430062981,1.421571344,-0.73990101,0
2021/11/18,4.5,0.163598943,1.564320429,-0.783962849,0
2021/11/19,4.4,0.012404502,1.678496523,-0.844917523,0
2021/11/20,4.6,0.14656239,1.800528322,-0.882910959,0
2021/11/21,4.54,0.009097411,1.88496913,-0.92799099,0
2021/11/22,4.32,-0.303510437,1.991749223,-0.986158352,0
2021/11/23,4.35,-0.366992452,2.122651558,-1.082036557,0
2021/11/24,4.2,-0.647510799,2.307459521,-1.180699147,0
2021/11/25,4.1,-0.760595576,2.516745918,-1.292429927,0
2021/11/26,4.35,-0.530774903,2.702936212,-1.423977462,0
2021/11/27,4.12,-0.865563506,2.859886345,-1.51284035,0
2021/11/28,4.01,-1.109716829,3.008056521,-1.592265743,0
2021/11/29,4.21,-1.052196867,3.140648468,-1.687269363,0
2021/11/30,4.5,-0.907923557,3.278953295,-1.761105534,0
2021/12/1,6.2,0.63126838,3.402187329,-1.826895929,0
2021/12/2,7.9,2.169584624,3.418186001,-1.810897257,0
2021/12/3,7.8,1.950442864,3.210425472,-2.018657786,0
2021/12/4,6.5,0.534321742,3.177783123,-2.051300135,0
2021/12/5,6.4,0.360578996,3.105578153,-2.123505105,0
2021/12/6,7.5,1.376017715,3.093422112,-2.135661146,0
2021/12/7,6.3,0.05030935,3.042096138,-2.18698712,0
2021/12/8,6.1,-0.315666478,3.042096138,-2.18698712,0
2021/12/9,6.7,0.135361054,3.093422112,-2.135661146,0
2021/12/10,6.5,-0.198663118,3.177783123,-2.051300135,0
2021/12/11,6.3,-0.532089533,3.210425472,-2.018657786,0
2021/12/12,5.9,-1.058030455,3.349663659,-1.879419599,0
2021/12/13,5.8,-1.222026266,3.349663659,-1.879419599,0
2021/12/14,5.55,-1.540729089,3.349663659,-1.879419599,0
2021/12/15,8.5,1.346534753,3.303853444,-1.854963108,0
2021/12/16,9.3,2.063435577,3.204520235,-1.801932538,0
2021/12/17,7.7,0.399556263,2.957898584,-1.873569337,0
2021/12/18,7.1,-0.231305467,2.793995187,-1.786066974,0
2021/12/19,6.9,-0.450951176,2.642423464,-1.705148066,0
2021/12/20,6.7,-0.662269733,2.490882454,-1.624245554,0
2021/12/21,6.48,-0.863599633,2.332654853,-1.550046365,0
2021/12/22,6.51,-0.863622758,2.202064758,-1.480328824,0
2021/12/23,7.6,0.134374973,2.106128496,-1.429111767,0
2021/12/24,7.5,-0.059424931,2.010192234,-1.377894709,0
2021/12/25,8.8,1.206149483,1.881613623,-1.359320001,0
2021/12/26,8.9,1.295402941,1.78398357,-1.309796735,0
2021/12/27,7.8,0.135278153,1.69680548,-1.263255364,0
2021/12/28,7.1,-0.578889131,1.617479302,-1.220905857,0
2021/12/29,7.2,-0.394435185,1.587975557,-1.205154826,0
2021/12/30,7.3,-0.242356124,1.558471811,-1.189403795,0
2021/12/31,7.3,-0.191965618,1.535863909,-1.177334217,0
2022/1/1,7.2,-0.251418474,1.503899142,-1.174621505,0
2022/1/2,8.5,1.102144073,1.475725696,-1.1734811,0
2022/1/3,8.3,0.983831755,1.475725696,-1.1734811,0
2022/1/4,8.1,0.880568088,1.484788046,-1.16441875,0
2022/1/5,7,-0.232999258,1.487249068,-1.151380432,0
2022/1/6,7.2,-0.062426807,1.521386865,-1.106665339,0
2022/1/7,7.3,0.072489637,1.562134077,-1.015986711,0
2022/1/8,6.8,-0.367575374,1.52600474,-0.996698506,0
2022/1/9,6.4,-0.693525459,1.416575521,-1.050710182,0
2022/1/10,6.7,-0.296821851,1.339412544,-1.072455617,0
2022/1/11,6.5,-0.385923906,1.287030498,-1.058842825,0
2022/1/12,6.3,-0.464631965,1.244005318,-1.035873167,0
2022/1/13,6.1,-0.605698329,1.210337003,-1.003546644,0
2022/1/14,6.2,-0.378188403,1.182496167,-0.965392641,0
2022/1/15,6.4,-0.118665736,1.165320282,-0.916573687,0
2022/1/16,5.9,-0.580623064,1.148553896,-0.893985953,0
2022/1/17,5.6,-0.811972599,1.182495167,-0.860044682,0
2022/1/18,7.8,1.483607487,1.193753439,-0.918116429,1
2022/1/19,7.5,1.281761857,1.258706467,-0.952792607,1
2022/1/20,7.2,1.063706968,1.323659495,-0.987468786,0
2022/1/21,6.5,0.409341594,1.428195529,-0.99121562,0
2022/1/22,6,-0.01308085,1.498790293,-1.028903727,0
2022/1/23,6.1,0.114367992,1.569385056,-1.066591833,0
2022/1/24,5.6,-0.359051442,1.644264474,-1.099995284,0
2022/1/25,5.1,-0.838998211,1.733795491,-1.118747137,0
2022/1/26,5.5,-0.385771631,1.804390254,-1.156435243,0
2022/1/27,5.7,-0.125912998,1.87175977,-1.181285175,0
2022/1/28,5.6,-0.183075178,1.997572986,-1.108337286,0
2022/1/29,5.5,-0.217814913,2.026732791,-1.10206691,0
2022/1/30,5.6,-0.027317946,2.014385191,-1.095474952,0
2022/1/31,5.4,-0.144849252,1.990655323,-1.082806395,0
2022/2/1,5.3,-0.149133906,1.957782272,-1.059233314,0
2022/2/2,4.3,-1.029447184,1.920982349,-1.039587106,0
2022/2/3,5.9,0.703028055,1.848739225,-1.007042291,0
2022/2/4,5.5,0.437152581,1.766185878,-0.9848077,0
2022/2/5,5.3,0.364038571,1.599274574,-1.046931065,0
2022/2/6,5.2,0.404411187,1.512022069,-1.029395631,0
2022/2/7,5.2,0.585505476,1.443705818,-0.992923944,0
2022/2/8,5.3,0.781635324,1.375389566,-0.956452256,0
2022/2/9,4.9,0.478127318,1.35341346,-0.915674307,0
2022/2/10,3.7,-0.624516776,1.427281163,-0.812458025,0
2022/2/11,4.2,-0.009153977,1.419529694,-0.808319784,0
2022/2/12,4.1,0.020476461,1.424800157,-0.802553653,0
2022/2/13,4,0.01668921,1.442640977,-0.784217166,0
2022/2/14,3.7,-0.168776997,1.499677342,-0.77502694,0
2022/2/15,3.4,-0.312901959,1.534657771,-0.78789265,0
2022/2/16,3.6,0.026458397,1.568043599,-0.796540705,0
2022/2/17,3.1,-0.349884375,1.584383754,-0.780200551,0
2022/2/18,3,-0.328016057,1.57187355,-0.773521785,0
2022/2/19,3,-0.198150007,1.538396186,-0.780712975,0
2022/2/20,2.8,-0.280705964,1.493855085,-0.75693402,0
2022/2/21,2.7,-0.264959204,1.445524698,-0.731132095,0
2022/2/22,2.9,0.042798551,1.388721859,-0.709982507,0
2022/2/23,2.8,0.096906497,1.334113706,-0.686638233,0
2022/2/24,2.7,0.079052315,1.283292804,-0.659506708,0
2022/2/25,2.5,-0.032911558,1.232471902,-0.632375184,0
2022/2/26,2.1,-0.349448056,1.187286149,-0.60825207,0
2022/2/27,2.6,0.2255334,1.187286149,-0.60825207,0
2022/2/28,2.5,0.190505694,1.187286149,-0.60825207,0
2022/3/1,2.5,0.226030804,1.137685381,-0.657852838,0
2022/3/2,2.5,0.259343776,1.137685381,-0.657852838,0
2022/3/3,2.5,0.368441031,1.137685381,-0.657852838,0
2022/3/4,2.5,0.440643135,1.123352295,-0.672185924,0
2022/3/5,1.7,-0.293904621,1.123352295,-0.672185924,0
2022/3/6,1.6,-0.339940661,1.123352295,-0.672185924,0
2022/3/7,2.1,0.200567215,1.123352295,-0.672185924,0
2022/3/8,2,0.131611327,1.137685381,-0.657852838,0
2022/3/9,1.8,-0.047244644,1.192116203,-0.603422017,0
2022/3/10,1.7,-0.115205725,1.192116203,-0.603422017,0
2022/3/11,1.9,0.126746368,1.192116203,-0.603422017,0
2022/3/12,1.8,0.041131812,1.192116203,-0.603422017,0
2022/3/13,1.7,-0.054557354,1.192116203,-0.603422017,0
2022/3/14,1.5,-0.258401326,1.192116203,-0.603422017,0
2022/3/15,1.8,0.021519263,1.192116203,-0.603422017,0
2022/3/16,1.6,-0.211431563,1.192116203,-0.603422017,0
2022/3/17,1.7,-0.110070247,1.192116203,-0.603422017,0
2022/3/18,1.7,-0.148156551,1.192116203,-0.603422017,0
2022/3/19,1.7,-0.172446442,1.146027805,-0.649510415,0
2022/3/20,1.8,-0.153972686,1.130577741,-0.664960478,0
2022/3/21,1.5,-0.535970156,1.130577741,-0.664960478,0
2022/3/22,1.4,-0.728727257,1.146027805,-0.649510415,1
2022/3/23,2.6,0.372145382,1.146027805,-0.649510415,0
2022/3/24,2.5,0.170142676,1.146027805,-0.649510415,0
2022/3/25,2.7,0.267908722,1.146027805,-0.649510415,0
2022/3/26,2.8,0.284135433,1.146027805,-0.649510415,0
2022/3/27,2.6,0.022160653,1.130577741,-0.664960478,0
2022/3/28,2.4,-0.245442646,1.116039585,-0.679498634,0
2022/3/29,2.7,-0.024569135,1.105790447,-0.689747773,0
2022/3/30,2.9,0.085998517,1.128169259,-0.66736896,0
2022/3/31,3.5,0.597984205,1.105790447,-0.689747773,0
2022/4/1,3.2,0.211278852,1.128169259,-0.66736896,0
2022/4/2,3.1,0.02254025,1.130577741,-0.664960478,0
2022/4/3,3.1,-0.064806492,1.146027805,-0.649510415,0
2022/4/4,3.2,-0.040019198,1.192757592,-0.602780628,0
2022/4/5,3.1,-0.22677691,1.194415791,-0.603083631,0
2022/4/6,4.4,1.002504472,1.261272271,-0.541439554,0
2022/4/7,3.6,0.122483529,1.297757284,-0.504954542,0
2022/4/8,3.9,0.367843274,1.276100095,-0.549355617,0
2022/4/9,3.1,-0.472599154,1.2350544,-0.624779181,0
2022/4/10,3.2,-0.382416336,1.266495755,-0.642146886,0
2022/4/11,3.1,-0.420930233,1.290236076,-0.667215626,0
2022/4/12,3.1,-0.363253196,1.291688319,-0.727273534,0
2022/4/13,3.2,-0.251058074,1.331789718,-0.748682285,0
2022/4/14,3.4,-0.04242768,1.356441053,-0.785541101,0
2022/4/15,3.2,-0.223186003,1.406008166,-0.815697558,0
2022/4/16,3.7,0.283232253,1.458543613,-0.843744419,0
2022/4/17,4.2,0.765395523,1.511079059,-0.871791279,0
2022/4/18,4,0.580064575,1.563614505,-0.89983814,0
2022/4/19,3.6,0.215493695,1.603730611,-0.917560455,0
2022/4/20,3.5,0.125947903,1.687952705,-0.879542799,0
2022/4/21,3.7,0.331545879,1.817070706,-0.782198044,0
2022/4/22,3.5,0.180479078,1.729381692,-0.901660304,0
2022/4/23,3.3,0.014080021,1.685308038,-0.964806114,0
2022/4/24,3.2,-0.053436014,1.697742086,-0.971444223,0
2022/4/25,2.9,-0.3188359,1.710176133,-0.978082331,0
2022/4/26,2.8,-0.391819015,1.710735985,-0.978381217,0
2022/4/27,2.2,-1.022596972,1.7715496,-0.924172294,1
2022/4/28,2.4,-0.831031022,1.887723397,-0.814603191,1
2022/4/29,2.3,-0.950914089,1.91851825,-0.79041303,1
2022/4/30,2.8,-0.416741568,1.9508664,-0.764669573,0
2022/5/1,4.2,1.003665081,1.955172314,-0.766968352,0
2022/5/2,3.8,0.630594703,1.931435993,-0.797309367,0
2022/5/3,3.6,0.467825821,1.909252967,-0.826097085,0
2022/5/4,3.3,0.200331603,1.801690999,-0.940263747,0
2022/5/5,3.7,0.640608229,1.805996913,-0.942562525,0
2022/5/6,3.4,0.390601684,1.765671735,-0.989492396,0
2022/5/7,2.3,-0.686796981,1.747092707,-1.014676118,0
2022/5/8,2.6,-0.384331777,1.742786793,-1.012377339,0
2022/5/9,3.2,0.218312317,1.731296334,-1.016997907,0
2022/5/10,2.5,-0.481687683,1.702231413,-1.00148115,0
2022/5/11,2.8,-0.153972686,1.703063084,-0.9560678,0
2022/5/12,3.7,0.738771325,1.778714246,-0.83517828,0
2022/5/13,3.2,0.236816615,1.787761279,-0.780892887,0
2022/5/14,3.1,0.152436843,1.797571872,-0.725843936,0
2022/5/15,3.2,0.287992495,1.768078829,-0.710098619,0
2022/5/16,2.8,-0.060447664,1.768199265,-0.652272361,0
2022/5/17,2.5,-0.30225577,1.692803546,-0.669911744,0
2022/5/18,2.3,-0.418805358,1.615639975,-0.689003267,0
2022/5/19,2.2,-0.423421615,1.53408604,-0.704579728,0
2022/5/20,2.8,0.282608316,1.430117545,-0.739129489,0
2022/5/21,2.4,-0.030551071,1.409446276,-0.728093812,0
2022/5/22,2.3,-0.089646145,1.342341916,-0.763491225,0
2022/5/23,2.4,0.074593132,1.322098767,-0.752684107,0
2022/5/24,2.2,-0.069680178,1.34828871,-0.695443899,0
2022/5/25,2.5,0.307762119,1.310043299,-0.692132152,0
2022/5/26,2.5,0.360268773,1.282950207,-0.677668086,0
2022/5/27,2.2,0.113133208,1.263985248,-0.667543349,0
2022/5/28,2.2,0.211824251,1.245053222,-0.657436194,0
2022/5/29,2.1,0.190178455,1.169454933,-0.671192835,0
2022/5/30,1.6,-0.258244251,1.140045868,-0.655492351,0
2022/5/31,2.2,0.431079017,1.140045868,-0.655492351,0
2022/6/1,1.4,-0.296958855,1.17532664,-0.62021158,0
2022/6/2,1.2,-0.459736463,1.186478959,-0.609059261,0
2022/6/3,1.3,-0.326301322,1.186478959,-0.609059261,0
2022/6/4,1.6,0.015882019,1.186478959,-0.609059261,0
2022/6/5,1.6,0.039185828,1.186478959,-0.609059261,0
2022/6/6,1.5,-0.039595968,1.186478959,-0.609059261,0
2022/6/7,1.3,-0.184183429,1.209782768,-0.585755452,0
2022/6/8,1.5,0.066831014,1.186478959,-0.609059261,0
2022/6/9,1.4,0.0047297,1.209782768,-0.585755452,0
2022/6/10,1.1,-0.293420306,1.209782768,-0.585755452,0
2022/6/11,1.2,-0.187844147,1.186478959,-0.609059261,0
2022/6/12,1.6,0.209332868,1.186478959,-0.609059261,0
2022/6/13,1.3,-0.098743401,1.186478959,-0.609059261,0
2022/6/14,1.7,0.304049042,1.17532664,-0.62021158,0
2022/6/15,1.6,0.176102797,1.17532664,-0.62021158,0
2022/6/16,1.5,0.064470527,1.185490318,-0.637938523,0
2022/6/17,1.7,0.235080065,1.193768705,-0.642358068,0
2022/6/18,1.4,-0.11545879,1.202047093,-0.646777614,0
2022/6/19,1.3,-0.284157249,1.210325481,-0.651197159,0
2022/6/20,1.7,0.052524107,1.184051398,-0.69285904,0
2022/6/21,1.6,-0.102177233,1.170277861,-0.722020375,0
2022/6/22,1.8,0.169248222,1.173853697,-0.747928874,0
2022/6/23,1.5,-0.079047951,1.196961966,-0.76026558,0
2022/6/24,1.9,0.351974344,1.202663589,-0.79351965,0
2022/6/25,1.8,0.215070466,1.236999129,-0.817117245,0
2022/6/26,1.6,-0.063401545,1.283085995,-0.841721431,0
2022/6/27,2.5,0.624647672,1.34202125,-0.867917892,0
2022/6/28,2.5,0.398821938,1.443072329,-0.921865573,0
2022/6/29,2.3,-0.003289847,1.570133649,-0.959489055,0
2022/6/30,2.2,-0.318382128,1.683631125,-1.020081438,0
2022/7/1,2.2,-0.502055063,1.79801366,-1.081146323,0
2022/7/2,2.1,-0.743906802,1.889266914,-1.16534049,0
2022/7/3,2.3,-0.707600681,1.984057394,-1.231900892,0
2022/7/4,2.7,-0.448645229,2.134544156,-1.312240577,0
2022/7/5,2.5,-0.846180025,2.282742113,-1.391358349,0
2022/7/6,3.4,-0.112579083,2.212764726,-1.669674023,0
2022/7/7,3.1,-0.453422924,2.299458916,-1.82342602,0
2022/7/8,2.9,-0.670360836,2.386603728,-1.962286734,0
2022/7/9,2.6,-1.181988743,2.485468917,-2.015067444,0
2022/7/10,2.4,-1.421305467,2.578967744,-2.072311581,0
2022/7/11,3.5,-0.388446267,2.622645184,-2.170224617,0
2022/7/12,6.9,2.86365461,2.737198556,-2.231380706,1
2022/7/13,7.2,2.972590427,2.88954394,-2.312712645,1
2022/7/14,7.8,3.333011912,2.738727754,-2.490355504,1
2022/7/15,7.3,2.613447358,2.738727754,-2.490355504,0
2022/7/16,7.1,2.240328985,2.738727754,-2.490355504,0
2022/7/17,3.8,-1.20351237,2.738727754,-2.490355504,0
2022/7/18,3.1,-2.026785636,2.955665666,-2.273417592,0
2022/7/19,3.8,-1.439137833,2.955665666,-2.273417592,0
2022/7/20,3.2,-2.178367294,2.738727754,-2.490355504,0
2022/7/21,3.5,-1.970177582,2.738727754,-2.490355504,0
2022/7/22,4.6,-0.912993586,2.557070614,-2.672012644,0
2022/7/23,4.4,-1.067162616,2.496095004,-2.732988254,0
2022/7/24,4.7,-0.447283913,2.341925974,-2.887157284,0
2022/7/25,3.4,-1.512640168,2.341925974,-2.887157284,0
2022/7/26,3.9,-0.852017976,2.341925974,-2.887157284,0
2022/7/27,7.4,2.695623718,2.245111104,-2.983972154,1
2022/7/28,9,4.407382521,2.245111104,-2.983972154,1
2022/7/29,3.6,-1.163977486,2.245111104,-2.983972154,0
2022/7/30,8.2,3.253265849,2.245111104,-2.983972154,1
2022/7/31,8.4,3.336506828,2.245111104,-2.983972154,1
2022/8/1,6.4,1.240800209,2.245111104,-2.983972154,0
2022/8/2,5.3,-0.027461931,2.341925974,-2.887157284,0
2022/8/3,3.1,-2.390278808,2.417182311,-2.811900947,0
2022/8/4,3.2,-2.459369955,2.417182311,-2.811900947,0
2022/8/5,3.6,-2.199738208,2.417182311,-2.811900947,0
2022/8/6,3.4,-2.540150094,2.417182311,-2.811900947,0
2022/8/7,4.2,-1.75107989,2.341925974,-2.887157284,0
2022/8/8,4,-1.893027619,2.245111104,-2.983972154,0
2022/8/9,2.3,-3.555984118,1.896448422,-3.332634836,1
2022/8/10,2.5,-3.263637157,2.245111104,-2.983972154,1
2022/8/11,2.9,-2.721663249,2.167014328,-3.06206893,0
2022/8/12,4.5,-0.991906279,2.125459287,-3.103623971,0
2022/8/13,12.6,7.261176317,2.125459287,-3.103623971,1
2022/8/14,12,6.818757363,1.952192565,-3.276890693,1
2022/8/15,10.8,5.834342685,1.952192565,-3.276890693,1
2022/8/16,9.3,4.541720843,1.952192565,-3.276890693,1
2022/8/17,11.5,7.049609494,1.952192565,-3.276890693,1
2022/8/18,3.5,-0.754142851,1.952192565,-3.276890693,0
2022/8/19,1.5,-2.563689515,2.111732684,-3.117350574,0
2022/8/20,1.4,-2.659191064,2.125459287,-3.103623971,0
2022/8/21,1.5,-2.596400367,2.167014328,-3.06206893,0
2022/8/22,2,-2.099755661,2.24514601,-2.983937248,0
2022/8/23,2.1,-1.958985994,2.323613656,-2.905469601,0
2022/8/24,2.4,-1.57673546,2.417182311,-2.811900947,0
2022/8/25,2.7,-1.16394258,2.57271702,-2.656366237,0
2022/8/26,2.5,-1.242074262,2.654945739,-2.574137519,0
2022/8/27,2.3,-1.283629303,3.033827889,-2.195255369,0
2022/8/28,2.6,-0.836371569,3.099127422,-2.129955836,0
2022/8/29,1.8,-1.456896025,3.033827889,-2.195255369,0
2022/8/30,1.7,-1.297355906,2.654945739,-2.574137519,0
2022/8/31,2.4,-0.309961168,2.57271702,-2.656366237,0
2022/9/1,2.5,0.116457961,2.4446137,-2.784469558,0
2022/9/2,2.4,0.269558009,2.441725267,-2.787357991,0
2022/9/3,2.3,0.117758192,2.441725267,-2.787357991,0
2022/9/4,1.9,-0.375260701,2.441725267,-2.787357991,0
2022/9/5,1.3,-1.085474933,2.4446137,-2.784469558,0
2022/9/6,7.9,5.407967189,2.484139857,-2.744943401,1
2022/9/7,8.3,5.543989703,2.503407714,-2.725675544,1
2022/9/8,3.6,0.821746149,2.57271702,-2.656366237,0
2022/9/9,3.3,0.553427287,2.575051328,-2.65403193,0
2022/9/10,3.1,0.400074174,3.033827889,-2.195255369,0
2022/9/11,2.5,-0.118870806,3.099127422,-2.129955836,0
2022/9/12,2.7,0.224961822,3.231192521,-1.997890737,0
2022/9/13,1.2,-1.130834679,3.290217784,-1.938865474,0
2022/9/14,1.3,-0.967363323,3.290217784,-1.938865474,0
2022/9/15,1.2,-1.066900825,3.290217784,-1.938865474,0
2022/9/16,1.3,-0.96447489,3.328596422,-1.900486836,0
2022/9/17,1.2,-1.082547232,3.328596422,-1.900486836,0
2022/9/18,1.4,-0.905680876,3.328596422,-1.900486836,0
2022/9/19,1.2,-1.073943017,3.328596422,-1.900486836,0
2022/9/20,1.3,-0.924948732,3.427169658,-1.8019136,0
2022/9/21,2.1,-0.080492168,3.502871041,-1.726212217,0
2022/9/22,1.3,-0.834037262,3.427169658,-1.8019136,0
2022/9/23,1.9,-0.177896069,3.328596422,-1.900486836,0
2022/9/24,2.1,0.095619355,3.290217784,-1.938865474,0
2022/9/25,2.3,0.398411798,3.290217784,-1.938865474,0
2022/9/26,2.6,0.815292988,3.290217784,-1.938865474,0
2022/9/27,2.4,0.486264671,3.297472813,-1.883871016,0
2022/9/28,2.2,0.097700598,3.036955117,-1.842741772,0
2022/9/29,1.6,-0.53623631,2.881471551,-1.735420433,0
2022/9/30,1.5,-0.658130808,2.869038468,-1.655144715,0
2022/10/1,2.2,0.018081068,2.819565737,-1.628732932,0
2022/10/2,4.5,2.307399974,2.806160183,-1.62157617,0
2022/10/3,5.1,2.896108033,2.792754629,-1.614419408,1
2022/10/4,3.6,1.479109036,2.779349075,-1.607262645,0
2022/10/5,2.3,0.223159824,2.792754629,-1.614419408,0
2022/10/6,2.1,0.093782451,2.84222736,-1.64083119,0
2022/10/7,1.1,-0.729390462,2.843691888,-1.715251176,0
2022/10/8,0.9,-0.679157031,2.904133174,-1.747518691,0
2022/10/9,1.2,-0.144351848,2.99552682,-1.796310602,0
2022/10/10,1.1,-0.06230202,3.105779762,-1.879484874,0
2022/10/11,1.3,0.145700074,3.204419352,-2.000429229,0
2022/10/12,1.2,-0.055787774,3.220219093,-2.008864165,0
2022/10/13,1.1,-0.188869497,3.220219093,-2.008864165,0
2022/10/14,1.2,-0.128500371,3.220219093,-2.008864165,0
2022/10/15,1.3,-0.080199834,3.264736742,-1.964346516,0
2022/10/16,0.6,-0.868585017,3.280588219,-1.948495039,0
2022/10/17,0.7,-0.871224748,3.264736742,-1.964346516,0
2022/10/18,0.6,-1.077263406,3.264736742,-1.964346516,0
2022/10/19,0.8,-1.045141586,3.264736742,-1.964346516,0
2022/10/20,1,-0.980954666,3.264736742,-1.964346516,0
2022/10/21,0.9,-1.19525721,3.264736742,-1.964346516,0
2022/10/22,0.7,-1.509886993,3.264736742,-1.964346516,0
2022/10/23,0.9,-1.50915834,3.280588219,-1.948495039,0
2022/10/24,2,-0.63121864,3.280588219,-1.948495039,0
2022/10/25,0.9,-1.912072953,3.280588219,-1.948495039,0
2022/10/26,1.3,-1.649989092,3.220219093,-2.008864165,0
2022/10/27,4.5,1.425668659,2.77786995,-2.451213308,0
2022/10/28,7.3,4.150037087,2.540503573,-2.688579685,1
2022/10/29,8.4,5.206226275,2.540503573,-2.688579685,1
2022/10/30,8.1,4.893847899,2.540503573,-2.688579685,1
2022/10/31,4.2,1.001199878,2.540503573,-2.688579685,0
2022/11/1,2.1,-1.090348619,2.77786995,-2.451213308,0
2022/11/2,3.1,-0.069222043,2.914106261,-2.314976997,0
2022/11/3,3.6,0.463222654,3.08797074,-2.141112518,0
2022/11/4,3.7,0.620856058,3.108691539,-2.120391718,0
2022/11/5,3.1,0.0832148,3.217396108,-2.01168715,0
2022/11/6,3.2,0.28340678,3.225350207,-2.003733051,0
2022/11/7,3.1,0.292682927,3.290082525,-1.939000733,0
2022/11/8,1.1,-1.563423361,3.339866547,-1.889216711,0
2022/11/9,0.9,-1.608390418,3.48745152,-1.741631738,0
2022/11/10,0.8,-1.550167983,3.49230339,-1.736779868,0
2022/11/11,1,-1.163309918,3.49230339,-1.736779868,0
2022/11/12,0.9,-1.024922553,3.384780166,-1.686819047,0
2022/11/13,1.2,-0.494982329,3.193914768,-1.601493356,0
2022/11/14,1.1,-0.32111785,2.907315526,-1.64973958,0
2022/11/15,0.9,-0.30039705,2.746345675,-1.572356414,0
2022/11/16,0.8,-0.183738383,2.577445082,-1.558548212,0
2022/11/17,0.7,-0.191692482,2.575796894,-1.48130631,0
2022/11/18,0.8,-0.119006065,2.544075027,-1.455818022,0
2022/11/19,1.5,0.465338802,2.520583919,-1.44327693,0
2022/11/20,1.6,0.416741568,2.444937365,-1.487806919,0
2022/11/21,1.5,0.317330599,2.426600565,-1.486831622,0
2022/11/22,1.4,0.27661329,2.357656629,-1.540501415,0
2022/11/23,1.2,0.07836293,2.337194385,-1.541777847,0
2022/11/24,1.6,0.425293425,2.312758528,-1.528732387,0
2022/11/25,1.5,0.251852175,2.284850358,-1.513833179,0
2022/11/26,1.4,0.067559667,2.264896288,-1.490979872,0
2022/11/27,1.2,-0.242353506,2.305932054,-1.422410871,0
2022/11/28,1.5,-0.063645883,2.293728149,-1.40708154,0
2022/11/29,1.5,-0.124752389,2.331138103,-1.342138351,0
2022/11/30,1.3,-0.374283346,2.407252724,-1.200039942,0
2022/12/1,1.5,-0.208438414,2.364234747,-1.17707413,0
2022/12/2,2.3,0.546420001,2.321216771,-1.154108318,0
2022/12/3,1.9,0.102391029,2.278198795,-1.131142506,0
2022/12/4,4.2,2.345364108,2.237731023,-1.10953816,1
2022/12/5,1.6,-0.303036782,2.185555551,-1.117937019,0
2022/12/6,1.4,-0.538160478,2.160487803,-1.104554214,0
2022/12/7,1.1,-0.872285004,2.135420055,-1.091171409,0
2022/12/8,1.3,-0.718281775,2.110352307,-1.077788604,0
2022/12/9,1.2,-0.847803133,2.085284559,-1.064405799,0
2022/12/10,1.4,-0.713770234,2.060216811,-1.051022994,0
2022/12/11,2.7,0.530145294,2.060216811,-1.051022994,0
2022/12/12,2.8,0.590235176,2.060216811,-1.051022994,0
2022/12/13,2.7,0.469645272,2.060216811,-1.051022994,0
2022/12/14,2.3,0.055486714,2.083852222,-1.027387583,0
2022/12/15,2.5,0.240398796,2.083852222,-1.027387583,0
2022/12/16,2.2,-0.059583751,2.08303097,-1.026949144,0
2022/12/17,2.1,-0.147737685,2.082209718,-1.026510706,0
2022/12/18,2.2,-0.022274096,2.057753054,-1.04970768,0
2022/12/19,2.1,-0.097870762,2.002806403,-1.10339464,0
2022/12/20,2.2,0.031851302,1.944259452,-1.129366437,0
2022/12/21,2.5,0.382377067,1.9220383,-1.117503331,0
2022/12/22,2.4,0.341323792,1.899817148,-1.105640225,0
2022/12/23,2.3,0.280348183,1.877595996,-1.09377712,0
2022/12/24,2.2,0.230075483,1.855374845,-1.081914014,0
2022/12/25,2.3,0.383629303,1.833153693,-1.070050909,0
2022/12/26,2.4,0.605501985,1.810932541,-1.058187803,0
2022/12/27,2.2,0.503329116,1.751245631,-1.085050147,0
2022/12/28,1.5,-0.109703739,1.71899661,-1.085983703,0
2022/12/29,1.7,0.122535887,1.660546621,-1.113118228,0
2022/12/30,1.1,-0.262070771,1.660546621,-1.113118228,0
2022/12/31,1.2,-0.25179109,1.680962665,-1.124017649,0
2023/1/1,1.3,-0.272891487,1.702362564,-1.135442316,0
2023/1/2,1.5,-0.182551595,1.761796409,-1.108833038,0
2023/1/3,1.2,-0.592826912,1.783196309,-1.120257705,0
2023/1/4,1.3,-0.579562808,1.804596208,-1.131682372,0
2023/1/5,1.4,-0.571700336,1.753148252,-1.215954895,0
2023/1/6,1.4,-0.646786509,1.705308656,-1.296619058,0
2023/1/7,1.3,-0.814018936,1.716428875,-1.318323406,0
2023/1/8,1.3,-0.87702343,1.734559874,-1.344600444,0
2023/1/9,1.2,-1.032108731,1.483879702,-1.669103531,0
2023/1/10,1.3,-0.966778655,1.503729863,-1.691760821,0
2023/1/11,1.5,-0.811082508,1.518178393,-1.719819743,0
2023/1/12,1.7,-0.638653519,1.500064419,-1.780441167,0
2023/1/13,1.6,-0.774981456,1.519644062,-1.803368975,0
2023/1/14,4.6,2.183249705,1.419161748,-1.94635874,1
2023/1/15,4.8,2.347179196,1.446874381,-1.961153558,1
2023/1/16,4.5,2.023517605,1.474587014,-1.975948376,1
2023/1/17,4.3,1.799751298,1.502299647,-1.990743194,1
2023/1/18,3.2,0.695881147,1.530012281,-2.005538012,0
2023/1/19,8.8,6.286173044,1.549189242,-2.015775929,1
2023/1/20,1.1,-1.400479951,1.549189242,-2.015775929,0
2023/1/21,1.2,-1.285640735,1.553954151,-2.01831975,0
2023/1/22,1.5,-0.965138095,1.576792786,-2.030512508,0
2023/1/23,1.3,-1.042916358,1.735959358,-1.906377329,0
2023/1/24,1.4,-0.835708364,2.142292037,-1.535076043,0
2023/1/25,1.3,-0.849395698,2.165130672,-1.547268801,0
2023/1/26,1.3,-0.797395174,2.187969307,-1.55946156,0
2023/1/27,1.2,-0.865517693,2.210807942,-1.571654318,0
2023/1/28,1.2,-0.810781448,2.291658867,-1.535738668,0
2023/1/29,1.1,-0.845132859,2.353638987,-1.518693824,0
2023/1/30,1.6,-0.255159475,2.382934435,-1.534333651,0
2023/1/31,1.6,-0.170500458,2.412229883,-1.549973479,0
2023/2/1,2,0.302945155,2.404075748,-1.595754158,0
2023/2/2,1.7,0.0825865,2.416637409,-1.602460395,0
2023/2/3,1.4,-0.170919325,2.42919907,-1.609166632,0
2023/2/4,1.6,-0.021449452,2.441760731,-1.615872869,0
2023/2/5,2.1,0.415698765,2.487007063,-1.589894434,0
2023/2/6,2,0.242449496,2.501488074,-1.596982861,0
2023/2/7,1.8,-0.036502465,2.678088272,-1.485728713,0
2023/2/8,1.7,-0.203603997,2.716201375,-1.506075983,0
2023/2/9,1.5,-0.708988176,2.754314479,-1.526423253,0
2023/2/10,1.3,-0.956197914,2.810281072,-1.556301884,0
2023/2/11,1.2,-1.087717614,2.866247665,-1.586180516,0
2023/2/12,4.2,1.885557834,2.922214258,-1.616059147,0
2023/2/13,3.8,1.470094681,2.972076004,-1.642678611,0
2023/2/14,3.5,1.156237183,3.021937749,-1.669298075,0
2023/2/15,2.7,0.371595619,3.071799494,-1.695917539,0
2023/2/16,2,-0.229887866,3.157765465,-1.741811802,0
2023/2/17,2.3,0.222780226,3.139542424,-1.938260528,0
2023/2/18,2.4,0.349003011,3.205484593,-2.023598665,0
2023/2/19,2.8,0.784074349,3.179200724,-2.049882534,0
2023/2/20,2.6,0.603337842,3.103172101,-2.125911157,0
2023/2/21,2.3,0.299410969,3.103172101,-2.125911157,0
2023/2/22,2.5,0.467376413,3.103172101,-2.125911157,0
2023/2/23,1.2,-0.857951918,3.103172101,-2.125911157,0
2023/2/24,1.5,-0.572559885,3.103172101,-2.125911157,0
2023/2/25,1.8,-0.305916489,3.179200724,-2.049882534,0
2023/2/26,1.7,-0.461036694,3.631868816,-1.597214442,0
2023/2/27,1.8,-0.408608578,3.708499559,-1.520583699,0
2023/2/28,1.3,-0.952545923,3.631868816,-1.597214442,0
2023/3/1,1.2,-1.062729613,3.609101679,-1.619981578,0
2023/3/2,1.1,-1.157965007,3.535516445,-1.693566813,0
2023/3/3,1.3,-0.929015228,3.179200724,-2.049882534,0
2023/3/4,1.5,-0.67889524,3.103172101,-2.125911157,0
2023/3/5,1.4,-0.835254592,3.064614573,-2.164468685,0
2023/3/6,1.3,-0.986443562,3.000480012,-2.228603246,0
2023/3/7,1.8,-0.537881234,2.948051895,-2.281031362,0
2023/3/8,4.2,1.829909682,2.871207356,-2.357875902,0
2023/3/9,6.2,3.827012522,2.871207356,-2.357875902,1
2023/3/10,3.2,0.820794974,2.871207356,-2.357875902,0
2023/3/11,3.4,1.005340547,2.948051895,-2.281031362,0
2023/3/12,3.6,1.158479864,3.000480012,-2.228603246,0
2023/3/13,3.1,0.614241459,3.000480012,-2.228603246,0
2023/3/14,2.8,0.353405471,3.032361857,-2.196721401,0
2023/3/15,2.7,0.20001309,3.064614573,-2.164468685,0
2023/3/16,2.6,0.126427855,3.200580365,-2.028502893,0
2023/3/17,2.1,-0.344474017,3.200580365,-2.028502893,0
2023/3/18,1.8,-0.633614032,3.138557911,-1.995391246,0
2023/3/19,1.7,-0.724983638,3.181313673,-1.747416432,0
2023/3/20,1.3,-1.143204328,3.04833461,-1.676423503,0
2023/3/21,1.8,-0.634661198,3.044118108,-1.546471917,0
2023/3/22,1.7,-0.700667568,2.961525355,-1.490546071,0
2023/3/23,1.8,-0.545089227,2.935785753,-1.373391308,0
2023/3/24,1.9,-0.376726733,2.840036794,-1.322274246,0
2023/3/25,2,-0.208508225,2.674430791,-1.337276198,0
2023/3/26,2.1,-0.031960382,2.550874814,-1.283146357,0
2023/3/27,2.1,0.05900781,2.351412519,-1.304360867,0
2023/3/28,2,0.051293686,2.161212516,-1.345431194,0
2023/3/29,2.1,0.150556307,2.105418818,-1.315644866,0
2023/3/30,2.3,0.254919499,2.029141153,-1.274922855,0
2023/3/31,2.2,0.147720232,1.829738561,-1.285501314,0
2023/4/1,1.8,-0.266351062,1.698812108,-1.226760682,0
2023/4/2,1.7,-0.391526681,1.606625518,-1.166388965,0
2023/4/3,3.9,1.780688512,1.556204845,-1.029251508,1
2023/4/4,1.8,-0.348139099,1.440957804,-0.960912077,0
2023/4/5,2.6,0.44354902,1.327882274,-0.900544957,0
2023/4/6,2.9,0.709031808,1.248728619,-0.833337729,0
2023/4/7,2.7,0.503826519,1.201491951,-0.73711175,0
2023/4/8,2.5,0.331035385,1.108220745,-0.687317475,0
2023/4/9,1.7,-0.426484576,1.108220745,-0.687317475,0
2023/4/10,1.6,-0.497351542,1.138636557,-0.656901663,0
2023/4/11,1.8,-0.265644225,1.108220745,-0.687317475,0
2023/4/12,1.9,-0.124935643,1.078581581,-0.716956639,0
2023/4/13,2.1,0.103128409,1.078581581,-0.716956639,0
2023/4/14,2,0.000349055,1.078581581,-0.716956639,0
2023/4/15,1.8,-0.201234783,1.061927277,-0.733610943,0
2023/4/16,1.7,-0.276783455,1.061927277,-0.733610943,0
2023/4/17,1.9,-0.062376194,1.078581581,-0.716956639,0
2023/4/18,1.8,-0.129377372,1.108220745,-0.687317475,0
2023/4/19,1.8,-0.108669663,1.078581581,-0.716956639,0
2023/4/20,1.7,-0.210585104,1.078581581,-0.716956639,0
2023/4/21,1.9,-0.018569746,1.068131736,-0.727406484,0
2023/4/22,2.1,0.195375016,1.061927277,-0.733610943,0
2023/4/23,1.8,-0.092015358,1.061927277,-0.733610943,0
2023/4/24,1.6,-0.279013046,1.061927277,-0.733610943,0
2023/4/25,2.2,0.368249051,1.061927277,-0.733610943,0
2023/4/26,1.5,-0.35932196,1.061927277,-0.733610943,0
2023/4/27,1.8,-0.124442602,1.061927277,-0.733610943,0
2023/4/28,2.4,0.380810681,1.061927277,-0.733610943,0
2023/4/29,2.8,0.690352982,1.061927277,-0.733610943,0
2023/4/30,2,-0.215288625,1.086256515,-0.746599483,0
2023/5/1,2.5,0.202185959,1.159546376,-0.776209604,0
2023/5/2,2.7,0.332776299,1.270637703,-0.81948877,0
2023/5/3,2.5,0.072991841,1.371279185,-0.873217782,0
2023/5/4,1.7,-0.796779964,1.520792782,-0.878074678,0
2023/5/5,1.7,-0.854500633,1.607742609,-0.924494189,0
2023/5/6,2.5,-0.102465204,1.693665357,-0.970365376,0
2023/5/7,2.3,-0.358196256,1.719249332,-1.058987026,0
2023/5/8,2.8,0.091452507,1.778575056,-1.106687638,0
2023/5/9,2.7,-0.043143244,1.829089149,-1.14683969,0
2023/5/10,2.4,-0.362158035,1.879062167,-1.160334236,0
2023/5/11,2.2,-0.562489637,1.920310026,-1.182355044,0
2023/5/12,2.4,-0.356564423,1.961557885,-1.204375851,0
2023/5/13,2.2,-0.553619268,1.969249663,-1.208482226,0
2023/5/14,4.9,2.175570487,1.960654175,-1.217077714,1
2023/5/15,4.5,1.811606091,1.856426242,-1.321305648,0
2023/5/16,3.7,1.038828047,1.960654175,-1.217077714,0
2023/5/17,3.4,0.797905668,1.960654175,-1.217077714,0
2023/5/18,2.7,0.154718792,1.960654175,-1.217077714,0
2023/5/19,2.8,0.29815437,1.960654175,-1.217077714,0
2023/5/20,1.5,-0.972568611,1.961557885,-1.204375851,0
2023/5/21,1.7,-0.704790785,1.965951098,-1.194801805,0
2023/5/22,2,-0.35263755,1.97503038,-1.180541691,0
2023/5/23,2.2,-0.111060692,1.989415304,-1.160975935,0
2023/5/24,2,-0.254548628,1.986037672,-1.159172734,0
2023/5/25,2.1,-0.06447489,1.990351819,-1.161475908,0
2023/5/26,2,-0.082237445,2.172073358,-0.986371691,0
2023/5/27,1.4,-0.616615036,2.183263896,-0.981798475,0
2023/5/28,1.4,-0.534360138,2.219246092,-0.952433601,0
2023/5/29,1.4,-0.463362276,2.226802091,-0.951494923,0
2023/5/30,1.5,-0.287564902,2.231116238,-0.953798097,0
2023/5/31,1.6,-0.094694358,2.232188534,-0.959343123,0
2023/6/1,1.7,0.112932501,2.200520485,-0.991011172,0
2023/6/2,1.6,0.119808892,2.193644094,-0.997887562,0
2023/6/3,1.8,0.452716087,2.016236703,-1.175294954,0
2023/6/4,1.5,0.173388891,1.998474148,-1.193057509,0
2023/6/5,1.6,0.284693922,1.998474148,-1.193057509,0
2023/6/6,1.5,0.196212749,1.998474148,-1.193057509,0
2023/6/7,1.4,0.151476941,1.998474148,-1.193057509,0
2023/6/8,1.4,0.253990139,1.998474148,-1.193057509,0
2023/6/9,1.3,0.288891313,1.998474148,-1.193057509,0
2023/6/10,1.4,0.629194118,1.986017235,-1.205514422,0
2023/6/11,1.3,0.490911471,1.793146691,-1.398384966,0
2023/6/12,1.1,0.296012042,1.986017235,-1.205514422,0
2023/6/13,1.2,0.331576421,2.090053187,-1.101478469,0
2023/6/14,1.1,0.183371875,2.193644094,-0.997887562,0
2023/6/15,0.5,-0.465460971,2.200520485,-0.991011172,0
2023/6/16,0.5,-0.529054496,2.191284999,-0.986080665,0
2023/6/17,0.5,-0.566569222,2.213717561,-0.949482109,0
2023/6/18,0.5,-0.595196125,2.204482075,-0.944551602,0
2023/6/19,0.4,-0.732933374,2.053111243,-1.081756441,0
2023/6/20,0.4,-0.765234085,1.748765623,-1.34007758,0
2023/6/21,0.4,-0.794912518,1.518297571,-1.52452115,0
2023/6/22,0.4,-0.834438675,1.484395701,-1.506422112,0
2023/6/23,0.8,-0.475731925,1.445809194,-1.485822108,0
2023/6/24,0.7,-0.623094376,1.407222686,-1.465222104,0
2023/6/25,0.6,-0.778188403,1.368636179,-1.444622101,0
2023/6/26,0.2,-1.237741612,1.324072437,-1.420831058,0
2023/6/27,1.5,0.009341594,1.285541503,-1.400260723,0
2023/6/28,2.7,1.16683974,1.237190533,-1.37444781,0
2023/6/29,4.6,3.020664078,1.188839562,-1.348634896,1
2023/6/30,7.5,5.886081417,1.140488592,-1.322821983,1
2023/7/1,0.8,-0.855124569,1.129911048,-1.291094131,0
2023/7/2,2.4,0.721968672,1.108665499,-1.270034284,0
2023/7/3,0.9,-0.774052097,1.099092547,-1.226160368,0
2023/7/4,1.2,-0.474331341,1.068932624,-1.210059026,0
2023/7/5,1.4,-0.264998473,1.0387727,-1.193957684,0
2023/7/6,1,-0.629368646,1.00472675,-1.175781728,0
2023/7/7,1.1,-0.448457612,0.976658035,-1.16079681,0
2023/7/8,1.3,-0.191042367,1.010394031,-1.088919658,0
2023/7/9,1,-0.442122257,1.011631464,-1.064603686,0
2023/7/10,1.2,-0.178873424,1.073552173,-0.979604437,0
2023/7/11,1.4,0.148667045,1.083873771,-0.946204298,0
2023/7/12,1.3,0.069208953,1.094710226,-0.912289302,0
2023/7/13,1.2,0.024756752,1.079664226,-0.904256762,0
2023/7/14,1.3,0.153763253,1.0757782,-0.902182147,0
2023/7/15,0.8,-0.341965182,1.071892174,-0.900107532,0
2023/7/16,0.7,-0.416850648,1.068006149,-0.898032917,0
2023/7/17,0.7,-0.358248615,1.105758201,-0.883359406,0
2023/7/18,0.8,-0.239630874,1.160691539,-0.912686418,0
2023/7/19,0.6,-0.467734194,1.233231786,-0.93274763,0
2023/7/20,0.7,-0.475522492,1.293603091,-0.964977784,0
2023/7/21,0.5,-0.881613508,1.353974395,-0.997207939,0
2023/7/22,0.8,-0.588555347,1.4143457,-1.029438093,0
2023/7/23,1.3,-0.174820018,1.478391028,-1.063629682,0
2023/7/24,1.3,-0.213748418,1.542436356,-1.097821271,0
2023/7/25,1.5,-0.026179153,1.606481683,-1.13201286,0
2023/7/26,1.6,0.034927353,1.68679928,-1.172335097,0
2023/7/27,2.9,1.273079105,1.765450137,-1.214324073,0
2023/7/28,2.4,0.712709979,1.829054994,-1.24828051,0
2023/7/29,2.2,0.478070596,1.947523207,-1.311526598,0
2023/7/30,2.5,0.731942929,2.060553455,-1.371869543,0
2023/7/31,4.5,2.678253851,2.175970368,-1.429825823,1
2023/8/1,1.7,-0.177206684,2.383075401,-1.396093984,0
2023/8/2,2.5,0.568968978,2.527175939,-1.425366638,0
2023/8/3,2.1,0.115511148,2.639438049,-1.480842264,0
2023/8/4,1.1,-0.943021074,2.798887511,-1.534384683,0
2023/8/5,1.2,-0.861569004,2.938205203,-1.60805887,0
2023/8/6,1.3,-0.803852699,3.093604269,-1.597994624,0
2023/8/7,1.2,-0.921279288,3.268938759,-1.567994952,0
2023/8/8,1.1,-1.022954754,3.393192787,-1.634329887,0
2023/8/9,1.2,-0.891775383,3.422696121,-1.650080698,0
2023/8/10,2.6,0.556010297,3.452199455,-1.665831509,0
2023/8/11,2.2,0.236873337,3.481702788,-1.68158232,0
2023/8/12,1.8,-0.080745233,3.369973956,-1.838565296,0
2023/8/13,1.7,-0.046769056,3.348925918,-1.859613335,0
2023/8/14,2.8,1.150918452,3.346020032,-1.862519221,0
2023/8/15,2.5,0.927317946,3.279736748,-1.874790512,0
2023/8/16,1.5,-0.025721017,3.158356425,-1.941230649,0
2023/8/17,1.5,-0.049674942,3.152041633,-1.937859399,0
2023/8/18,2.4,0.902988787,3.145726842,-1.93448815,0
2023/8/19,1.8,0.394192591,3.109908716,-1.91536609,0
2023/8/20,1.7,0.34695231,3.159652788,-1.810681832,0
2023/8/21,1.8,0.307194904,3.123834662,-1.791559772,0
2023/8/22,1.7,0.143143244,3.08862167,-1.772760771,0
2023/8/23,1.5,-0.166307431,3.089035992,-1.725324317,0
2023/8/24,1.3,-0.505872857,3.121445212,-1.738169242,0
2023/8/25,1.7,-0.224525503,3.171996584,-1.732872015,0
2023/8/26,0.6,-1.429787513,3.207209577,-1.751671015,0
2023/8/27,0.8,-1.267590209,3.243027702,-1.770793075,0
2023/8/28,0.9,-1.212976133,3.447710089,-1.621050875,0
2023/8/29,1.2,-0.957672673,3.483528215,-1.640172935,0
2023/8/30,1.4,-0.828509097,3.350482079,-1.828159256,0
2023/8/31,1.8,-0.535529473,3.359413648,-1.86966961,0
2023/9/1,1.9,-0.528120773,3.359413648,-1.86966961,0
2023/9/2,3.9,1.41153628,3.552231834,-1.676851424,0
2023/9/3,3.2,0.669396571,3.552231834,-1.676851424,0
2023/9/4,3,0.399031371,3.242781159,-1.986302099,0
2023/9/5,2.4,-0.260390942,3.184563087,-2.044520171,0
2023/9/6,1.9,-0.790619137,3.148697648,-2.08038561,0
2023/9/7,3.9,1.195628082,2.903215733,-2.325867525,0
2023/9/8,5.5,2.763453903,2.880967817,-2.348115441,0
2023/9/9,5.7,2.971006588,2.876568868,-2.345766995,1
2023/9/10,3.4,0.670382652,2.841355876,-2.326967994,0
2023/9/11,3.2,0.471495266,2.806142884,-2.308168994,0
2023/9/12,3,0.321178935,2.770929892,-2.289369993,0
2023/9/13,1.9,-0.604249749,2.735716899,-2.270570992,0
2023/9/14,1.2,-1.19166194,2.770802028,-2.191122027,0
2023/9/15,1.2,-1.112125311,2.749360963,-2.179675383,0
2023/9/16,2.9,0.707788298,2.749360963,-2.179675383,0
2023/9/17,2.5,0.40082028,2.76921785,-2.159818495,0
2023/9/18,2.2,0.180967756,2.76921785,-2.159818495,0
2023/9/19,1.2,-0.754413369,2.790658915,-2.17126514,0
2023/9/20,1.3,-0.659871722,2.816657004,-2.185144621,0
2023/9/21,1.1,-0.863401545,2.842655093,-2.199024103,0
2023/9/22,1.3,-0.653597452,3.017051181,-2.068991852,0
2023/9/23,1.4,-0.614494524,3.045974081,-2.08443279,0
2023/9/24,1.6,-0.444255858,3.07489698,-2.099873727,0
2023/9/25,1.6,-0.464112745,2.958346692,-2.260787853,0
2023/9/26,1.2,-0.874440421,2.944975845,-2.284107413,0
2023/9/27,1.3,-0.73306427,2.804838841,-2.424244417,0
2023/9/28,1.5,-0.64686941,2.794594066,-2.434489192,0
2023/9/29,1.9,-0.298782669,2.76221918,-2.466864078,0
2023/9/30,1.4,-0.923953925,2.77447975,-2.454603508,0
2023/10/1,1.3,-1.144076967,2.77447975,-2.454603508,0
2023/10/2,2.4,-0.185710546,2.77447975,-2.454603508,0
2023/10/3,6,3.245634626,2.76221918,-2.466864078,1
2023/10/4,4.7,1.813246651,2.76221918,-2.466864078,0
2023/10/5,4.6,1.604097037,2.77447975,-2.454603508,0
2023/10/6,4.9,1.755683058,2.794594066,-2.434489192,0
2023/10/7,4.5,1.159509577,2.944975845,-2.284107413,0
2023/10/8,4.3,0.78611196,2.964832732,-2.264250526,0
2023/10/9,4.2,0.52452114,3.110305921,-2.118777337,0
2023/10/10,2.3,-1.472280641,3.223378044,-2.005705214,0
2023/10/11,2.4,-1.472599154,3.223378044,-2.005705214,0
2023/10/12,2.6,-1.353440377,3.223378044,-2.005705214,0
2023/10/13,2.7,-1.319852524,3.223378044,-2.005705214,0
2023/10/14,3.1,-0.955277281,3.223378044,-2.005705214,0
2023/10/15,3.4,-0.63460884,3.387364256,-1.841719002,0
2023/10/16,3.2,-0.804079585,3.387364256,-1.841719002,0
2023/10/17,4.2,0.160020071,3.387364256,-1.841719002,0
2023/10/18,2.1,-1.923635412,3.387364256,-1.841719002,1
2023/10/19,6.2,2.225803918,3.387364256,-1.841719002,0
2023/10/20,5.9,1.986849339,3.387364256,-1.841719002,0
2023/10/21,4.8,0.987324927,3.387364256,-1.841719002,0
2023/10/22,4.6,0.930721236,3.058746079,-2.170337179,0
2023/10/23,4.1,0.561041058,3.041528923,-2.187554335,0
2023/10/24,4.2,0.665626773,3.041528923,-2.187554335,0
2023/10/25,4.1,0.629451547,3.041528923,-2.187554335,0
2023/10/26,2.7,-0.693594834,3.041528923,-2.187554335,0
2023/10/27,2.8,-0.519800166,3.041528923,-2.187554335,0
2023/10/28,2.9,-0.350342511,2.852119744,-2.086435315,0
2023/10/29,2.7,-0.488350277,2.571121795,-1.936420214,0
2023/10/30,3.1,-0.021724334,2.270625793,-1.775995776,0
2023/10/31,2.6,-0.367559667,1.987346947,-1.598354182,0
2023/11/1,2.3,-0.527409573,1.855834319,-1.351293506,0
2023/11/2,2.2,-0.465757668,1.674985923,-1.254744793,0
2023/11/3,2.5,0.005301278,1.584600833,-1.206491314,0
2023/11/4,3.8,1.512513635,1.475392931,-1.177060646,1
2023/11/5,3.8,1.688311008,1.443687242,-1.160134074,1
2023/11/6,0.9,-1.037820149,1.318129256,-1.241081967,0
2023/11/7,1.4,-0.427274314,1.316851066,-1.240399586,0
2023/11/8,1.6,-0.055517256,1.316851066,-1.240399586,0
2023/11/9,1.5,-0.235045159,1.3207515,-1.242481893,0
2023/11/10,1.2,-0.612853964,1.366937164,-1.267138824,0
2023/11/11,1.3,-0.530581614,1.551575915,-1.21773211,0
2023/11/12,1.2,-0.657358523,1.664478422,-1.249135201,0
2023/11/13,1.1,-0.779514813,1.866254855,-1.244274599,0
2023/11/14,1.5,-0.417670928,1.994633669,-1.312811614,0
2023/11/15,1.8,-0.161647541,2.049614866,-1.454746247,0
2023/11/16,2.2,0.245076138,2.17799368,-1.523283263,0
2023/11/17,1.9,-0.058095903,2.306372494,-1.591820278,0
2023/11/18,1.6,-0.364544701,2.406946053,-1.645513028,0
2023/11/19,1.7,-0.25386797,2.487418612,-1.717346208,0
2023/11/20,2.1,0.134774641,2.473415006,-1.879633382,0
2023/11/21,1.5,-0.464937388,2.553387276,-1.922327815,0
2023/11/22,2,0.049962913,2.616699678,-1.938707413,0
2023/11/23,2.2,0.269339849,2.781084008,-1.889516885,0
2023/11/24,3.7,1.770718618,2.821885221,-1.911299244,0
2023/11/25,3.5,1.508084995,2.862686433,-1.933081602,0
2023/11/26,3.6,1.531310267,2.913522988,-1.944828619,0
2023/11/27,3.3,1.26610236,2.980590617,-1.940344561,0
2023/11/28,3.1,1.106824032,3.087345842,-1.896172907,0
2023/11/29,0.5,-1.474610585,3.231698693,-1.814403627,0
2023/11/30,0.6,-1.349744753,3.380558721,-1.72812717,0
2023/12/1,1.5,-0.408119901,3.421359934,-1.749909528,0
2023/12/2,1.4,-0.455744142,3.459051503,-1.770031755,0
2023/12/3,1.3,-0.485736725,3.518844687,-1.71023857,0
2023/12/4,1.2,-0.497639513,3.518844687,-1.71023857,0
2023/12/5,1.2,-0.411588638,3.462424862,-1.680117974,0
2023/12/6,1.3,-0.227601553,3.316548384,-1.693954261,0
2023/12/7,1.1,-0.353187312,3.226663455,-1.645967802,0
2023/12/8,1.1,-0.263903312,3.120124267,-1.612400359,0
2023/12/9,1.4,0.142192068,2.912066482,-1.674883384,0
2023/12/10,1.3,0.150661024,2.731055073,-1.677953249,0
2023/12/11,1.2,0.147571884,2.612685657,-1.614759906,0
2023/12/12,1.3,0.369793621,2.474110141,-1.540779224,0
2023/12/13,1.3,0.47672237,2.321423083,-1.459264876,0
2023/12/14,1.1,0.375483224,2.166214636,-1.376404446,0
2023/12/15,0.8,0.109756098,2.078301855,-1.265456611,0
2023/12/16,0.7,0.034765915,2.001769054,-1.188907024,0
2023/12/17,0.8,0.138478991,1.916626562,-1.121721679,0
2023/12/18,1.2,0.535027706,1.879027636,-1.005483664,0
2023/12/19,0.6,-0.078384746,1.803518965,-0.909510256,0
2023/12/20,0.4,-0.20217287,1.694115931,-0.848687744,0
2023/12/21,0.2,-0.324656399,1.601705497,-0.799353005,0
2023/12/22,0.2,-0.279924953,1.511042539,-0.750951182,0
2023/12/23,0.2,-0.232086915,1.430600981,-0.708006213,0
2023/12/24,0.2,-0.188088486,1.362782833,-0.671800445,0
2023/12/25,0.2,-0.143387582,1.29247158,-0.636679706,0
2023/12/26,0.2,-0.10165365,1.205156002,-0.615851328,0
2023/12/27,0.2,-0.064217461,1.173424288,-0.622113932,0
2023/12/28,0.2,-0.001522754,1.169074185,-0.626464034,0
2023/12/29,0.2,0.044561281,1.146747731,-0.648790488,0
2023/12/30,0.2,0.073009294,1.107108131,-0.688430089,0
2023/12/31,0.2,0.090069375,1.106379478,-0.689158742,0
2024/1/1,0.2,0.097312274,1.102430789,-0.693107431,0
2024/1/2,0.2,0.084820455,1.102430789,-0.693107431,0
2024/1/3,0.2,0.060500022,1.102430789,-0.693107431,0
2024/1/4,0.2,0.036341027,1.106379478,-0.689158742,0
2024/1/5,0.2,0.017954536,1.107108131,-0.688430089,0
2024/1/6,0.2,0.002827348,1.146747731,-0.648790488,0
2024/1/7,0.2,-0.023849208,1.169074185,-0.626464034,0
2024/1/8,0.2,-0.06816615,1.169074185,-0.626464034,0
2024/1/9,0.2,-0.096858502,1.169074185,-0.626464034,0
2024/1/10,0.2,-0.124346612,1.169074185,-0.626464034,0
2024/1/11,0.2,-0.147947118,1.169074185,-0.626464034,0
2024/1/12,0.3,-0.063488808,1.169074185,-0.626464034,0
2024/1/13,0.2,-0.169396571,1.146747731,-0.648790488,0
2024/1/14,0.2,-0.174558227,1.10828183,-0.68725639,0
2024/1/15,0.2,-0.179562808,1.107108131,-0.688430089,0
2024/1/16,0.3,-0.09465509,1.102430789,-0.693107431,0
2024/1/17,1,0.59514813,1.102430789,-0.693107431,0
2024/1/18,0.8,0.378707622,1.102430789,-0.693107431,0
2024/1/19,0.9,0.46045639,1.102430789,-0.693107431,0
2024/1/20,0.8,0.340699856,1.102430789,-0.693107431,0
2024/1/21,0.7,0.22297657,1.102430789,-0.693107431,0
2024/1/22,0.5,0.006741132,1.102430789,-0.693107431,0
2024/1/23,0.4,-0.105275099,1.102430789,-0.693107431,0
2024/1/24,0.4,-0.124080457,1.07594185,-0.71959637,0
2024/1/25,0.4,-0.141877918,1.07594185,-0.71959637,0
2024/1/26,0.5,-0.06231511,1.07594185,-0.71959637,0
2024/1/27,0.4,-0.194611458,1.07594185,-0.71959637,0
2024/1/28,0.5,-0.126035167,1.06532184,-0.73021638,0
2024/1/29,0.5,-0.159470308,1.06532184,-0.73021638,0
2024/1/30,0.4,-0.287250753,1.06532184,-0.73021638,0
2024/1/31,0.3,-0.396989397,1.06532184,-0.73021638,0
2024/2/1,0.5,-0.056800035,1.046516482,-0.749021738,0
2024/2/2,0.8,0.35397705,1.044561772,-0.750976448,0
2024/2/3,0.9,0.531323356,1.028719021,-0.766819198,0
2024/2/4,1,0.724870195,1.011126631,-0.784411589,0
2024/2/5,0.8,0.321545443,0.97707628,-0.81846194,0
2024/2/6,1,0.314293817,0.97707628,-0.81846194,0
2024/2/7,0.9,0.000650116,0.97707628,-0.81846194,0
2024/2/8,0.9,-0.19352066,0.97707628,-0.81846194,0
2024/2/9,0.9,-0.392508399,0.97707628,-0.81846194,0
2024/2/10,1,-0.47661329,0.975985482,-0.819552738,0
2024/2/11,1.1,-0.544940879,0.883346187,-0.912192033,0
2024/2/12,1.3,-0.492425498,0.77808854,-1.017449679,0
2024/2/13,1.2,-0.721274925,0.808948559,-1.040798026,0
2024/2/14,1.3,-0.728081504,0.774594397,-1.144589865,0
2024/2/15,1.3,-0.824071731,0.792877537,-1.178604402,0
2024/2/16,1,-1.202561194,0.774457505,-1.249322111,0
2024/2/17,1,-1.267415681,0.600951531,-1.427165967,0
2024/2/18,0.9,-1.421606527,0.596973023,-1.435482357,0
2024/2/19,1,-1.361682447,0.599801094,-1.436992167,0
2024/2/20,1.5,-0.87683145,0.598471448,-1.436282314,0
2024/2/21,6.2,3.832401065,0.597141801,-1.435572462,1
2024/2/22,6.7,4.343518478,0.595812155,-1.43486261,1
2024/2/23,6.9,4.558314063,0.594482508,-1.434152757,1
2024/2/24,8.7,6.381726951,0.593152862,-1.433442905,1
2024/2/25,1.2,-1.097469349,0.591823215,-1.432733052,0
2024/2/26,0.8,-1.462633623,0.591823215,-1.432733052,1
2024/2/27,1,-1.195087046,0.591823215,-1.432733052,0
2024/2/28,1.1,-1.017670928,0.591823215,-1.432733052,0
2024/2/29,0.8,-1.269510014,0.591823215,-1.432733052,0
2024/3/1,0.8,-1.176866355,0.719961679,-1.304420947,0
2024/3/2,0.8,-1.081342991,0.725878405,-1.298330579,0
2024/3/3,0.8,-0.990627863,0.826414453,-1.17507906,0
2024/3/4,0.8,-0.895436101,0.951253482,-1.02752456,0
2024/3/5,1,-0.593799904,0.936444183,-1.019618387,0
2024/3/6,0.9,-0.599829836,0.925186523,-1.008160575,0
2024/3/7,1.1,-0.32504036,0.920591457,-0.990040169,0
2024/3/8,1,-0.335254592,0.902091669,-0.980163771,0
2024/3/9,1,-0.242161525,0.883591881,-0.970287373,0
2024/3/10,1,-0.149282255,0.865092093,-0.960410975,0
2024/3/11,1.2,0.159980802,0.846592305,-0.950534577,0
2024/3/12,1.4,0.457716305,0.928435414,-0.867102806,0
2024/3/13,1.3,0.280596885,1.021314684,-0.774223535,0
2024/3/14,1.4,0.246271652,1.096134703,-0.699403517,0
2024/3/15,1.5,0.164335268,1.096134703,-0.699403517,0
2024/3/16,1.3,-0.338806231,1.258654883,-0.536883337,0
2024/3/17,1.2,-0.478454557,1.258654883,-0.536883337,0
2024/3/18,2.1,0.398909202,1.258654883,-0.536883337,0
2024/3/19,2.2,0.47240281,1.258654883,-0.536883337,0
2024/3/20,1.2,-0.555416903,1.258654883,-0.536883337,1
2024/3/21,2.2,0.431240456,1.258654883,-0.536883337,0
2024/3/22,2.3,0.519747807,1.258654883,-0.536883337,0
2024/3/23,2.2,0.414494524,1.258654883,-0.536883337,0
2024/3/24,2.5,0.712509272,1.258654883,-0.536883337,0
2024/3/25,2.6,0.81813779,1.258654883,-0.536883337,0
2024/3/26,2.5,0.723343078,1.258654883,-0.536883337,0
2024/3/27,1.9,0.142082988,1.096134703,-0.699403517,0
2024/3/28,1.8,0.088057943,1.02815617,-0.76738205,0
2024/3/29,1.6,-0.074462237,0.964484107,-0.831054112,0
2024/3/30,1.1,-0.206112832,0.956621635,-0.838916585,0
2024/3/31,1.2,0.105851041,0.940739616,-0.854798604,0
2024/4/1,1,-0.213975304,0.940739616,-0.854798604,0
2024/4/2,1.2,-0.14244077,0.956621635,-0.838916585,0
2024/4/3,1.1,-0.29505214,0.97448341,-0.872813251,0
2024/4/4,1.1,-0.340468607,1.047731292,-0.911917765,0
2024/4/5,1,-0.609014355,1.132693183,-0.932915104,0
2024/4/6,1.5,-0.229857324,1.185891036,-0.985676481,0
2024/4/7,1.5,-0.326912169,1.199904869,-1.09315806,0
2024/4/8,1.5,-0.447877307,1.262132739,-1.126379371,0
2024/4/9,1.5,-0.567280422,1.328670639,-1.161901658,0
2024/4/10,1.5,-0.659596841,1.340557217,-1.217116489,0
2024/4/11,1.4,-0.866656486,1.387637601,-1.263044833,0
2024/4/12,1.4,-0.923094376,1.32737578,-1.395623623,0
2024/4/13,1.3,-1.078659627,1.255119543,-1.540196829,0
2024/4/14,1.3,-1.151524936,1.282631544,-1.575296813,0
2024/4/15,1.3,-1.228299664,1.295025085,-1.625515257,0
2024/4/16,1.4,-1.03398054,1.285262336,-1.697889992,0
2024/4/17,2.3,-0.208560583,1.330447677,-1.722012885,0
2024/4/18,2,-0.580588158,1.368414644,-1.742282137,0
2024/4/19,12.2,9.591504865,1.326097032,-1.836013432,1
2024/4/20,10,7.358593307,1.355306032,-1.851607108,1
2024/4/21,1.9,-0.776665649,1.4073619,-1.879397939,0
2024/4/22,1.6,-1.090902744,1.442527552,-1.898171666,0
2024/4/23,3.5,0.826654741,1.477693204,-1.916945393,0
2024/4/24,4,1.324416423,1.512858856,-1.93571912,0
2024/4/25,0.6,-2.067306602,1.548024508,-1.954492847,1
2024/4/26,1.2,-1.447096296,1.58319016,-1.973266574,0
2024/4/27,1.3,-1.340638771,1.715297214,-1.895098899,0
2024/4/28,1.2,-1.413595707,1.75853236,-1.899106884,0
2024/4/29,1.1,-1.481233911,1.811379464,-1.889038743,0
2024/4/30,0.4,-2.129421004,1.806818965,-1.855142374,1
2024/5/1,0.5,-1.973336533,2.069324263,-1.5478344,1
2024/5/2,1.8,-0.601099524,2.01313126,-1.517834896,0
2024/5/3,1.7,-0.626056983,1.956938256,-1.487835392,0
2024/5/4,1.5,-0.735433483,1.957920403,-1.379719567,0
2024/5/5,1.5,-0.638492081,1.871443979,-1.33355279,0
2024/5/6,6.7,4.683070815,1.784967555,-1.287386014,1
2024/5/7,2.1,0.20999171,1.709773858,-1.223805387,0
2024/5/8,2,0.216108905,1.635369898,-1.159435021,0
2024/5/9,3,1.309721192,1.544896301,-1.111134292,0
2024/5/10,2.3,0.297046119,1.454422704,-1.062833564,0
2024/5/11,2.1,-0.202766264,1.420211093,-1.038117548,0
2024/5/12,2.2,-0.098739037,1.469546713,-0.936200109,0
2024/5/13,3.1,0.817806187,1.435401379,-0.917763626,0
2024/5/14,2.3,-0.054557354,1.401120786,-0.899462401,0
2024/5/15,2.3,-0.18249051,1.38049274,-0.8884498,0
2024/5/16,2.2,-0.28887386,1.38049274,-0.8884498,0
2024/5/17,2,-0.503747982,1.424674424,-0.844268116,0
2024/5/18,2.3,-0.218046163,1.483054423,-0.792019242,0
2024/5/19,2.2,-0.186696627,1.512598085,-0.768606705,0
2024/5/20,2.5,0.182747938,1.516595258,-0.770740657,0
2024/5/21,2.4,0.091024914,1.520592431,-0.77287461,0
2024/5/22,2.5,0.225681749,1.499043114,-0.800555052,0
2024/5/23,2.3,0.025371962,1.44865746,-0.857071831,0
2024/5/24,2.3,0.066202714,1.452654633,-0.859205784,0
2024/5/25,2.1,-0.098874296,1.456651805,-0.861339736,0
2024/5/26,2.4,0.251847812,1.416467295,-0.907655372,0
2024/5/27,2.3,-0.000174528,1.416467295,-0.907655372,0
2024/5/28,2.4,0.104232296,1.412334863,-0.905656678,0
2024/5/29,1.5,-0.793354858,1.40833769,-0.903522726,0
2024/5/30,1.5,-0.818683189,1.320724304,-0.985004987,0
2024/5/31,1.6,-0.748317989,1.400343345,-0.899254821,0
