NH3NO_raw,DO_raw,interaction_shap_value
5.5,7.53,0.01600922
1.6,6.0,-0.005527114
5.4,5.7,0.011298152
2.3,6.5,-0.005407562
5.0,5.2,0.009805504
3.3,1.5,-0.003536582
4.4,9.36,-0.008501597
3.4,5.3,-0.0026747342
3.2,7.2,-0.004229606
2.9,10.74,0.016980395
2.8,11.37,0.018942378
5.7,7.1,0.013858462
5.1,8.3,0.021262577
6.1,7.8,0.0047597373
3.8,7.6,0.00062744506
3.3,10.64,0.012533143
4.5,5.21,0.002995206
3.1,6.2,-0.0020351764
5.6,8.0,0.013609033
4.8,8.99,-0.030971333
2.5,8.29,-0.0071580936
6.9,2.6,0.002049312
1.1,10.2,0.018872976
3.0,6.6,-0.0020217262
5.6,9.2,-0.07669172
4.0,3.4,0.0022684876
2.9,10.99,0.016514748
9.2,5.1,-0.0034717615
3.5,9.76,0.012431618
2.0,6.6,-0.0056287856
3.8,9.4,-0.0072789863
2.3,2.6,-0.0018594377
3.6,6.5,-0.0045929914
3.6,8.2,-0.0042951666
7.21,0.2,0.01131738
3.4,3.1,-0.0026160087
4.3,7.7,0.0008738246
2.0,1.4,-0.0040266216
3.8,3.9,0.0028327424
3.3,4.9,-0.0014051469
5.2,2.1,0.016912436
4.0,8.8,0.00021491572
2.5,4.5,-0.0046024118
2.8,4.4,-0.0051290113
2.4,6.4,-0.003211476
3.5,3.7,-0.0015259273
11.4,1.6,-0.104216486
2.9,1.8,-0.004658032
4.0,8.99,-0.010965165
6.0,4.9,0.0064505246
2.4,8.47,-0.00702747
6.1,9.2,-0.06961694
4.6,8.4,0.005342059
4.2,1.0,0.00017048419
3.4,9.92,0.012016006
4.2,7.8,9.6419826e-05
5.1,9.28,-0.053395048
4.2,4.5,0.0011678534
5.6,9.24,-0.07778275
3.4,0.4,-0.002499532
1.6,8.5,-0.006546988
5.12,4.5,0.014118989
4.1,7.7,-0.00084983
4.4,5.7,-0.0010221801
1.4,10.6,0.018872969
3.9,12.8,-0.0072191954
2.9,6.3,-0.0060354136
3.2,2.6,-0.0008735303
3.9,6.2,-5.423464e-05
8.3,8.74,0.0058386168
1.4,9.9,0.01864846
2.5,8.4,-0.006440881
3.5,5.0,-0.0021147057
2.3,4.53,-0.005587673
7.3,4.5,-0.007054536
2.1,5.4,-0.003528203
3.6,7.3,-0.004274646
4.3,6.2,0.00040180702
3.0,2.5,-0.0018874779
4.2,4.97,0.0025590248
3.9,6.4,0.00014921464
4.3,4.4,0.0011032808
3.4,3.1,-0.000115305185
5.2,2.2,0.012706485
2.4,10.5,0.018355012
3.4,7.99,-0.005181432
2.9,6.8,-0.006008587
2.8,9.3,0.01698038
3.3,9.45,0.01194578
5.7,5.1,0.007981303
5.2,9.42,-0.053463105
3.2,5.4,-0.0017047441
2.9,2.1,-0.0035541784
6.3,5.6,0.0048928335
2.8,6.7,-0.0069140345
2.3,11.71,0.018690888
7.3,2.7,-0.0015593059
3.3,5.7,-0.0018965639
4.4,6.5,-0.00048411638
4.6,8.99,-0.02317775
7.2,1.5,0.010551475
8.6,5.4,-0.012808267
3.5,10.72,0.012533151
10.3,5.3,0.031934813
2.1,3.5,-0.0055798925
3.5,5.7,-0.00364568
3.3,6.3,-0.0036706394
5.0,9.04,-0.056871872
2.6,7.4,-0.0033498267
5.3,3.0,0.009728629
1.9,11.2,0.018540911
5.2,7.9,0.016135866
3.9,0.9,-0.0008660853
3.2,3.8,-0.004190607
4.1,6.4,-0.00075445045
5.5,8.2,0.01809784
5.8,10.28,-0.07726346
2.7,3.1,-0.001615569
2.8,1.7,-0.003928788
2.8,6.08,-0.0059295725
3.6,6.3,-0.0018487163
2.1,2.1,-0.004035687
20.0,7.5,0.044726
4.0,7.0,0.0007809587
2.3,11.67,0.018634051
2.5,5.2,-9.771716e-05
2.2,6.1,-0.005708672
2.9,7.4,-0.003122544
2.2,4.8,-0.0029262411
3.9,6.7,-0.00027634948
1.6,4.1,-0.00337122
2.8,7.5,-0.00315791
3.8,2.6,0.0027733166
3.2,11.21,0.011150092
2.6,9.2,0.016798828
4.21,3.0,0.0026244316
3.2,1.9,-0.0026212744
2.9,1.7,-0.0044764727
1.9,4.3,-0.0022978545
2.3,7.2,-0.0060847993
7.6,1.7,-0.0010084584
9.2,3.1,-0.010233775
6.8,4.5,-0.0005598851
3.8,5.9,0.0003180541
8.5,3.6,-0.004624054
5.8,5.5,0.0091139
2.8,5.0,-0.0047756946
5.2,5.0,0.007838568
3.6,2.2,-0.001058355
4.9,5.0,0.008537118
1.9,8.5,-0.006717139
2.6,3.2,-0.001282163
4.3,4.05,0.0024074744
4.2,6.6,0.0009345822
4.3,12.03,-0.007618211
4.5,1.12,0.002073221
3.6,4.2,-0.0038271714
2.2,9.31,0.016516028
4.6,7.93,0.005297819
6.0,1.9,0.027156087
2.7,5.9,-0.0028433036
4.1,8.7,-0.00020673871
6.7,1.3,0.013492066
4.5,3.89,0.0026469454
2.7,8.48,-0.007208526
3.4,6.5,-0.0044042477
3.6,5.9,-0.004511948
7.6,3.8,-0.0046120957
1.9,6.8,-0.0062817354
2.4,2.4,-0.00011532381
6.6,6.2,0.010245295
3.9,7.7,0.00048410706
6.2,1.7,0.021959484
2.3,10.7,0.018359367
2.8,7.66,-0.006175668
2.6,3.7,-0.0036054086
1.9,5.8,-0.005044342
5.3,1.81,0.01875034
3.3,9.22,0.0122727975
3.2,8.1,-0.0040949266
4.8,10.75,-0.027165055
2.9,6.7,-0.0064867153
1.9,5.9,-0.0029458655
3.2,3.1,-0.0032091439
1.1,5.0,-0.0034726313
4.6,5.2,0.008388052
5.2,7.3,0.015325091
4.6,9.01,-0.02390226
5.63,1.6,0.03140132
2.3,3.6,-0.0020281728
2.4,11.81,0.018821511
8.6,5.0,-0.015221598
5.35,5.1,0.013027316
2.3,2.1,-0.0040340796
7.72,0.4,-0.0007230267
4.2,12.18,-0.007618211
2.2,5.0,-0.002618301
2.7,0.5,-0.004602812
4.5,3.39,0.0026962683
3.1,5.6,-0.003534872
2.8,7.35,-0.0064315386
2.5,5.5,-0.0033188947
4.3,6.4,0.00048001483
5.3,4.4,0.008211551
3.6,7.6,-0.0049934164
3.3,4.4,-0.004144703
6.7,7.1,0.0032955986
1.5,10.3,0.018632576
5.4,5.9,0.006827309
2.0,6.2,-0.00618489
5.2,2.0,0.017542522
7.31,1.4,0.010551468
2.3,9.03,0.014666552
2.9,7.0,-0.0033498257
4.1,3.0,0.0027192645
4.1,7.8,0.00035582297
3.8,6.4,0.0010821149
2.7,7.54,-0.0060272776
2.3,8.65,-0.0073957164
1.7,10.7,0.019124463
22.3,0.0,-0.028430574
2.7,10.5,0.01821541
4.6,1.18,0.0073864795
4.6,4.3,0.0033020824
2.1,9.5,0.018541712
4.2,6.2,5.341135e-05
3.2,3.8,-0.001267599
2.9,0.6,-0.0049806386
6.2,5.0,0.015573708
5.5,5.9,0.0069735255
5.08,2.1,0.012317974
2.6,10.5,0.018610861
6.9,3.8,-0.003958011
4.5,6.0,0.00021107402
7.6,5.1,-0.014529033
10.6,0.0,-0.038710263
6.5,7.7,0.011388918
2.2,2.4,-0.0028104447
3.3,2.1,-0.0012068115
3.6,8.88,0.008614792
3.5,6.0,-0.00402045
4.5,8.85,-0.008968471
8.9,3.8,-0.0045666397
4.2,7.49,-0.00016639568
15.2,0.1,-0.02829957
4.1,9.2,0.00066430867
6.2,4.5,0.006680442
2.6,7.3,-0.0071145613
3.9,6.17,0.0012335107
2.7,1.5,-0.0032730326
3.2,2.4,0.00057022646
3.5,5.1,-0.0017674714
4.1,4.7,0.0013346085
5.6,0.0,0.03965698
3.7,2.2,-0.0032195263
7.4,9.05,-0.009705944
6.3,4.3,0.012611019
1.6,10.5,0.01915
3.1,5.9,-0.002046764
5.99,7.6,0.0043014856
8.3,2.1,-0.010499607
3.2,9.24,0.012360722
3.3,4.9,-0.0027765464
4.5,7.24,0.00019120146
6.4,10.35,-0.069360174
4.2,8.0,0.0006156955
5.0,6.5,0.016787315
4.4,4.2,0.0024667066
3.0,8.9,0.009229185
3.0,7.3,-0.0046418253
3.1,1.1,-0.002779439
1.7,10.6,0.019124463
3.1,5.7,-0.001961667
4.2,4.2,0.002288485
4.6,7.7,0.0064021163
7.2,5.3,-0.02217024
3.3,1.5,-0.00082339346
5.6,4.6,0.007511189
2.9,10.03,0.018456537
2.7,6.0,-0.0057382295
6.1,8.7,0.014765626
8.4,8.66,0.005838618
3.5,6.0,-0.004693509
4.5,2.8,0.002636116
3.1,4.8,-0.0018997263
2.3,11.92,0.016943716
2.3,11.09,0.016514756
8.9,3.3,-0.006195333
7.3,5.5,0.008687683
5.4,9.86,-0.052698046
2.6,11.43,0.018788353
2.9,10.11,0.019006561
4.2,4.0,0.0027433522
4.2,7.8,0.0011293087
4.2,7.7,0.00061169267
7.1,5.6,0.0018502718
6.8,2.4,0.0019146167
5.02,0.6,0.012467235
4.2,6.4,0.00016214699
1.9,10.5,0.019314922
3.2,9.4,0.012754157
5.1,9.5,-0.052629977
2.5,7.17,-0.006546694
3.0,10.56,0.012281664
3.1,8.3,-0.005699344
4.2,2.6,0.00301373
2.6,9.2,0.018540923
5.34,4.5,0.013620738
4.0,9.6,-0.007745482
2.8,9.5,0.01856266
3.9,6.3,0.0024580127
3.5,3.8,-0.0004502274
5.8,3.7,0.00786759
3.1,7.2,-0.0028047785
2.2,4.0,-0.004359221
5.8,7.6,0.014733344
1.9,2.5,-0.003025651
4.2,4.4,0.0006626528
3.8,2.6,0.003483327
2.7,8.2,-0.0061268136
3.8,6.1,0.001519708
3.0,7.6,-0.0041753286
9.8,0.0,-0.032124832
4.3,5.0,0.0008680932
8.1,8.82,0.0015203981
3.1,6.8,-0.0055121323
2.5,7.4,-0.003000997
5.1,3.3,0.018097885
4.2,8.5,-0.0018317197
4.51,2.4,0.0042504743
3.1,2.5,-0.0011704545
3.5,5.9,-0.0019629467
7.2,2.2,0.0071396306
3.3,1.3,-0.003248252
2.5,11.8,0.018540915
2.2,11.72,0.0189699
2.6,4.5,-0.002112532
2.5,10.9,0.018438444
11.5,0.7,-0.04543747
3.9,3.1,0.002939038
2.8,6.7,-0.006381864
3.5,9.71,0.012473565
4.4,1.96,0.0028702617
3.4,3.1,0.00044890307
2.9,1.7,-0.004945282
6.3,5.4,0.0055199163
5.1,2.5,0.014790984
3.4,3.8,-0.0008816924
2.6,7.7,-0.0033144718
3.2,2.4,-0.0014037723
5.3,7.6,0.017141981
3.2,3.4,-0.00051040575
3.6,3.6,-0.0022414308
2.1,5.3,-0.0024321126
2.7,5.1,-0.0024298478
2.9,10.19,0.01905452
4.7,8.3,0.0051089916
2.0,6.6,-0.0056376415
2.8,9.91,0.01820504
3.5,1.4,-0.002779439
6.2,9.87,-0.06961168
3.2,2.8,-0.0025034696
4.2,5.8,0.00057034567
6.3,3.2,0.013126249
3.5,8.31,-0.0055914484
2.2,6.2,-0.005044345
2.8,7.3,-0.006457038
3.1,10.44,0.012281671
6.5,4.7,0.0014905601
5.31,4.1,0.013672549
2.2,5.6,-0.004346393
5.21,2.3,0.016362421
3.4,4.9,-0.0041828933
4.9,7.7,0.018910319
2.2,7.0,-0.006576688
2.5,6.7,-0.006135676
2.8,0.1,-0.011078458
5.4,1.5,0.016315002
10.4,4.7,-0.0030631265
1.2,10.2,0.018814139
4.3,8.1,0.0011973921
1.5,9.3,0.019124478
3.2,7.6,-0.0053305766
2.7,2.3,-0.0028104447
2.4,7.2,-0.0032437108
2.9,9.49,0.01882153
3.1,1.9,-0.0027890354
3.5,7.6,-0.004411163
4.2,6.2,0.0012295814
7.7,5.0,-0.0055502225
5.9,3.2,0.007649958
7.9,2.8,-0.0117064575
2.1,5.0,-0.0030252975
2.9,7.7,-0.003122544
4.3,6.0,0.0010633096
3.4,6.3,-0.0040839147
3.5,3.8,-0.0016833097
2.9,2.9,-0.0041105803
2.7,2.6,-0.0013954528
6.8,6.3,-0.004804087
4.3,2.04,0.0028021745
5.5,7.0,0.012396625
5.5,7.4,0.016858703
3.2,8.2,-0.0042657284
5.8,3.5,0.016994948
4.2,1.61,0.0020156465
3.2,6.1,-0.0036719204
1.5,10.5,0.018632583
2.2,10.95,0.016514756
3.4,5.6,-0.0039446647
5.8,6.3,0.00715567
3.9,5.2,0.003282573
7.7,2.5,-0.012486707
2.5,6.3,-0.0050293608
3.6,4.2,-0.00050956104
3.1,4.7,-0.0008594245
5.21,4.8,0.017268064
2.6,7.17,-0.006175669
2.8,7.85,-0.0061716614
8.9,7.3,0.0057675615
7.1,3.0,0.0014090165
4.4,8.38,0.0006745234
2.8,7.7,-0.0032353979
4.4,6.8,0.00023756083
3.1,6.1,-0.000102376565
10.6,10.8,0.065157965
2.5,9.3,0.018723272
3.8,12.71,-0.0075542107
3.2,4.9,-0.0038381629
4.6,6.5,0.005048571
4.0,5.7,0.0010980275
3.0,6.9,-0.003530548
2.2,7.9,-0.006472254
5.3,4.8,0.018367413
2.7,6.3,-0.005717788
1.5,10.5,0.019390397
3.1,3.2,0.00017153472
2.3,3.0,-0.0026159715
8.8,2.5,-0.020482752
8.2,2.9,-0.0014808802
3.8,3.5,0.0015513748
4.5,4.8,0.00034642313
9.5,1.4,-0.008833855
9.7,4.3,-0.012180397
1.6,10.3,0.018648468
2.8,7.9,-0.003155442
5.6,3.8,0.008939121
3.2,3.0,-0.0012386236
2.2,8.81,-0.0073957136
8.6,3.6,-0.004902033
5.4,9.02,-0.0573375
2.5,11.5,0.01820505
2.8,1.0,-0.0055733398
3.2,4.9,-0.0015988313
3.9,8.96,-0.011195563
2.9,4.6,-0.003638683
3.1,5.5,-0.004779121
3.5,8.2,-0.0039443662
3.6,7.6,-0.0053758454
4.5,6.3,0.0003037462
2.5,4.3,-0.004597662
3.2,6.7,-0.0050027687
3.4,6.8,-0.0043454035
6.2,4.5,0.0065788254
2.6,6.7,-0.0068281693
5.1,9.57,-0.05321166
4.3,8.95,-0.010899885
4.2,8.9,-0.011034809
7.5,4.2,0.005442571
4.8,9.17,-0.02716504
7.2,6.8,-0.017616427
11.4,7.6,0.048103444
9.5,1.4,-0.04381703
5.7,3.3,0.008711711
5.2,8.1,0.006904375
1.8,6.7,-0.0064775394
8.9,0.9,-0.0110106915
2.8,4.4,-0.0036745758
3.1,0.2,-0.004354872
4.8,3.77,0.010116486
2.6,4.1,-0.0015475899
6.6,9.14,-0.0029833615
1.5,10.2,0.01912447
4.1,1.9,0.00014705956
4.3,5.5,0.00057394337
3.5,1.3,-0.0009366572
5.9,3.7,0.014960168
4.8,4.3,0.00540338
3.1,6.5,-0.0022923257
2.8,10.48,0.019006573
5.2,6.3,0.0066456744
4.9,8.2,0.018584952
3.1,3.6,-0.0015259264
7.6,5.3,-0.007394929
7.7,6.5,0.00036980305
3.6,9.0,0.008458998
3.9,2.4,0.0045834742
5.0,4.87,0.018627746
1.5,5.3,-0.0023065703
4.3,5.3,0.00062652957
4.6,1.9,0.0075547546
5.5,4.7,0.007098
6.0,5.9,0.00504403
3.5,7.9,-0.004658645
4.9,2.9,0.010442931
4.6,8.2,0.005607063
3.2,3.8,-0.0024321638
5.1,8.94,-0.056873202
5.3,4.8,0.008015125
4.4,1.5,-4.144758e-05
5.6,5.5,0.0071897972
5.21,5.0,0.012765259
2.7,3.8,-0.0027126875
2.8,2.3,-0.0030574799
6.7,0.8,0.01492653
2.4,3.5,-0.0042623486
6.3,3.3,0.0076789595
3.8,3.9,0.00093355216
4.3,7.17,0.0012509115
1.7,8.7,-0.0069800355
3.9,7.9,0.00093671866
2.1,5.19,-0.0043648668
2.8,4.5,-0.0013033315
4.5,4.1,0.0012652874
2.1,3.7,-0.0025922516
9.8,3.8,0.03067556
5.0,10.57,-0.05318992
3.6,2.6,-0.0014574919
5.1,4.73,0.018155541
7.8,6.8,-0.0028037801
2.1,9.28,0.018196188
4.5,8.98,-0.011028308
3.3,8.6,-0.0056904876
5.8,0.0,0.034474667
3.3,5.6,-0.0046776645
1.3,8.2,-0.0056205625
5.8,8.8,0.008524495
3.5,3.1,0.0001521334
4.3,6.02,0.00067846756
3.2,5.0,-0.001915439
8.2,6.5,-0.019057434
5.2,9.5,-0.05347942
4.8,4.2,0.0038554445
3.8,7.7,0.0011168309
5.2,8.1,0.015987815
9.5,2.5,-0.03652124
2.9,10.84,0.0163332
7.6,10.7,0.040944267
11.5,5.1,0.024649788
5.3,7.3,0.00901923
2.4,8.81,-0.0070274686
3.8,4.9,0.00031010713
6.1,4.4,0.014633137
3.6,8.1,-0.004276488
6.1,4.4,0.012790525
1.9,4.5,-0.002724614
2.8,3.4,-0.0054258946
2.6,5.4,-0.004372467
4.0,4.8,0.0016808473
2.5,6.4,-0.007048703
3.1,2.9,0.0007819161
3.0,2.84,-0.0011645574
2.3,10.4,0.018509328
7.9,5.1,-0.0071806214
6.1,6.0,-0.0031732237
3.3,9.19,0.01228166
6.2,5.2,-0.0025479645
7.2,4.6,-0.004529137
5.6,7.6,0.016229693
3.6,5.8,-0.004112127
2.3,7.83,-0.006157182
1.8,11.1,0.0185422
2.1,4.1,-0.0025922498
2.6,0.0,-0.013217952
4.2,7.2,-0.0002905589
3.9,5.9,0.00028388295
3.9,4.7,0.00043269433
3.2,4.0,-0.0038183145
4.5,6.7,0.00087382086
3.7,6.5,-0.005163714
2.2,8.6,-0.0063812644
4.7,8.9,-0.010475358
2.2,6.0,-0.006661065
5.2,9.6,-0.05354753
3.9,6.6,0.0003944384
5.3,2.8,0.009763986
4.3,5.3,0.0021203067
3.7,3.3,-0.0020262655
2.0,5.8,-0.005303956
3.9,6.0,0.00075078756
6.1,3.1,0.015364727
2.4,3.9,-0.005342478
3.9,6.0,0.0013433099
6.7,4.2,0.0004690364
5.8,6.8,0.006403178
3.0,3.3,-0.00154729
3.9,6.9,0.0011168309
3.3,9.3,0.011843298
2.3,3.6,-0.0014251508
2.6,7.6,-0.0033498257
8.6,5.7,-0.0031703906
2.2,10.9,0.016514748
7.01,3.5,-0.00018686056
2.1,9.01,0.014666555
4.4,3.1,0.00019979104
2.6,5.9,-0.006711996
2.8,7.9,-0.0066724066
3.9,5.3,0.0007979716
2.6,8.24,-0.0057397787
4.1,7.5,2.4335459e-05
4.1,5.2,0.002888862
4.5,5.3,0.0013680747
6.2,3.4,0.012720389
6.8,8.72,0.011652628
1.6,10.3,0.018456545
2.6,7.0,-0.0066778576
3.2,4.6,-0.0013988111
3.2,8.1,-0.004663214
16.2,5.5,0.010134872
5.37,7.2,0.006930439
4.1,7.4,5.16586e-05
4.0,6.5,0.0007445384
9.7,0.6,-0.024489302
5.4,0.5,0.01896447
2.9,2.5,-0.0021535829
3.3,9.25,0.012281645
4.0,4.7,0.0022692233
6.4,2.9,0.00951764
3.1,6.5,-0.004188114
6.9,2.4,0.00029401854
2.8,6.21,-0.006039748
12.8,4.6,0.013131037
4.3,5.1,0.0020228445
3.2,2.9,-0.0027030576
3.3,8.9,0.009389798
1.9,9.2,0.019006558
2.9,10.24,0.019006573
4.6,8.0,0.004050357
2.3,8.6,-0.0073306104
3.6,3.7,-0.0024321657
2.5,4.2,-0.004111832
2.4,8.57,-0.0071580946
2.1,5.1,-0.0035419716
2.8,11.06,0.016514748
1.6,10.8,0.019306019
2.8,2.4,-0.0033615232
7.2,4.4,-0.0017735446
7.6,8.87,0.023304425
3.0,6.2,-0.0028424244
3.4,8.3,-0.0057357596
11.3,7.8,0.04922343
3.9,6.5,0.00039176643
5.0,7.9,0.016531447
7.8,2.2,-0.00069947913
3.5,8.4,-0.005332889
2.9,1.9,-0.0046262294
1.6,8.5,-0.0065469914
4.21,1.0,-0.0006855801
1.7,11.1,0.01863258
3.2,8.8,-0.005354615
4.4,7.6,0.00010341592
4.8,7.9,0.008080918
2.0,9.5,0.01959987
3.2,6.3,-0.0023220144
7.8,2.2,-0.026147826
3.5,2.7,-0.0011516102
7.6,0.0,0.0009237565
4.3,7.5,0.0005337
3.5,6.8,-0.0038640995
3.9,6.1,-5.554594e-05
2.2,5.2,-0.003528202
2.4,6.3,-0.0071035083
2.8,3.3,-0.000919763
3.5,7.8,-0.0048831664
2.2,11.54,0.018942378
2.1,6.2,-0.0043769022
2.3,4.4,-0.004573755
4.3,8.57,-8.409284e-05
2.5,5.7,-0.0031185579
1.6,10.1,0.019054532
2.4,7.3,-0.0029922202
2.9,10.19,0.018456526
5.3,8.93,-0.0568732
2.9,8.0,-0.0033120103
3.5,7.1,-0.004175324
6.3,5.3,0.005867869
6.4,4.9,0.006234475
3.3,0.8,-0.0023179688
5.7,9.4,-0.077173635
4.6,8.6,0.0048201755
5.1,8.1,0.015595518
4.3,9.8,-0.0073805824
5.6,2.0,0.03102545
10.6,2.8,-0.1029081
3.4,3.1,-5.1273033e-05
3.1,8.7,-0.004689241
2.5,2.2,-0.006042734
3.8,9.36,-0.007755704
3.5,0.0,-0.022740647
4.4,9.7,-0.0021226183
7.9,3.2,-0.0037715621
3.4,5.6,-0.003204499
3.9,6.3,0.0007208027
3.6,2.5,-9.198859e-05
6.3,10.47,-0.06936018
7.51,3.2,0.00019297376
6.3,8.0,0.0051188464
7.2,9.6,-0.0015535206
2.4,6.6,-0.0066785836
5.3,5.7,0.01704266
2.1,11.76,0.016943723
4.7,3.3,0.0044651777
1.6,11.1,0.01879241
2.6,4.8,-0.0038191979
5.4,2.8,0.008308845
3.8,4.2,0.0025275722
3.7,6.9,-0.004596163
7.2,5.5,-0.018185867
3.4,10.34,0.012095764
4.1,7.9,-0.0001397187
3.2,9.2,0.012533143
1.9,9.6,0.01863259
2.6,8.44,-0.0065355795
5.5,6.0,0.0076042325
7.3,3.0,-0.0019790195
2.8,5.2,-0.00076563284
3.5,6.0,-0.005223859
5.1,1.18,0.017925847
4.2,7.1,2.4333596e-05
7.8,5.4,-0.024055684
4.3,2.2,0.001824921
5.3,5.5,0.0057862587
3.8,4.2,0.0029870532
5.4,7.3,0.017110191
5.4,0.0,0.024949156
2.9,4.0,-0.0046220683
2.1,6.7,-0.0060302485
2.3,4.7,-0.0025304211
1.4,8.3,-0.0068522138
4.1,7.9,0.0009505134
2.6,9.07,0.01466655
2.6,2.0,-0.0050747246
4.7,2.9,0.004720133
4.1,9.36,-0.0076182187
7.7,5.7,0.0020664916
3.1,5.7,-0.0045504207
4.2,4.7,0.0026464472
4.5,9.6,-0.008309685
3.1,9.6,0.01219726
3.2,8.3,-0.004313698
3.2,9.68,0.0121001005
3.2,2.9,-0.0025935695
1.5,8.4,-0.00654699
2.7,7.1,-0.0053857435
7.3,5.8,0.004442498
3.5,6.3,-0.0017160475
8.7,3.3,-0.0075059496
2.0,5.2,-0.002766796
5.7,8.0,0.0067449985
2.6,3.5,-0.002663536
5.9,9.5,-0.069351636
2.8,10.45,0.019054525
1.7,11.2,0.01912447
1.5,9.8,0.019124478
1.7,5.1,-0.0032467656
7.3,3.5,-0.0030943751
4.6,7.6,0.004206443
4.6,1.98,0.0077910665
3.2,11.64,0.010684475
5.9,5.0,0.0065406635
3.4,2.5,-0.0014300793
1.9,7.0,-0.0051957406
4.3,1.82,0.0020156503
2.4,10.5,0.018396955
4.6,5.7,0.0060141077
1.8,8.7,-0.007330613
2.2,4.4,-0.0022348678
3.2,2.9,-0.0025034714
7.1,5.5,0.007846069
4.4,6.2,-0.00045308936
2.9,5.5,-0.0061385958
4.8,0.87,0.0107882805
2.1,7.9,-0.006966701
3.4,7.4,-0.0029738732
1.4,10.5,0.019306023
6.7,0.0,0.01461935
7.4,5.8,0.0029665064
5.1,3.5,0.008176254
3.3,8.7,-0.0032713963
2.2,10.95,0.018928505
3.0,8.3,-0.005344255
3.1,6.8,-0.004345405
2.3,7.88,-0.006444445
7.1,4.0,0.006720042
3.6,3.2,-0.0024853833
8.8,7.5,0.013867259
2.2,9.29,0.018942382
3.1,8.9,0.008691309
5.6,5.0,0.0070744352
4.2,5.9,-0.00086855236
5.5,6.2,0.006864582
3.4,6.3,-0.0020705312
4.2,6.6,0.0009134831
2.1,7.4,-0.006295979
2.5,8.83,-0.007217383
3.4,11.66,0.012929648
2.2,6.3,-0.0056213103
3.1,3.5,-0.0035186876
2.9,0.4,-0.00327304
2.3,7.3,-0.0059396597
3.5,6.6,-0.0053713396
3.6,0.6,-0.0016499832
8.5,2.1,-0.0009557642
3.3,11.62,0.012710653
4.8,8.9,-0.029831126
3.7,6.2,-0.0038239076
7.2,5.6,0.004331231
2.8,2.9,-0.0033831839
3.2,10.74,0.012094796
3.5,3.1,-0.0026070774
3.8,9.2,-0.007661313
5.1,8.91,-0.056126982
3.0,5.0,-0.001871041
2.4,5.3,-0.002435795
8.3,0.8,-0.0009343922
4.0,9.36,-0.008016348
7.3,3.6,-0.0035101473
2.1,2.3,-0.00026368722
4.5,4.2,0.0009874124
2.7,4.6,-0.0019621681
3.9,0.9,0.003187865
3.9,6.2,0.0011211801
7.1,1.9,0.0104949325
2.6,8.44,-0.0070598414
6.4,7.0,-0.003945611
8.2,7.7,0.0027587079
3.7,7.9,-0.0046586506
1.5,9.9,0.01846692
2.0,5.9,-0.005777876
4.5,10.64,-0.008318186
3.2,4.0,-0.002360072
2.4,4.2,-0.0024179444
1.5,10.4,0.019306041
5.3,8.96,-0.057337508
6.5,9.23,-0.050313607
2.5,6.0,-0.0057882573
7.5,2.8,-0.0016006809
2.6,3.9,-0.0036325492
4.2,8.76,-0.00014366023
5.6,5.8,0.010590609
10.6,1.7,-0.04134019
1.9,11.2,0.018540941
1.5,11.2,0.018792406
5.3,6.1,0.01649198
4.6,4.9,0.0067088027
4.7,5.5,0.0048713395
5.1,8.77,0.020759959
5.3,9.48,-0.053211667
2.3,11.5,0.018540915
2.2,6.4,-0.006549778
5.3,4.1,0.007413363
2.0,8.7,-0.0075820973
3.5,9.0,0.006882515
3.9,3.9,0.0018455144
5.3,3.8,0.0068291575
1.8,4.9,-0.0033769803
2.1,11.13,0.019180015
4.4,6.4,-0.0007898044
7.6,1.0,-0.0011799559
3.7,5.4,-0.00072755676
1.5,3.4,-0.00306095
2.9,2.5,-0.0036557335
4.6,0.0,0.013465166
5.4,7.5,0.015155554
3.5,4.7,-0.0017727967
3.4,9.25,0.012121819
3.8,7.4,0.0005776733
3.3,7.7,-0.0039288225
4.5,6.3,-0.00025084522
6.6,9.75,-0.03851571
3.5,3.8,-0.0003871154
3.2,2.8,-0.00081982836
5.0,9.18,-0.053395014
4.2,6.3,5.3409487e-05
4.2,6.7,0.00048001483
4.3,12.65,-0.0034565106
2.1,5.0,-0.002362166
3.5,1.4,-0.0033317395
3.5,9.1,0.008658765
2.8,2.0,-0.004945291
5.1,10.38,-0.053211667
7.7,6.7,-0.018693153
3.4,6.6,-0.005283083
5.2,5.5,0.01246583
6.3,4.3,0.0066954694
8.5,10.4,0.04091893
2.1,6.4,-0.006547952
8.6,0.4,-0.011642704
5.0,1.5,0.0071204826
4.6,4.2,0.0068906005
2.8,7.0,-0.006107997
3.8,0.8,0.0012578443
1.7,10.8,0.018632572
3.1,10.4,0.012095749
5.6,4.4,0.01286763
3.7,4.2,-0.0031289887
1.5,4.9,-0.0037492672
5.6,8.8,0.007760735
4.5,4.8,0.0018661283
5.2,2.5,0.01575383
3.0,4.6,-0.002001645
1.5,8.0,-0.00629198
3.7,2.7,-0.00059761666
1.8,4.9,-0.0058384957
5.9,4.1,0.015261831
4.2,5.76,0.00058616605
4.5,7.2,-0.00086416956
3.5,3.5,-0.0039065704
3.7,4.0,-0.0025768187
2.7,8.3,-0.0075820955
3.6,5.3,-0.003230596
2.6,5.0,-0.005746728
2.3,5.5,-0.002457887
2.0,10.8,0.01953641
3.1,1.7,-0.0025527403
6.0,5.3,0.0061996607
2.7,3.4,-0.002315469
4.7,7.1,0.005013222
2.9,2.5,-0.002810724
2.6,6.8,-0.005687629
1.8,7.2,-0.0062713744
8.0,5.6,0.001888653
2.2,11.06,0.018685587
2.8,4.7,-0.0024590213
5.6,3.8,0.00833701
3.6,9.26,0.012044821
2.7,5.8,-0.0059544933
6.1,8.0,0.010053748
2.9,8.25,-0.0061010383
1.8,3.0,5.0000846e-05
2.5,10.7,0.018542212
3.4,6.4,-0.0053305784
2.5,8.65,-0.006535579
4.6,8.71,0.0049456162
2.7,6.4,-0.005687625
2.3,5.5,-0.0029411744
3.9,4.5,8.2785264e-05
5.5,5.9,0.0077150934
3.5,9.03,0.007889848
5.0,8.25,0.017391857
3.2,3.7,-0.003111923
3.4,5.6,-0.0038790824
3.6,6.8,-0.0038448907
4.2,3.6,0.0009785471
2.3,1.3,-0.0029423535
4.5,8.6,-0.00037634
2.8,7.5,-0.0061756615
3.2,4.6,-0.0008910969
3.8,7.2,0.00078094844
4.3,9.47,-0.007491499
3.4,2.2,-0.0028227754
1.9,6.1,-0.0052259015
5.5,9.0,-0.0573375
8.2,0.8,-0.024010928
4.5,8.58,0.00035789236
5.6,6.7,0.015455635
3.3,11.52,0.0123747885
3.8,6.7,-0.00010599755
6.6,0.0,0.019018061
2.5,7.8,-0.0031900406
2.7,5.3,-0.0010171179
2.0,3.9,-0.0027422197
2.4,8.47,-0.007059842
2.4,6.3,-0.002831716
3.6,4.5,-0.002537596
2.1,8.9,0.013954158
4.1,10.1,-0.008165725
4.5,4.9,0.0009333696
3.3,10.18,0.0121129565
3.0,9.22,0.012380693
1.6,5.2,-0.004447487
3.0,7.23,-0.0048278347
7.8,6.3,-0.0037971605
2.3,8.78,-0.0073696473
2.6,7.0,-0.0066764075
2.5,11.7,0.01853206
5.5,8.41,0.020558242
3.2,7.3,-0.004732847
4.9,5.49,0.01805034
5.7,4.4,0.017093249
3.2,4.9,-0.0019011219
5.8,4.2,0.016785141
3.0,8.6,-0.0050740186
3.1,0.0,-0.02274065
4.2,9.37,-0.0080418885
2.8,7.8,-0.0058781384
3.4,3.4,-0.004123492
2.5,4.5,-0.0029102906
2.6,12.18,0.016613789
3.0,4.0,-0.0015644687
2.5,11.0,0.019306023
3.9,3.3,0.003838038
4.1,8.85,-0.009300373
5.6,1.0,0.022844851
6.3,1.7,0.030257657
4.2,8.84,2.9662624e-07
1.8,11.1,0.018540915
5.6,4.8,0.008061962
1.9,2.5,-0.00058435276
5.4,9.4,-0.020607822
2.3,9.21,0.01933603
3.0,6.8,-0.0024388507
2.4,11.89,0.01679533
1.8,11.2,0.018632565
3.2,10.64,0.0127952695
4.3,6.0,-0.0016087033
7.1,4.7,-0.0053332327
4.5,7.47,0.0010344461
4.5,7.3,0.0008738227
6.8,2.5,0.0014252607
3.2,2.2,-0.0012062676
5.0,6.6,0.016323788
3.5,7.5,-0.0047214925
4.2,10.76,-0.008242667
2.8,7.8,-0.006035378
2.7,9.59,0.019314937
2.4,6.0,-0.0055624703
6.5,0.9,0.01698254
3.2,9.37,0.012100093
3.8,7.5,-0.00050495076
3.8,7.12,0.00092609227
2.2,2.7,0.00043605268
4.9,4.6,0.013532862
8.2,6.3,0.00049682334
4.9,9.02,-0.059465747
3.1,11.41,0.012710638
3.6,3.0,-0.00020692684
2.5,6.3,-0.0063664503
5.8,5.8,0.010581754
2.2,7.12,-0.006448446
3.3,8.1,-0.0043164697
7.4,5.2,-0.006442785
5.3,6.4,0.0067804754
3.9,2.3,0.0058483183
2.3,11.21,0.018942386
1.7,5.9,-0.0052259024
6.2,5.9,0.0048783068
6.1,9.09,-0.039169382
1.8,4.0,-0.0015671924
8.1,10.5,0.041146245
5.6,7.4,0.01472562
4.2,4.8,0.001162203
13.2,5.2,0.025467385
2.8,1.8,-0.005711898
5.9,8.8,0.014081011
3.3,6.5,-0.0025532842
3.1,8.1,-0.0043528825
5.6,7.2,0.0063240975
3.2,5.6,-0.0021275654
6.2,9.69,-0.06920129
5.5,8.3,0.007801486
6.0,6.2,0.0051579317
2.8,4.9,-0.005919424
3.1,6.0,-0.0020705257
3.2,2.0,-0.0026212856
2.7,4.3,-0.0018784516
2.3,11.6,0.016916186
3.2,11.52,0.010684453
2.8,12.0,0.018350497
7.4,6.5,-0.001465125
2.9,9.41,0.019284934
3.2,1.6,-0.0031803437
2.7,7.5,-0.0032083523
5.8,5.2,0.016509093
3.9,4.1,0.0017637648
5.6,2.8,0.009582579
1.9,2.9,-0.002131734
2.4,8.86,0.011454821
5.1,7.2,0.016535826
3.1,10.7,0.013046756
4.2,7.7,0.0003819391
4.7,1.05,0.0069185495
2.0,5.6,-0.0050046477
2.6,10.7,0.018632572
4.5,5.4,0.0013013873
3.3,10.77,0.012533143
2.6,6.9,-0.005396897
2.9,12.81,0.018821523
4.1,6.6,-0.0005347505
6.5,10.36,-0.046852536
5.3,3.0,0.015408499
3.1,6.5,-0.0035213716
2.9,7.4,-0.0064962953
5.6,8.9,-0.0449847
4.0,5.9,0.0012335125
3.2,7.3,-0.00551085
2.3,6.8,-0.005966142
4.4,3.0,0.001926465
9.8,8.8,0.04092841
3.1,10.71,0.012533136
2.6,10.04,0.01827526
4.3,5.6,0.0005478142
2.3,8.86,0.0124561135
7.1,3.1,0.0015731603
3.5,9.58,0.012281649
4.3,9.34,-0.008501597
2.1,6.02,-0.0059633926
2.3,2.67,-0.002457926
2.9,0.0,-0.012332801
2.8,6.0,-0.005416633
6.8,3.5,-0.0040139463
8.6,1.1,-0.00985536
1.7,6.1,-0.0052958326
8.7,1.9,-0.014035679
1.1,10.3,0.01881415
3.8,8.0,0.0013068374
3.1,8.5,-0.005003797
2.4,4.8,-0.003726238
4.8,8.1,0.008781312
3.8,4.6,0.0022971947
3.1,7.3,-0.0045112
14.0,9.0,0.034432314
2.9,10.67,0.019006561
5.8,6.36,0.014963113
4.8,5.6,0.0023924215
5.9,6.2,0.0049613267
4.5,3.5,0.001678735
7.3,3.3,-0.0064830696
4.5,8.4,-0.00019446388
2.0,7.2,-0.0070189093
6.5,5.8,0.017956661
3.2,6.7,-0.004823381
5.6,8.8,0.020633578
3.0,5.7,-0.0020705312
6.2,4.8,0.0062261014
2.7,1.2,-0.0053617842
4.1,7.2,-0.0002905589
4.7,8.1,0.0011908761
2.8,5.7,-0.005788259
2.9,7.39,-0.0059607346
4.8,7.7,0.008306563
4.9,8.7,0.018125964
5.4,5.2,0.017162608
3.9,3.6,0.0021863785
4.9,6.8,0.01783043
3.0,7.0,-0.004813808
1.2,6.8,-0.0064775404
6.2,3.7,0.0074064396
3.1,4.2,-0.0027718302
4.6,8.6,8.554384e-05
3.1,4.1,-0.0016357023
3.5,6.6,-0.004411163
4.6,6.5,0.006182285
2.3,3.7,-0.005673507
3.7,6.6,-0.0045175077
3.2,4.3,-0.0012281109
3.1,4.6,-0.0014210525
5.1,8.0,0.017236838
3.6,3.2,0.0010114312
7.0,6.4,0.010180298
3.2,3.8,-0.0004366897
6.4,7.0,0.004954962
3.8,6.7,-0.0016125689
3.5,4.8,-0.0005584522
6.3,5.5,0.0047830194
18.7,3.4,-0.025587704
2.6,10.5,0.018500477
2.7,8.5,-0.0068777585
2.5,6.3,-0.0052259024
2.5,11.9,0.018205047
3.0,9.7,0.012197271
2.7,4.0,-0.003538922
6.2,5.9,0.0051466543
3.5,5.9,-0.0022556596
3.6,8.0,-0.0049987677
4.2,7.5,0.00087382086
4.8,5.6,0.001632713
6.5,7.9,0.0054544164
2.1,2.7,0.0003868416
2.9,5.2,-0.005528
2.7,7.0,-0.0028194524
2.4,5.1,-0.0055188276
3.6,9.0,0.008322891
2.6,7.6,-0.0058821393
7.4,3.2,-0.003099423
3.5,6.8,-0.003530548
2.6,5.6,-0.0029830188
6.7,6.9,0.009903654
3.8,7.3,0.0004233569
3.0,10.76,0.012100123
7.2,4.8,-0.010263287
7.3,9.55,-0.00054858625
3.1,1.9,-0.0025229305
3.2,6.1,-0.0031400695
3.3,0.0,-0.011015594
3.2,3.0,0.00090149045
3.8,4.7,0.00037220353
2.4,8.5,-0.006546988
5.7,9.1,-0.018560074
6.5,0.1,0.024136439
3.3,11.8,0.012226388
2.5,11.1,0.019124474
5.1,3.9,0.017496724
3.5,8.87,0.008787192
8.8,1.1,-0.042353854
7.1,8.5,0.0071808873
3.1,8.5,-0.00561141
1.5,9.8,0.01863259
3.0,7.0,-0.0025532842
3.5,4.3,-0.0019618021
4.5,8.0,0.00071295165
3.1,5.1,-0.0009806904
5.5,0.67,0.018121514
2.8,9.88,0.019390427
3.4,9.38,0.012774322
5.1,9.19,-0.053463124
7.1,6.8,-0.014030672
3.5,10.09,0.011936922
3.1,7.2,-0.004481093
6.7,3.3,-0.0013262681
3.6,9.57,0.0121001005
3.8,8.0,-4.106015e-05
1.8,3.7,-0.0016412772
3.7,4.0,-0.00095543265
5.45,4.1,0.013315858
3.6,6.0,-0.003862651
6.2,8.3,0.006622808
3.5,7.6,-0.0053305775
4.2,2.8,0.0012302138
3.2,1.1,-0.0030666925
3.1,5.4,-0.0018526763
2.6,6.1,-0.005416635
2.3,11.58,0.018969923
2.8,12.1,0.018350497
1.8,10.24,0.01908452
4.0,2.0,0.0026730131
3.7,7.2,-0.004988687
7.5,4.1,-0.0038043652
2.4,7.66,-0.006210815
1.7,7.2,-0.0064863963
4.5,5.9,0.0010252157
1.7,0.2,-0.0025057346
5.5,8.0,0.017053433
1.8,1.1,-0.0047742985
3.3,12.02,0.012217537
4.3,5.9,0.00020860555
3.7,9.3,0.012795284
4.8,4.3,0.0045932597
3.4,5.0,-0.0027074711
5.4,8.8,0.020915834
3.4,5.7,-0.0019675903
2.9,5.1,-0.002649217
4.6,8.8,0.0049891854
7.2,2.9,0.002146558
3.0,8.1,-0.0040860716
6.7,7.0,0.0028270837
5.2,1.6,0.018872984
1.5,4.5,-0.004820267
6.7,7.8,0.0035314658
2.9,4.7,-0.005489875
4.0,7.69,0.0006748419
2.2,11.92,0.0189699
7.1,1.0,0.014497735
2.7,0.0,-0.024585105
5.8,8.0,0.014546627
5.7,4.4,0.007507031
4.3,7.1,-6.015855e-05
1.7,11.0,0.01846689
3.9,10.84,-0.008016348
7.3,5.2,-0.006274179
3.0,10.64,0.012747303
4.32,0.6,0.00021640211
4.0,6.2,0.0007576477
6.2,4.0,0.008058244
5.8,4.7,0.005776773
4.2,10.0,-0.008250095
1.6,10.6,0.018968444
2.4,11.1,0.019306015
3.2,8.0,-0.0051505323
4.3,7.0,-1.6950071e-07
4.5,4.95,0.0019017896
1.7,10.2,0.018814132
