P_raw,DO_raw,interaction_shap_value
22.7,7.53,-0.34171844
59.7,6.0,-0.39012408
59.5,5.7,0.2062844
58.9,6.5,-0.313493
59.5,5.2,-0.24677181
17.2,1.5,0.0789119
19.2,9.36,-0.21280092
20.1,5.3,0.17913073
15.9,7.2,-0.37927634
41.8,10.74,-2.550529
35.4,11.37,0.3518753
57.6,7.1,-0.21267253
15.3,8.3,-0.596122
49.4,7.8,-2.09829
20.6,7.6,-0.32229424
17.5,10.64,-0.04846239
21.6,5.21,0.18219674
49.5,6.2,-0.19916359
63.1,8.0,0.58252573
29.3,8.99,-0.37931818
20.8,8.29,-0.346645
55.0,2.6,-0.32740366
14.4,10.2,-0.5621269
49.6,6.6,-0.17186278
19.6,9.2,-0.26107502
12.8,3.4,-0.083020926
41.7,10.99,-2.5402179
49.4,5.1,0.22764948
36.5,9.76,-0.81858325
58.9,6.6,-0.30493116
19.4,9.4,-0.32151067
19.3,2.6,0.14704597
21.0,6.5,0.10612738
68.0,8.2,0.40066832
50.4,0.2,0.122722745
16.6,3.1,0.061704397
20.5,7.7,-0.30375803
60.2,1.4,-0.01386106
16.5,3.9,0.043272853
49.1,4.9,0.1261723
59.3,2.1,-0.12856114
18.1,8.8,-0.52135146
18.1,4.5,0.110948384
16.6,4.4,0.08817017
49.5,6.4,-0.29387936
59.4,3.7,-0.155424
49.6,1.6,0.13165116
20.2,1.8,0.23900819
25.5,8.99,-0.36226618
49.0,4.9,0.19673696
17.3,8.47,-0.44255316
14.8,9.2,-0.30392537
18.4,8.4,-0.50318706
51.4,1.0,0.07207847
19.8,9.92,-0.46859324
18.5,7.8,-0.44032502
19.0,9.28,-0.23743689
60.2,4.5,-0.33475012
19.2,9.24,-0.23839158
17.9,0.4,0.09384072
39.2,8.5,-0.23620427
29.9,4.5,0.123416245
66.4,7.7,0.18029356
60.3,5.7,-0.15453136
17.4,10.6,-0.17080164
23.2,12.8,-0.45549893
18.1,6.3,0.04040581
17.8,2.6,0.15068626
58.6,6.2,-0.2304079
15.5,8.74,-0.5179107
16.4,9.9,-0.6839185
38.9,8.4,-0.23607558
59.7,5.0,-0.25184822
19.3,4.53,0.18247128
58.6,4.5,-0.14814645
61.5,5.4,-0.4927226
59.3,7.3,-0.029315233
58.6,6.2,-0.2140379
35.3,2.5,0.2004062
18.4,4.97,0.15449375
27.6,6.4,-0.03425443
61.4,4.4,-0.55754834
49.4,3.1,0.24078865
58.7,2.2,-0.2839502
17.2,10.5,0.3859458
21.8,7.99,-0.3495273
59.8,6.8,0.11132136
38.4,9.3,-0.5337372
18.1,9.45,-0.17934781
59.1,5.1,-0.29832336
16.1,9.42,-0.36916608
59.5,5.4,-0.3161375
59.4,2.1,-0.09907365
49.2,5.6,0.12848932
19.1,6.7,-0.01121825
28.7,11.71,-0.108334064
56.9,2.7,-0.5216328
49.4,5.7,0.1400966
49.2,6.5,0.12253711
16.3,8.99,-0.545609
51.4,1.5,0.2205615
51.4,5.4,-0.31452477
28.0,10.72,-0.21412325
23.1,5.3,0.16598785
16.6,3.5,0.08155364
59.6,5.7,-0.19225472
59.1,6.3,-0.22489965
35.4,9.04,-0.38971347
49.5,7.4,-0.4509859
54.1,3.0,0.0107758045
16.9,11.2,-0.17902923
14.1,7.9,-0.56024355
30.6,0.9,0.36144078
24.2,3.8,0.17462057
59.5,6.4,-0.19329557
16.1,8.2,-0.47350144
15.9,10.28,0.15714169
49.1,3.1,0.25056762
58.9,1.7,-0.15435886
38.4,6.08,0.02901131
49.3,6.3,0.15349522
60.3,2.1,-0.47823054
23.2,7.5,-0.33753645
22.2,7.0,-0.2950548
25.4,11.67,-0.053304195
41.0,5.2,0.31137037
58.8,6.1,-0.39800858
49.6,7.4,0.6509247
61.0,4.8,-0.41067404
59.5,6.7,-0.19824877
63.6,4.1,-0.38283718
49.5,7.5,-0.42924643
60.1,2.6,-0.3893093
42.4,11.21,-2.5941234
39.2,9.2,-0.49533892
58.7,3.0,-0.07566482
21.1,1.9,0.13504815
19.0,1.7,0.10415113
49.6,4.3,-0.1302455
18.5,7.2,-0.36287248
59.7,1.7,-0.0872331
59.7,3.1,-0.13202488
49.3,4.5,0.31055382
59.5,5.9,-0.20351467
56.5,3.6,0.047226623
48.9,5.5,0.021495342
20.1,5.0,0.17760429
60.6,5.0,-0.4955421
58.7,2.2,-0.3877281
62.3,5.0,-0.36143827
16.8,8.5,-0.48322833
49.1,3.2,0.28620338
20.7,4.05,0.1806829
21.0,6.6,0.1298033
37.0,12.03,-0.3179264
16.6,1.12,0.121913075
16.3,4.2,0.03211087
41.2,9.31,-0.25799668
16.8,7.93,-0.4267304
59.9,1.9,-0.40066248
49.6,5.9,-0.2198391
17.1,8.7,-0.41971296
60.0,1.3,-0.19340557
22.7,3.89,0.2167275
34.8,8.48,-0.3726437
69.1,6.5,0.20650935
17.0,5.9,0.05441594
59.4,3.8,-0.008780897
61.6,6.8,0.100416064
60.7,2.4,-0.4892422
18.7,6.2,0.0436216
20.3,7.7,-0.31626314
57.3,1.7,-0.37345016
27.2,10.7,0.19384813
15.8,7.66,-0.57013285
60.3,3.7,-0.6436138
59.1,5.8,-0.39117333
16.6,1.81,0.20094502
19.8,9.22,-0.15935844
16.6,8.1,-0.47983348
19.9,10.75,0.0038526058
65.3,6.7,0.23788291
49.4,5.9,0.14367601
17.4,3.1,0.044782877
59.8,5.0,-0.32388902
18.2,5.2,0.048074126
19.4,7.3,-0.9480764
18.0,9.01,-0.48068643
40.4,1.6,0.42783117
61.0,3.6,-0.53969866
33.1,11.81,-0.12126732
58.3,5.0,-0.05106151
49.2,5.1,-0.0056843758
60.0,2.1,-0.6182667
67.2,0.4,-0.47101474
35.1,12.18,-0.44120097
49.6,5.0,-0.22153258
15.3,0.5,0.058654666
20.6,3.39,0.1806829
38.1,5.6,0.10765335
33.7,7.35,-0.34163713
49.1,5.5,0.069218874
20.2,6.4,0.1127013
61.0,4.4,-0.48680925
18.2,7.6,-0.3436035
15.9,4.4,0.05038756
57.9,7.1,0.41548085
15.6,10.3,-0.0065379143
56.7,5.9,0.067035764
17.9,6.2,0.013454795
58.9,2.0,-0.08784604
54.0,1.4,-0.25577903
21.1,9.03,-0.35255718
49.6,7.0,0.025344372
54.1,3.0,0.053648263
17.9,7.8,-0.40902758
22.6,6.4,0.10612732
18.9,7.54,-0.3319863
18.1,8.65,-0.44305062
16.4,10.7,-0.0065379143
60.3,0.0,-0.092868805
15.6,10.5,0.07691717
16.9,1.18,0.120425224
49.2,4.3,0.27990067
19.3,9.5,-0.2929957
49.4,6.2,0.1768429
49.2,3.8,0.13404393
62.4,0.6,0.17060411
59.5,5.0,-0.10144457
59.6,5.9,-0.41227397
59.6,2.1,-0.4432112
17.9,10.5,-0.052583456
17.5,3.8,-0.030895472
58.9,6.0,-0.26806894
59.0,5.1,-0.10559386
60.1,0.0,-0.19436038
23.2,7.7,-0.33335164
58.9,2.4,-0.30450755
49.1,2.1,0.33630538
17.6,8.88,-0.36117995
59.8,6.0,-0.014659643
19.2,8.85,-0.46298325
49.6,3.8,-0.13630411
21.9,7.49,-0.33912945
59.5,0.1,-0.17302203
58.2,9.2,0.12557936
52.5,4.5,-0.10553609
15.4,7.3,-0.4915862
21.9,6.17,0.09758657
49.1,1.5,0.2972715
59.1,2.4,-0.08950883
60.1,5.1,-0.30656922
61.0,4.7,-0.33475015
16.5,0.0,0.045868397
16.9,2.2,0.062384963
17.1,9.05,-0.510401
61.0,4.3,-0.33888605
16.9,10.5,-0.17080188
49.6,5.9,-0.19810009
57.6,7.6,0.48288703
59.6,2.1,-0.1853503
24.0,9.24,-0.5531381
17.1,4.9,0.08610606
19.2,7.24,-0.41573048
17.9,10.35,0.022785187
18.2,8.0,-0.4702555
21.2,6.5,0.13958055
17.2,4.2,0.0163064
20.9,8.9,-0.3710786
20.8,7.3,-0.3223554
19.5,1.1,0.09384084
15.6,10.6,-0.0018310547
49.1,5.7,0.11506267
58.7,4.2,-0.06549549
16.4,7.7,-0.4627148
41.0,5.3,0.22982651
56.8,1.5,-0.29049993
57.3,4.6,-0.30841112
19.8,10.03,-0.46859348
61.6,6.0,-0.071163565
27.0,8.7,-0.36904913
13.7,8.66,-0.57927203
22.7,6.0,0.11565846
49.0,2.8,0.51285136
49.1,4.8,0.13404393
43.6,11.92,-3.0266461
42.0,11.09,-2.741839
53.3,3.3,-0.087472185
59.4,5.5,-0.17632264
17.4,9.86,-0.55414355
33.7,11.43,0.25756073
10.1,10.11,-0.88750136
17.5,4.0,0.11062431
16.3,7.8,-0.53723216
19.6,7.7,-0.4702555
61.1,5.6,-0.093287885
59.2,2.4,-0.39491916
53.6,0.6,-0.35565293
24.1,6.4,-0.034254342
19.9,10.5,0.4186077
18.9,9.4,-0.3301208
15.3,9.5,-0.3320145
16.8,7.17,-0.38397563
21.4,10.56,0.39354944
19.3,8.3,-0.44161963
63.3,2.6,-0.410259
17.5,9.2,-0.32655
55.3,4.5,0.053040445
19.0,9.6,-0.31493694
16.3,9.5,-0.45189142
48.9,6.3,-0.08662978
49.1,3.8,0.31001663
49.2,3.7,0.27926153
49.4,7.2,-2.289719
15.6,4.0,0.10558736
21.2,7.6,-0.32660532
16.4,2.5,0.13797545
51.4,4.4,-0.119495235
59.1,2.6,-0.1310243
68.4,8.2,0.32544172
19.3,6.1,-0.005071044
20.3,7.6,-0.32468808
59.3,0.0,-0.20475864
53.6,5.0,-0.044930875
15.7,8.82,-0.5179107
17.5,6.8,-0.054808915
49.5,7.4,0.061535835
20.0,3.3,0.09553227
59.9,8.5,0.71445453
57.3,2.4,-0.33547235
16.6,2.5,0.042300582
49.0,5.9,0.13302219
16.6,2.2,0.02058494
18.8,1.3,0.09384072
17.6,11.8,0.41959047
23.7,11.72,-0.092876434
49.6,4.5,-0.04362134
26.0,10.9,0.19393301
60.0,0.7,-0.07674742
60.7,3.1,-0.5917175
59.1,6.7,-0.21042438
28.8,9.71,-0.5731276
20.2,1.96,0.2251488
49.4,3.1,0.14363778
21.3,1.7,0.17044151
61.9,5.4,-0.12312096
60.3,2.5,-0.8795375
49.4,3.8,0.18134809
49.5,7.7,-0.3254056
58.8,2.4,-0.183272
17.8,7.6,-0.4698193
52.5,3.4,-0.023142338
59.1,3.6,-0.13708812
49.4,5.3,0.22085887
59.4,5.1,-0.3172179
20.5,10.19,-0.7160499
18.2,8.3,-0.52229
58.3,6.6,-0.34717447
18.4,9.91,-0.5026915
20.2,1.4,0.17044151
26.2,9.87,-0.9005263
16.5,2.8,0.12223619
18.2,5.8,0.12438744
59.9,3.2,-0.3671912
16.6,8.31,-0.5007813
57.8,6.2,-0.31220406
18.6,7.3,-0.42743075
31.2,10.44,0.39355016
60.0,4.7,-0.36860073
22.4,4.1,0.08687407
60.1,5.6,-0.14107552
56.8,2.3,-0.42250335
16.0,4.9,0.113013
17.0,7.7,-0.40300676
19.2,7.0,-0.36582673
18.7,6.7,0.03469205
59.2,0.1,-0.17484999
59.2,1.5,-0.13477844
60.1,4.7,-0.31415227
15.6,10.2,-0.78297067
16.3,8.1,-0.42959726
14.2,9.3,-0.30939257
16.6,7.6,-0.39821827
58.9,2.3,-0.23474574
49.6,7.2,0.61059856
37.1,9.49,-0.35364932
15.7,1.9,0.13402832
16.0,7.6,-0.53701556
38.0,6.2,0.05478543
49.2,5.0,0.008893132
58.5,3.2,-0.1316866
59.6,2.8,-0.18241978
49.0,5.0,0.21832258
49.6,7.7,0.7262387
19.2,6.0,0.06280863
33.5,6.3,0.09783244
60.1,3.8,-0.43732876
22.4,2.9,0.18464792
17.2,2.6,0.16154146
48.9,6.3,0.03647977
20.5,2.04,0.2251488
49.4,7.0,-0.62974703
16.8,7.4,-0.41497964
19.2,8.2,-0.48600864
24.8,3.5,0.18010736
21.8,1.61,0.15206182
59.4,6.1,-0.23533213
16.2,10.5,-0.035012484
41.9,10.95,-2.7418385
59.5,5.6,-0.33101404
49.4,6.3,-0.0039331317
20.7,5.2,0.21060228
54.2,2.5,-0.2940519
60.3,6.3,-0.07658416
49.4,4.2,0.11156261
49.3,4.7,0.31001675
30.6,4.8,0.12783545
18.4,7.17,-0.35725808
19.9,7.85,-0.3563596
57.5,7.3,-0.08639771
60.5,3.0,-0.37683213
18.3,8.38,-0.48425776
49.5,7.7,-0.38121796
33.1,6.8,0.054015994
48.9,6.1,-0.17631033
16.8,10.8,0.8176923
18.0,9.3,-0.29299563
20.1,12.71,-0.62819433
36.3,4.9,0.1436162
57.8,6.5,-0.22996406
19.3,5.7,0.13382018
63.4,6.9,0.30304468
63.5,7.9,0.19176328
16.7,4.8,0.12343055
58.8,6.3,-0.2812301
17.8,10.5,-0.16100502
49.4,3.2,0.24078862
48.9,3.0,-0.2659518
62.8,2.5,-0.5455024
59.3,2.9,-0.13202494
57.3,3.5,-0.2307918
61.4,4.8,-0.34169412
53.9,1.4,-0.28136623
53.6,4.3,-0.0429582
16.9,10.3,-0.17080235
49.6,7.9,0.6579757
22.4,3.8,0.35181877
17.1,3.0,0.026215434
18.2,8.81,-0.47046292
49.1,3.6,0.24636504
21.8,9.02,-0.33274388
17.4,11.5,0.6278715
18.8,1.0,0.09384072
59.6,4.9,-0.23163366
18.0,8.96,-0.48068643
60.1,4.6,-0.5400968
17.8,5.5,0.075933635
18.6,8.2,-0.4808842
17.4,7.6,-0.4608733
17.5,6.3,-0.010270894
59.7,4.3,-0.49192047
20.9,6.7,0.065855145
59.9,6.8,0.09399665
61.9,4.5,-0.43433943
16.7,6.7,-0.07806867
19.7,9.57,-0.24559063
19.1,8.95,-0.48068643
17.3,8.9,-0.42113757
49.4,4.2,0.243676
19.2,9.17,-0.36491644
38.5,6.8,0.18448296
64.1,7.6,0.103986084
17.8,1.4,0.093958855
49.6,3.3,-0.102674395
49.4,8.1,-1.4487002
63.0,6.7,0.100416005
45.5,0.9,0.5224762
59.5,4.4,-0.313191
16.3,0.2,0.07577181
16.7,3.77,0.12639934
49.6,4.1,-0.05923006
18.2,9.14,-0.47238138
14.9,10.2,-0.811445
55.9,1.9,-0.3028021
17.9,5.5,0.13814515
56.7,1.3,-0.31929696
37.9,3.7,0.05798316
56.8,4.3,-0.29006514
49.6,6.5,-0.23218432
26.0,10.48,0.3819554
59.4,6.3,0.14273143
19.2,8.2,-0.52087903
59.8,3.6,-0.37459803
49.1,5.3,-0.024351597
17.5,6.5,0.056369215
18.9,9.0,-0.51761496
17.0,2.4,0.06778705
21.1,4.87,0.19733965
49.6,5.3,-0.24951172
55.9,5.3,-0.34708196
21.3,1.9,0.24381447
58.7,4.7,-0.30754104
49.0,5.9,0.08275029
24.3,7.9,-0.2808498
58.7,2.9,-0.05662471
17.7,8.2,-0.5027146
59.1,3.8,-0.155424
22.6,8.94,-0.37116092
59.8,4.8,-0.5046798
49.0,1.5,0.4545946
49.4,5.5,0.115770936
49.2,5.0,0.057610117
61.6,3.8,-0.37721965
20.8,2.3,0.13504815
54.1,0.8,-0.25731087
18.0,3.5,0.121519566
55.3,3.3,-0.0382716
33.8,3.9,0.23176277
17.7,7.17,-0.38435698
40.0,8.7,-0.23620433
18.7,7.9,-0.4085548
20.4,5.19,0.25174546
59.8,4.5,-0.5766345
59.6,4.1,-0.056624696
61.0,3.7,-0.41240048
49.1,3.8,0.20865494
34.1,10.57,-0.3780594
17.9,2.6,0.092396796
15.4,4.73,0.16134787
49.0,6.8,0.10510087
19.3,9.28,-0.11392063
27.2,8.98,-0.36131144
19.1,8.6,-0.4486342
19.6,0.0,0.17324746
30.8,5.6,0.17785513
39.3,8.2,-0.23607552
59.0,8.8,0.79115915
49.5,3.1,0.047648907
19.2,6.02,0.048398137
49.3,5.0,0.18295243
48.9,6.5,-0.034392238
15.9,9.5,-0.26380274
30.6,4.2,0.33534414
29.7,7.7,-0.29268724
56.9,8.1,-0.054596663
49.4,2.5,0.43984473
42.2,10.84,-2.5402174
14.4,10.7,0.3333559
49.1,5.1,0.089833975
43.7,7.3,-1.923712
18.1,8.81,-0.42324603
30.6,4.9,0.23257881
22.2,4.4,0.07532188
17.5,8.1,-0.4455862
59.6,4.4,-0.049115658
61.1,4.5,-0.730556
36.6,3.4,0.1436162
69.5,5.4,-0.22390617
18.7,4.8,0.1336664
19.1,6.4,0.047058523
49.4,2.9,0.15420568
18.5,2.84,0.15846038
17.0,10.4,0.37301207
49.0,5.1,0.17106295
48.9,6.0,-0.026643068
20.0,9.19,-0.31506795
48.9,5.2,0.014441013
61.2,4.6,-0.3120471
14.8,7.6,-0.43205795
69.4,5.8,-0.17722055
18.4,7.83,-0.33939672
17.3,11.1,-0.17902923
60.9,4.1,-0.41067398
35.0,0.0,0.16652334
18.9,7.2,-0.9152867
57.9,5.9,-0.2105451
22.9,4.7,0.22715598
17.3,4.0,0.036970735
15.2,6.7,-0.10032916
21.5,6.5,0.123771966
21.4,8.6,-0.39303637
59.3,8.9,0.240937
21.4,6.0,0.16734362
16.7,9.6,-0.31320965
20.2,6.6,0.102390766
57.3,2.8,-0.39060414
58.4,5.3,-0.044625938
18.6,3.3,0.13473034
63.4,5.8,-0.32670975
16.3,6.0,-0.013636887
18.7,3.1,0.15112036
18.0,3.9,0.18327332
18.3,6.0,0.041937947
49.4,4.2,0.24367581
49.4,6.8,0.0156181455
18.9,3.3,0.12752533
38.0,6.9,-0.35297066
15.1,9.3,-0.41442883
49.5,3.6,0.008193195
49.5,7.6,-0.32279634
49.4,5.7,0.2431763
41.1,10.9,-2.7418394
57.3,3.5,-0.1286735
36.8,9.01,-0.1412766
40.4,3.1,0.33055276
17.2,5.9,0.07360613
16.5,7.9,-0.46960616
49.4,5.3,0.16256714
19.2,8.24,-0.44431043
25.1,7.5,-0.3091668
21.6,5.2,0.21155688
49.2,5.3,0.103126556
59.2,3.4,-0.049115628
17.4,8.72,-0.48192608
14.7,10.3,0.05447483
58.7,7.0,-0.17211366
49.5,4.6,-0.045388818
19.2,8.1,-0.401289
59.6,5.5,-0.20393139
58.2,7.2,0.7814622
20.5,7.4,-0.34540147
21.9,6.5,0.10132861
58.8,0.6,-0.20475858
15.9,0.5,-0.031386375
17.1,2.5,0.064843476
20.3,9.25,-0.5659286
17.5,4.7,0.12639934
61.1,2.9,-0.3914548
62.7,6.5,0.20703775
18.9,2.4,0.09413159
13.9,6.21,-0.04070443
49.4,4.6,0.27107134
59.6,5.1,-0.24581683
16.1,2.9,0.10945654
18.8,8.9,-0.4795859
36.3,9.2,-0.48829937
35.0,10.24,0.3922658
19.2,8.0,-0.9098782
36.7,8.6,-0.25010026
59.3,3.7,-0.14739853
22.4,4.2,0.38455886
21.0,8.57,-0.3181703
59.4,5.1,-0.23430234
42.1,11.06,-2.5402179
13.2,10.8,0.21430564
17.0,2.4,0.044727325
16.1,4.4,0.035774946
19.6,8.87,-0.49547213
49.3,6.2,0.122995466
17.3,8.3,-0.52458537
58.1,7.8,-0.107305706
19.0,6.5,0.034960926
20.5,7.9,-0.3712119
54.4,2.2,-0.24972188
16.6,8.4,-0.5401138
24.0,1.9,0.21651733
39.8,8.5,-0.2258941
63.0,1.0,-0.16281164
12.9,11.1,0.21430588
19.1,8.8,-0.49137717
18.7,7.6,-0.40295136
20.4,7.9,-0.34226465
18.4,9.5,-0.28598106
49.4,6.3,-0.038220525
17.9,2.2,0.06741238
19.6,2.7,0.16193509
62.3,0.0,-0.49582994
17.5,7.5,-0.48701048
62.1,6.8,0.8688462
49.4,6.1,0.17609364
60.9,5.2,-0.66985583
20.5,6.3,0.12365943
49.5,3.3,0.047648966
20.8,7.8,-0.29364014
33.3,11.54,-0.092792034
59.5,6.2,-0.093386665
60.2,4.4,-0.7119646
17.0,8.57,-0.49779916
49.5,5.7,-0.09911844
15.8,10.1,-0.75538373
49.5,7.3,-0.27088165
19.0,10.19,-0.46859336
36.0,8.93,-0.31336212
49.6,8.0,0.6588464
30.7,7.1,-0.30992365
49.0,5.3,0.14336598
49.3,4.9,0.31055382
17.7,0.8,0.09384072
15.6,9.4,-0.26380283
15.9,8.6,-0.4253683
62.3,8.1,0.58252585
20.2,9.8,-1.0535946
59.6,2.0,-0.1285612
49.4,2.8,0.40184844
61.4,3.1,-0.64922893
17.1,8.7,-0.5566684
17.1,2.2,0.09830904
18.4,9.36,-0.20810968
19.6,0.0,0.12125313
68.1,9.7,0.72767574
67.8,3.2,-0.39395654
58.9,5.6,-0.29470378
20.2,6.3,0.11270124
60.3,2.5,-0.62526625
24.1,10.47,-0.363796
54.3,3.2,0.002566114
58.3,8.0,0.6696458
17.0,9.6,-0.2671105
17.8,6.6,0.09427416
18.8,5.7,0.06875694
41.8,11.76,-3.0266457
60.8,3.3,-0.41224837
12.9,11.1,0.21430612
63.5,4.8,-0.4434219
41.0,2.8,0.7043073
52.8,4.2,-0.004514456
65.2,6.9,0.27809864
30.6,5.5,0.23254094
29.2,10.34,0.35826588
19.2,7.9,-0.8384131
18.5,9.2,-0.19970101
15.9,9.6,-0.18654045
16.8,8.44,-0.46361756
60.0,6.0,0.47608513
60.4,3.0,-0.37770218
48.9,5.2,0.026504457
21.8,6.0,0.13164508
17.9,1.18,0.18423057
17.8,7.1,-0.32989478
48.9,5.4,0.09588289
16.5,2.2,0.109690905
60.4,5.5,0.053049088
19.7,4.2,0.13741946
17.0,7.3,-0.43032336
60.2,0.0,-0.2720617
36.3,4.0,0.160941
61.9,6.7,-0.08846706
49.5,4.7,-0.0469824
37.5,8.3,-0.23978984
18.4,7.9,-0.43048787
27.3,9.07,-0.3736217
15.9,2.0,0.09902561
63.0,2.9,-0.3517506
30.7,9.36,-0.5781086
59.2,5.7,-0.14008039
19.2,5.7,0.12318215
19.4,4.7,0.15832162
16.5,9.6,-0.28145933
17.0,9.6,-0.24843791
21.8,8.3,-0.4085377
29.4,9.68,-0.57312775
20.3,2.9,0.20412606
39.1,8.4,-0.23620427
63.3,7.1,0.21801484
61.1,5.8,-0.09337282
49.4,6.3,-0.1625284
49.1,3.3,0.15347922
59.8,5.2,-0.3350041
57.9,8.0,0.45479798
38.5,3.5,0.52343404
16.2,9.5,-0.30392534
20.7,10.45,-0.24199009
12.8,11.2,0.21430588
16.4,9.8,-0.75538325
59.5,5.1,-0.17040217
49.4,3.5,0.24367589
19.2,7.6,-0.9098782
20.2,1.98,0.2251488
38.2,11.64,0.3611803
49.4,5.0,0.2377995
22.4,2.5,0.39288998
59.3,7.0,-0.28368455
20.4,1.82,0.2820096
16.1,10.5,0.82060957
16.0,5.7,-0.05526781
36.8,8.7,-0.2502293
49.6,4.4,-0.06220808
16.7,2.9,0.017728746
61.0,5.5,-0.015789926
68.0,6.2,0.03847328
38.7,5.5,0.15957743
19.6,0.87,0.1471523
38.0,7.9,-0.31314683
61.5,7.4,0.63616574
15.2,10.5,-0.0350132
19.5,0.0,0.16769981
58.6,5.8,-0.23436972
49.2,3.5,0.21835828
58.6,8.7,0.18778813
23.6,10.95,0.16327143
18.2,8.3,-0.49137706
60.0,6.8,0.056884274
19.9,7.88,-0.3511243
29.9,4.0,0.27369043
21.1,3.2,0.20496798
17.1,7.5,-0.4578846
20.3,9.29,-0.51284236
37.5,8.9,-0.32317114
59.9,5.0,-0.7008163
49.1,5.9,0.009009704
58.3,6.2,-0.14615528
49.3,6.3,0.1517834
16.7,6.6,0.0713141
62.8,7.4,0.02351904
24.4,8.83,-0.3241669
21.7,11.66,0.26780033
62.9,6.3,0.05940926
19.9,3.5,0.12752527
49.1,0.4,0.31901026
17.2,7.3,-0.3015114
20.7,6.6,0.11559576
49.4,0.6,0.22241113
55.1,2.1,-0.32740343
37.7,11.62,0.35072756
14.9,8.9,-0.4479112
60.4,6.2,0.27141237
17.8,5.6,0.14884627
36.3,2.9,0.1436162
20.2,10.74,-0.20452833
39.0,3.1,0.2318387
17.6,9.2,-0.33266073
16.6,8.91,-0.51987135
59.7,5.0,-0.28675982
49.0,5.3,0.14378403
54.1,0.8,-0.23109925
17.7,9.36,-0.18432611
60.8,3.6,-0.2289828
59.6,2.3,-0.1551789
60.7,4.2,-0.33388
49.5,4.6,-0.029265733
17.1,0.9,0.008227468
18.8,6.2,0.0517146
16.7,1.9,0.019630194
17.3,8.44,-0.4626627
22.4,7.0,-1.9058566
15.8,7.7,-0.48348308
17.9,7.9,-0.33507997
16.0,9.9,-0.7553842
63.2,5.9,-0.2281599
27.8,10.64,-0.34958506
17.6,4.0,0.0739975
49.1,4.2,0.26848662
16.4,10.4,-0.006537676
22.0,8.96,-0.33274382
21.3,9.23,-0.5728682
37.8,6.0,0.074320555
59.9,2.8,-0.37391585
58.9,3.9,-0.19658744
20.3,8.76,-0.36226618
60.1,5.8,0.053049088
59.1,1.7,-0.20475888
8.2,11.2,0.2787218
14.1,11.2,0.2880144
21.4,6.1,0.06748617
59.5,4.9,-0.32423586
59.4,5.5,-0.22412136
21.7,8.77,-0.38813215
23.3,9.48,-0.6108956
17.4,11.5,0.6149373
16.5,6.4,-0.066227674
29.9,4.1,0.35603493
35.9,8.7,-0.21954119
16.3,9.0,-0.6456595
19.7,3.9,0.12463063
38.5,3.8,0.40650386
69.7,4.9,-0.38196713
37.7,11.13,0.36170387
56.4,6.4,-0.25307187
67.7,1.0,-0.59859806
49.4,5.4,-0.11268395
65.3,3.4,-0.38283712
17.1,2.5,0.06154287
20.8,0.0,0.21485364
18.4,7.5,-0.9479917
58.8,4.7,-0.3100867
18.4,9.25,-0.15935844
18.7,7.4,-0.43034565
20.2,7.7,-0.8346503
38.1,6.3,0.05478543
17.5,9.75,-0.33246106
49.4,3.8,0.18134803
19.0,2.8,0.098569155
19.0,9.18,-0.36491656
49.4,6.3,0.055943295
21.5,6.7,0.09002447
38.5,12.65,-1.6455226
60.4,5.0,-0.34190893
19.2,1.4,0.040312886
17.3,9.1,-0.3961696
20.0,2.0,0.2286979
34.7,10.38,-0.41084933
48.9,6.7,0.02760452
19.0,6.6,0.039933264
38.5,5.5,0.14295247
49.3,4.3,0.31610158
15.8,10.4,0.1407609
19.8,6.4,0.057368755
59.6,0.4,-0.17665815
63.3,1.5,-0.27051783
20.7,4.2,0.21106946
38.2,7.0,-0.26134598
19.1,0.8,0.09468269
11.5,10.8,0.21430564
17.7,10.4,0.6068754
61.2,4.4,-0.56430733
17.0,4.2,0.010400534
65.2,4.9,-0.51994944
58.6,8.8,0.24299121
59.9,4.8,-0.55209637
56.7,2.5,-0.2942809
49.1,4.6,0.2723065
62.9,8.0,0.19176328
38.5,2.7,0.39008236
16.0,4.9,0.105587244
18.7,4.1,0.07571453
20.5,5.76,0.15712595
68.2,7.2,0.78851163
16.0,3.5,0.10945642
58.9,4.0,-0.14739859
35.4,8.3,-0.32822257
13.5,5.3,-0.08348441
16.1,5.0,0.100111485
49.5,5.5,-0.3674065
17.1,10.8,-0.16609573
23.7,1.7,0.15124631
60.4,5.3,-0.13766241
49.2,3.4,0.28620338
17.2,7.1,-0.48769656
18.8,2.5,0.1520971
58.9,6.8,-0.28609872
62.5,7.2,0.18795335
58.6,5.6,-0.17719272
21.5,11.06,0.19174623
49.1,4.7,0.14363784
60.3,3.8,-0.7177237
17.6,9.26,-0.2763012
16.4,5.8,0.06925511
17.3,8.0,-0.5307071
18.5,8.25,-0.46868372
49.6,3.0,-0.12877947
17.0,10.7,-0.17902923
17.8,6.4,0.015649915
17.3,8.65,-0.47102797
18.7,8.71,-0.45591915
59.4,6.4,-0.31132796
49.6,5.5,-0.19181675
49.0,4.5,0.04360664
59.4,5.9,-0.36815608
21.6,9.03,-0.31602257
28.6,8.25,-0.35052276
20.8,3.7,0.20002586
60.2,5.6,-0.38192248
18.3,6.8,0.021680772
60.9,3.6,-0.41320306
49.1,1.3,0.31726527
19.1,8.6,-0.5311894
17.6,7.5,-0.40738654
49.1,4.6,0.27230608
17.7,7.2,-0.3404885
17.1,9.47,-0.32781988
59.2,2.2,-0.18327188
59.8,6.1,-0.001894772
21.1,9.0,-0.4367178
17.1,0.8,0.055994153
20.6,8.58,-0.34080577
17.1,6.7,-0.13540679
24.6,11.52,0.36489296
49.4,6.7,0.12994826
20.1,0.0,0.21696532
49.5,7.8,-0.06470156
48.9,5.3,-0.23149544
60.7,3.9,-0.41067398
17.3,8.47,-0.44159818
49.5,6.3,-0.11867425
43.7,4.5,0.23151588
38.5,8.9,-0.21887946
17.9,10.1,-0.5139142
61.4,4.9,-0.41320303
19.3,10.18,-0.46859336
18.5,9.22,-0.27410483
62.9,5.2,-0.46310955
37.3,7.23,-0.47361577
59.2,6.3,-0.17782956
19.4,8.78,-0.38900518
19.7,7.0,-0.34297693
17.5,11.7,1.0025115
18.4,8.41,-0.49997407
26.7,7.3,-0.2982372
16.6,5.49,0.10850394
21.6,4.4,0.14743781
49.1,4.9,0.25363672
16.5,4.2,0.005674839
17.7,8.6,-0.5079316
20.6,0.0,0.19785392
20.7,9.37,-0.6075355
19.8,7.8,-0.34027648
16.7,3.4,0.04382816
49.1,4.5,0.26848686
38.4,12.18,-0.52635694
59.3,4.0,-0.31319094
14.9,11.0,-0.0018315315
21.1,3.3,0.20325327
23.6,8.85,-0.46397328
58.8,1.0,-0.46351528
59.6,1.7,-0.1549887
18.5,8.84,-0.47849172
17.0,11.1,-0.16609573
55.9,4.8,-0.044085175
49.2,2.5,0.33781123
57.9,9.4,0.28934503
19.4,9.21,-0.29252303
49.6,6.8,0.016559362
43.4,11.89,-3.0266457
14.5,11.2,0.17783022
21.4,10.64,-0.24199009
49.3,6.0,0.011789158
17.9,4.7,0.016886592
17.2,7.47,-0.4606135
16.6,7.3,-0.48412234
61.5,2.5,-0.55963635
49.4,2.2,0.31011343
18.7,6.6,0.042372346
18.5,7.5,-0.34317017
18.9,10.76,-0.033609867
19.2,7.8,-0.40128887
19.0,9.59,-0.3135875
58.6,6.0,-0.39099395
55.9,0.9,-0.3497424
18.1,9.37,-0.17214859
49.4,7.5,-2.458612
21.1,7.12,-0.3333761
49.2,2.7,0.33781123
61.0,4.6,-0.41224843
63.1,6.3,0.032592
16.4,9.02,-0.5240211
24.3,11.41,0.3519597
59.7,3.0,-0.103176355
17.2,6.3,-0.00585258
60.4,5.8,-0.15253916
24.0,7.12,-0.30680847
19.1,8.1,-0.42503715
49.4,5.2,0.2904275
56.6,6.4,-0.13522857
18.4,2.3,0.17719448
28.0,11.21,0.1788125
57.8,5.9,-0.292785
61.0,5.9,0.27618116
22.5,9.09,-0.3660121
49.6,4.0,-0.11790806
16.8,10.5,-0.033224583
19.2,7.4,-0.45338106
59.2,4.8,-0.072509825
49.4,5.2,0.251815
30.5,1.8,0.21781564
17.6,8.8,-0.5193354
49.6,6.5,-0.34897235
18.4,8.1,-0.401289
49.4,7.2,-1.9261743
49.1,5.6,0.21653855
19.7,9.69,-0.3283433
57.9,8.3,0.27699447
52.8,6.2,-0.38506943
18.0,4.9,0.13783562
49.6,6.0,-0.24064809
18.4,2.0,0.1520971
49.5,4.3,-0.062935024
43.3,11.6,-3.0266466
42.4,11.52,-2.5208821
16.4,12.0,1.5875316
57.6,6.5,0.46346003
18.2,9.41,-0.20065582
18.2,1.6,0.13156343
49.5,7.5,-0.33324146
69.7,5.2,-0.16392024
49.4,4.1,0.12408981
53.6,2.8,-0.2545998
58.9,2.9,-0.2654792
19.3,8.86,-0.4704631
18.3,7.2,-0.44361144
21.7,10.7,-0.20452833
24.8,7.7,-0.3037579
17.5,1.05,0.09937024
58.6,5.6,-0.100565225
14.3,10.7,0.25657845
17.4,5.4,-0.020709928
18.5,10.77,0.008830547
61.7,6.9,0.3018757
36.9,12.81,-0.41916895
17.7,6.6,-0.0026846528
19.8,10.36,0.022785187
52.5,3.0,-0.013354063
64.9,6.5,0.07119322
59.3,7.4,-0.03015709
20.0,8.9,-0.33369833
22.4,5.9,0.19570732
16.9,7.3,-0.5178236
58.3,6.8,-0.34884617
59.6,3.0,-0.06549561
14.6,8.8,-0.6006597
13.4,10.71,0.4198637
20.5,10.04,-0.8104485
18.5,5.6,0.11138457
18.2,8.86,-0.39477098
19.2,3.1,0.122142196
20.2,9.58,-0.5740823
19.3,9.34,-0.20560175
20.5,6.02,0.19581842
22.0,2.67,0.2845987
19.7,0.0,0.09195733
57.5,6.0,-0.25352708
15.3,3.5,-0.037140965
59.3,1.1,-0.17665839
58.7,6.1,-0.37719154
59.2,1.9,-0.18241972
15.5,10.3,-0.006537676
18.5,8.0,-0.40622932
17.8,8.5,-0.50888634
60.0,4.8,-0.69444466
16.7,8.1,-0.47389352
59.3,4.6,-0.103176355
20.0,7.3,-0.34109616
31.3,9.0,-0.35103506
30.0,10.67,0.3819554
22.6,6.36,0.1274299
60.7,5.6,-0.07512355
52.8,6.2,-0.35505715
17.0,3.5,0.0028745532
58.6,3.3,-0.13635391
18.6,8.4,-0.52229
17.3,7.2,-0.33433032
18.7,5.8,0.07870329
20.8,6.7,0.074285686
14.0,8.8,-0.50124323
49.6,5.7,-0.21262878
59.8,4.8,-0.4464863
17.5,1.2,0.10140216
20.3,7.2,-0.8828544
57.7,8.1,0.23742843
31.0,5.7,0.17655694
24.0,7.39,-0.3313266
18.8,7.7,-0.40855503
18.5,8.7,-0.3121578
61.0,5.2,-0.42669028
58.8,3.6,-0.06549573
17.5,6.8,-0.102617234
51.7,7.0,-0.16499424
63.2,6.8,-0.047537386
56.8,3.7,-0.06839703
29.5,4.2,0.10487288
67.9,8.6,1.0703274
59.9,4.1,-0.55710495
17.5,6.6,0.051496506
15.2,6.5,-0.077652335
16.0,3.7,0.10558748
33.1,6.6,0.080429494
49.6,4.3,-0.021797657
63.3,4.6,-0.65018356
15.8,8.0,-0.48492098
55.3,3.2,-0.0041638613
17.1,6.4,-0.034976065
49.5,3.8,0.0033190697
60.2,7.0,0.9597349
49.2,6.7,-0.05144169
58.9,4.8,-0.08215213
58.2,5.5,-0.18075949
59.7,3.4,-0.084166646
19.0,10.5,0.49954224
14.6,8.5,-0.48886412
57.9,6.3,-0.34397742
14.8,11.9,1.4143858
18.6,9.7,-0.17934799
59.3,4.0,-0.39822078
49.3,5.9,0.059254423
49.1,5.9,0.0391258
17.4,8.0,-0.4810754
16.4,7.5,-0.39266473
60.8,5.6,0.109268904
60.2,7.9,0.81911564
49.6,2.7,-0.05951017
23.2,5.2,0.17760426
49.5,7.0,-0.05177927
18.5,5.1,0.18107784
16.5,9.0,-0.44121003
19.6,7.6,-0.3159033
62.6,3.2,-0.33175123
63.3,6.8,0.28530568
49.1,5.6,0.14670849
16.7,6.9,-0.4436866
23.7,7.3,-0.3240204
33.9,10.76,0.39354968
61.6,4.8,-0.39058468
19.0,9.55,-0.31753236
17.2,1.9,0.064009905
49.4,6.1,-0.044427946
17.8,0.0,0.040312886
49.6,3.0,-0.02275242
49.0,4.7,0.30965427
39.0,8.5,-0.2360754
59.2,9.1,0.35454655
59.8,0.1,-0.18410933
19.7,11.8,0.34670353
13.8,11.1,0.23884201
59.3,3.9,-0.07816613
17.9,8.87,-0.39145255
18.0,1.1,0.03494799
15.2,8.5,-0.5197024
19.4,8.5,-0.34934247
17.4,9.8,-0.71799827
49.6,7.0,0.3014679
40.4,4.3,0.32260498
37.9,8.0,-0.3842665
59.1,5.1,-0.2867599
17.3,0.67,0.17711806
35.4,9.88,-1.0098993
15.8,9.38,-0.3887021
20.9,9.19,-0.33274388
40.4,6.8,0.18448287
19.1,10.09,-0.46859324
16.4,7.2,-0.42011487
59.0,3.3,-0.132025
24.2,9.57,-0.57436943
38.1,8.0,-0.38754433
49.5,3.7,-0.076973036
49.2,4.0,0.27314836
43.7,4.1,0.2160145
59.9,6.0,-0.014350474
60.1,8.3,1.3832035
18.4,7.6,-0.3859254
48.9,2.8,0.5505614
20.1,1.1,0.17044151
49.0,5.4,0.09974122
57.4,6.1,-0.32824656
27.4,11.58,-0.06623793
18.7,12.1,0.5926533
20.6,10.24,0.16327143
20.1,2.0,0.25600803
20.6,7.2,-0.33135462
58.7,4.1,-0.13635391
18.4,7.66,-0.30996704
62.8,7.2,0.18795335
16.6,5.9,-0.025867939
49.6,0.2,-0.12959301
16.7,8.0,-0.5587963
59.3,1.1,-0.36276412
20.3,12.02,0.09136772
59.6,5.9,-0.30608952
15.1,9.3,-0.29045188
60.5,4.3,-0.41224825
18.2,5.0,0.14761108
37.2,8.8,-0.33343482
49.4,5.7,0.17780644
49.0,5.1,0.23471466
18.7,8.8,-0.4559191
60.8,2.9,-0.3914547
17.7,8.1,-0.42503715
49.4,7.0,-2.0491686
17.5,1.6,0.05920911
19.2,4.5,0.1832732
57.9,7.8,0.15175533
25.7,4.7,0.2027151
18.7,7.69,-0.47121
35.3,11.92,-0.09287691
56.2,1.0,-0.21536064
36.8,0.0,0.13430524
19.8,8.0,-0.3880356
58.8,4.4,-0.30745634
19.7,7.1,-0.585099
13.8,11.0,0.17783022
19.2,10.84,-0.0056581497
49.2,5.2,0.037445664
32.0,10.64,0.3832388
59.4,0.6,-0.5023376
20.0,6.2,0.111561775
61.9,4.0,-0.43520942
43.7,4.7,0.42313337
16.0,10.0,-0.61879015
16.8,10.6,-0.1803124
16.1,11.1,-0.0018315315
21.8,8.0,-0.27383554
31.9,7.0,-0.44201046
16.8,4.95,0.12048343
14.6,10.2,-0.77826405
