time_col_std,y_true_std,y_pred_std,residual,abs_error,dataset
2021/1/8,485,488.2906964,-3.290696416,3.290696416,train
2021/1/9,453,476.5509613,-23.55096127,23.55096127,train
2021/1/10,441,462.0187535,-21.01875347,21.01875347,train
2021/1/11,457,447.7312857,9.268714287,9.268714287,train
2021/1/12,460,460.2256695,-0.22566947,0.22566947,train
2021/1/13,550,465.222707,84.77729297,84.77729297,train
2021/1/14,621,522.6789719,98.32102813,98.32102813,train
2021/1/15,586,587.2465948,-1.246594781,1.246594781,train
2021/1/16,549,570.1184306,-21.1184306,21.1184306,train
2021/1/17,535,532.6231714,2.376828615,2.376828615,train
2021/1/18,521,518.3302244,2.66977565,2.66977565,train
2021/1/19,505,512.1102289,-7.110228949,7.110228949,train
2021/1/20,499,516.4601635,-17.46016352,17.46016352,train
2021/1/21,485,505.754415,-20.75441497,20.75441497,train
2021/1/22,491,484.9722559,6.027744061,6.027744061,train
2021/1/23,503,485.058449,17.94155102,17.94155102,train
2021/1/24,492,493.8729373,-1.87293726,1.87293726,train
2021/1/25,512,486.373398,25.62660196,25.62660196,train
2021/1/26,498,498.4750777,-0.475077667,0.475077667,train
2021/1/27,509,498.7858294,10.21417065,10.21417065,train
2021/1/28,556,497.5392069,58.46079314,58.46079314,train
2021/1/29,602,534.3532235,67.64677654,67.64677654,train
2021/1/30,622,567.2377618,54.76223819,54.76223819,train
2021/1/31,588,586.5780133,1.421986674,1.421986674,train
2021/2/1,563,560.2480714,2.751928586,2.751928586,train
2021/2/2,574,547.229781,26.77021899,26.77021899,train
2021/2/3,545,561.2632289,-16.26322887,16.26322887,train
2021/2/4,569,542.9890149,26.01098513,26.01098513,train
2021/2/5,541,555.7745275,-14.77452752,14.77452752,train
2021/2/6,580,552.4939127,27.50608731,27.50608731,train
2021/2/7,601,561.0187892,39.98121085,39.98121085,train
2021/2/8,586,576.4777665,9.522233526,9.522233526,train
2021/2/9,611,573.2084419,37.79155808,37.79155808,train
2021/2/10,577,583.5203127,-6.520312658,6.520312658,train
2021/2/11,564,566.6926172,-2.692617158,2.692617158,train
2021/2/12,556,541.7239453,14.27605472,14.27605472,train
2021/2/13,536,544.8817758,-8.88177583,8.88177583,train
2021/2/14,499,537.5994759,-38.59947594,38.59947594,train
2021/2/15,521,506.6256718,14.37432818,14.37432818,train
2021/2/16,515,516.4825208,-1.482520761,1.482520761,train
2021/2/17,502,511.3819821,-9.381982105,9.381982105,train
2021/2/18,512,499.6565614,12.34343857,12.34343857,train
2021/2/19,503,498.6374911,4.362508857,4.362508857,train
2021/2/20,490,489.0127674,0.98723259,0.98723259,train
2021/2/21,472,490.1919767,-18.19197674,18.19197674,train
2021/2/22,498,474.8022734,23.19772665,23.19772665,train
2021/2/23,485,486.4600287,-1.460028689,1.460028689,train
2021/2/24,477,491.391289,-14.39128898,14.39128898,train
2021/2/25,485,482.0335047,2.966495342,2.966495342,train
2021/2/26,451,480.0902766,-29.09027662,29.09027662,train
2021/2/27,421,460.2541233,-39.25412329,39.25412329,train
2021/2/28,419,430.2513625,-11.2513625,11.2513625,train
2021/3/1,429,423.7052583,5.294741669,5.294741669,train
2021/3/2,431,429.3034618,1.696538209,1.696538209,train
2021/3/3,424,432.0231798,-8.023179789,8.023179789,train
2021/3/4,428,422.3127863,5.68721367,5.68721367,train
2021/3/5,419,425.3493925,-6.34939254,6.34939254,train
2021/3/6,412,419.440926,-7.440925971,7.440925971,train
2021/3/7,410,408.3568463,1.643153674,1.643153674,train
2021/3/8,402,410.2592064,-8.259206422,8.259206422,train
2021/3/9,399,402.9353138,-3.935313773,3.935313773,train
2021/3/10,406,401.7910275,4.208972523,4.208972523,train
2021/3/11,359,402.2393696,-43.23936955,43.23936955,train
2021/3/12,346,370.2171058,-24.21710577,24.21710577,train
2021/3/13,355,352.4771263,2.522873737,2.522873737,train
2021/3/14,364,354.0221343,9.977865683,9.977865683,train
2021/3/15,340,365.5083444,-25.50834437,25.50834437,train
2021/3/16,347,352.1210376,-5.121037579,5.121037579,train
2021/3/17,350,350.3782747,-0.378274735,0.378274735,train
2021/3/18,387,355.4972731,31.5027269,31.5027269,train
2021/3/19,375,377.8775749,-2.877574906,2.877574906,train
2021/3/20,367,372.8528025,-5.852802546,5.852802546,train
2021/3/21,351,360.9216938,-9.921693805,9.921693805,train
2021/3/22,361,349.2119344,11.78806563,11.78806563,train
2021/3/23,354,348.1115498,5.88845019,5.88845019,train
2021/3/24,345,354.7902197,-9.790219743,9.790219743,train
2021/3/25,353,350.1691132,2.830886831,2.830886831,train
2021/3/26,345,356.0270992,-11.02709916,11.02709916,train
2021/3/27,366,348.0924228,17.90757717,17.90757717,train
2021/3/28,352,360.1645328,-8.164532786,8.164532786,train
2021/3/29,341,355.7664178,-14.76641781,14.76641781,train
2021/3/30,351,350.0545939,0.94540611,0.94540611,train
2021/3/31,364,346.5834195,17.41658053,17.41658053,train
2021/4/1,349,358.1519163,-9.151916295,9.151916295,train
2021/4/2,353,352.419097,0.580902987,0.580902987,train
2021/4/3,360,352.223699,7.776300957,7.776300957,train
2021/4/4,346,355.3139738,-9.3139738,9.3139738,train
2021/4/5,339,345.2239309,-6.223930949,6.223930949,train
2021/4/6,325,334.9787545,-9.978754536,9.978754536,train
2021/4/7,334,332.5118809,1.488119115,1.488119115,train
2021/4/8,351,333.6925688,17.3074312,17.3074312,train
2021/4/9,342,346.5271428,-4.527142794,4.527142794,train
2021/4/10,338,336.982349,1.017650995,1.017650995,train
2021/4/11,356,348.9954179,7.00458212,7.00458212,train
2021/4/12,346,350.122855,-4.122854995,4.122854995,train
2021/4/13,362,345.8928317,16.1071683,16.1071683,train
2021/4/14,351,359.2247265,-8.224726472,8.224726472,train
2021/4/15,374,359.1682569,14.83174312,14.83174312,train
2021/4/16,354,365.751373,-11.75137295,11.75137295,train
2021/4/17,344,362.9834842,-18.98348424,18.98348424,train
2021/4/18,323,351.6869476,-28.68694761,28.68694761,train
2021/4/19,346,335.7700988,10.22990115,10.22990115,train
2021/4/20,385,339.1361282,45.86387183,45.86387183,train
2021/4/21,374,380.0379753,-6.037975309,6.037975309,train
2021/4/22,366,383.1855063,-17.18550629,17.18550629,train
2021/4/23,378,369.4413736,8.558626401,8.558626401,train
2021/4/24,389,377.582192,11.41780805,11.41780805,train
2021/4/25,331,383.694579,-52.69457897,52.69457897,train
2021/4/26,315,347.4517681,-32.45176812,32.45176812,train
2021/4/27,365,325.691677,39.30832303,39.30832303,train
2021/4/28,356,358.4950687,-2.495068713,2.495068713,train
2021/4/29,370,374.8589022,-4.858902219,4.858902219,train
2021/4/30,361,382.2370481,-21.2370481,21.2370481,train
2021/5/1,362,375.3360118,-13.33601183,13.33601183,train
2021/5/2,357,365.2539435,-8.25394352,8.25394352,train
2021/5/3,334,351.7147263,-17.71472626,17.71472626,train
2021/5/4,351,349.7877664,1.212233572,1.212233572,train
2021/5/5,325,339.9249688,-14.92496876,14.92496876,train
2021/5/6,352,340.270926,11.72907399,11.72907399,train
2021/5/7,345,350.4065809,-5.406580858,5.406580858,train
2021/5/8,357,355.5869767,1.413023259,1.413023259,train
2021/5/9,345,355.8597793,-10.85977931,10.85977931,train
2021/5/10,375.1,357.0980495,18.00195048,18.00195048,train
2021/5/11,365,361.0743405,3.925659548,3.925659548,train
2021/5/12,354,358.3020168,-4.302016831,4.302016831,train
2021/5/13,364,360.0238632,3.976136826,3.976136826,train
2021/5/14,375,354.9454261,20.05457387,20.05457387,train
2021/5/15,384,375.0015854,8.998414619,8.998414619,train
2021/5/16,378,387.2245558,-9.224555834,9.224555834,train
2021/5/17,376,381.5147818,-5.514781839,5.514781839,train
2021/5/18,387,373.7793707,13.22062933,13.22062933,train
2021/5/19,354,389.2447469,-35.24474693,35.24474693,train
2021/5/20,365,373.2562134,-8.256213392,8.256213392,train
2021/5/21,354,371.6853491,-17.68534906,17.68534906,train
2021/5/22,355,358.223484,-3.223484034,3.223484034,train
2021/5/23,324,359.4966709,-35.49667089,35.49667089,train
2021/5/24,378,340.1432953,37.8567047,37.8567047,train
2021/5/25,351,373.872064,-22.87206395,22.87206395,train
2021/5/26,499,364.3278474,134.6721526,134.6721526,train
2021/5/27,478,447.5165676,30.48343236,30.48343236,train
2021/5/28,493,471.8775475,21.12245246,21.12245246,train
2021/5/29,469,461.3284548,7.671545217,7.671545217,train
2021/5/30,426,464.5312664,-38.53126637,38.53126637,train
2021/5/31,440,415.579276,24.42072405,24.42072405,train
2021/6/1,466,441.1399325,24.86006752,24.86006752,train
2021/6/2,454,463.0195721,-9.019572069,9.019572069,train
2021/6/3,505,463.2245475,41.77545249,41.77545249,train
2021/6/4,525,488.4025664,36.59743364,36.59743364,train
2021/6/5,510,512.6377938,-2.637793788,2.637793788,train
2021/6/6,486,503.8810361,-17.88103613,17.88103613,train
2021/6/7,475,485.822067,-10.82206701,10.82206701,train
2021/6/8,484,476.0007912,7.999208836,7.999208836,train
2021/6/9,460,481.1306753,-21.1306753,21.1306753,train
2021/6/10,520,472.5755176,47.4244824,47.4244824,train
2021/6/11,516,514.1805417,1.819458274,1.819458274,train
2021/6/12,507,506.7036328,0.296367176,0.296367176,train
2021/6/13,496,506.8544141,-10.85441412,10.85441412,train
2021/6/14,485,495.4780171,-10.47801712,10.47801712,train
2021/6/15,453,476.6955231,-23.69552314,23.69552314,train
2021/6/16,441,466.0627569,-25.06275687,25.06275687,train
2021/6/17,457,453.0302638,3.969736158,3.969736158,train
2021/6/18,359,455.68263,-96.68263005,96.68263005,train
2021/6/19,346,392.0843162,-46.08431617,46.08431617,train
2021/6/20,355,362.9892693,-7.989269274,7.989269274,train
2021/6/21,364,374.2765015,-10.27650153,10.27650153,train
2021/6/22,340,373.4813496,-33.48134963,33.48134963,train
2021/6/23,347,360.1518444,-13.15184441,13.15184441,train
2021/6/24,350,352.4104382,-2.410438249,2.410438249,train
2021/6/25,387,355.0569685,31.94303146,31.94303146,train
2021/6/26,375,380.5889933,-5.588993251,5.588993251,train
2021/6/27,367,371.9171849,-4.917184942,4.917184942,train
2021/6/28,351,368.124746,-17.12474596,17.12474596,train
2021/6/29,361,358.8958361,2.104163855,2.104163855,train
2021/6/30,354,356.7018528,-2.701852756,2.701852756,train
2021/7/1,345,363.7227462,-18.72274623,18.72274623,train
2021/7/2,353,352.8342458,0.165754207,0.165754207,train
2021/7/3,345,353.0536784,-8.053678351,8.053678351,train
2021/7/4,366,364.0854456,1.914554362,1.914554362,train
2021/7/5,352,367.199653,-15.19965304,15.19965304,train
2021/7/6,341,360.447069,-19.44706896,19.44706896,train
2021/7/7,351,346.458843,4.541157038,4.541157038,train
2021/7/8,364,357.9891775,6.010822518,6.010822518,train
2021/7/9,384,371.921462,12.07853803,12.07853803,train
2021/7/10,378,382.6672874,-4.66728736,4.66728736,train
2021/7/11,376,383.0989491,-7.098949055,7.098949055,train
2021/7/12,387,377.8367685,9.163231506,9.163231506,train
2021/7/13,354,395.0003505,-41.00035047,41.00035047,train
2021/7/14,365,360.8956802,4.104319834,4.104319834,train
2021/7/15,354,356.9489511,-2.948951126,2.948951126,train
2021/7/16,355,371.4628177,-16.46281773,16.46281773,train
2021/7/17,324,363.5213786,-39.52137862,39.52137862,train
2021/7/18,378,343.0175876,34.98241242,34.98241242,train
2021/7/19,351,365.6770718,-14.67707182,14.67707182,train
2021/7/20,499,378.8299531,120.1700469,120.1700469,train
2021/7/21,478,454.4289704,23.57102964,23.57102964,train
2021/7/22,493,480.1106078,12.88939223,12.88939223,train
2021/7/23,469,478.3877188,-9.387718752,9.387718752,train
2021/7/24,426,463.0306525,-37.03065247,37.03065247,train
2021/7/25,440,425.9948445,14.00515547,14.00515547,train
2021/7/26,466,442.5184232,23.48157678,23.48157678,train
2021/7/27,454,463.6700077,-9.670007656,9.670007656,train
2021/7/28,505,472.7570307,32.24296927,32.24296927,train
2021/7/29,525,499.5855481,25.4144519,25.4144519,train
2021/7/30,510,519.1551222,-9.155122222,9.155122222,train
2021/7/31,486,506.1699175,-20.16991753,20.16991753,train
2021/8/1,475,473.2521387,1.747861326,1.747861326,train
2021/8/2,484,476.6478582,7.352141773,7.352141773,train
2021/8/3,460,476.7902837,-16.79028367,16.79028367,train
2021/8/4,520,472.4191227,47.58087729,47.58087729,train
2021/8/5,516,508.0037342,7.996265789,7.996265789,train
2021/8/6,507,513.1628736,-6.162873598,6.162873598,train
2021/8/7,496,513.1216681,-17.12166814,17.12166814,train
2021/8/8,485,503.0159606,-18.01596055,18.01596055,train
2021/8/9,453,477.9310641,-24.93106406,24.93106406,train
2021/8/10,441,462.80468,-21.80468001,21.80468001,train
2021/8/11,457,453.6437479,3.356252103,3.356252103,train
2021/8/12,460,461.6893151,-1.689315111,1.689315111,train
2021/8/13,550,465.7302411,84.26975886,84.26975886,train
2021/8/14,621,531.042551,89.95744897,89.95744897,train
2021/8/15,586,591.5281703,-5.52817029,5.52817029,train
2021/8/16,549,564.0093989,-15.00939887,15.00939887,train
2021/8/17,535,545.7494507,-10.7494507,10.7494507,train
2021/8/18,521,524.8779199,-3.877919879,3.877919879,train
2021/8/19,505,515.9394278,-10.93942776,10.93942776,train
2021/8/20,499,513.2341258,-14.23412578,14.23412578,train
2021/8/21,485,507.3712027,-22.37120271,22.37120271,train
2021/8/22,520,497.7828636,22.2171364,22.2171364,train
2021/8/23,516,515.6879082,0.312091782,0.312091782,train
2021/8/24,507,515.8217979,-8.82179787,8.82179787,train
2021/8/25,496,509.5345678,-13.53456776,13.53456776,train
2021/8/26,485,495.1825755,-10.18257546,10.18257546,train
2021/8/27,453,482.0807692,-29.08076921,29.08076921,train
2021/8/28,441,463.0026012,-22.0026012,22.0026012,train
2021/8/29,457,454.5717413,2.428258723,2.428258723,train
2021/8/30,359,457.5646323,-98.56463233,98.56463233,train
2021/8/31,346,398.6915009,-52.69150093,52.69150093,train
2021/9/1,355,358.3515372,-3.351537243,3.351537243,train
2021/9/2,364,372.696562,-8.696562046,8.696562046,train
2021/9/3,340,381.4821087,-41.48210871,41.48210871,train
2021/9/4,347,366.6625048,-19.66250485,19.66250485,train
2021/9/5,350,343.1612623,6.838737677,6.838737677,train
2021/9/6,387,365.4331162,21.56688383,21.56688383,train
2021/9/7,375,385.0693214,-10.06932136,10.06932136,train
2021/9/8,367,370.9942484,-3.994248362,3.994248362,train
2021/9/9,351,372.7172461,-21.71724607,21.71724607,train
2021/9/10,361,359.5928311,1.40716886,1.40716886,train
2021/9/11,354,359.1858551,-5.185855082,5.185855082,train
2021/9/12,345,360.3115774,-15.31157741,15.31157741,train
2021/9/13,353,353.9941618,-0.994161849,0.994161849,train
2021/9/14,345,359.697959,-14.69795898,14.69795898,train
2021/9/15,366,355.8134474,10.18655256,10.18655256,train
2021/9/16,352,367.0170408,-15.0170408,15.0170408,train
2021/9/17,341,358.0801118,-17.0801118,17.0801118,train
2021/9/18,351,353.1262172,-2.126217247,2.126217247,train
2021/9/19,521,356.401292,164.598708,164.598708,train
2021/9/20,505,470.3225371,34.67746291,34.67746291,train
2021/9/21,499,501.556499,-2.556499016,2.556499016,train
2021/9/22,485,478.2599793,6.740020736,6.740020736,train
2021/9/23,520,476.1791447,43.82085534,43.82085534,train
2021/9/24,516,493.1475905,22.85240953,22.85240953,train
2021/9/25,507,505.261062,1.738938024,1.738938024,train
2021/9/26,496,497.3006526,-1.300652635,1.300652635,train
2021/9/27,485,507.8365598,-22.83655982,22.83655982,train
2021/9/28,453,476.4713327,-23.47133273,23.47133273,train
2021/9/29,441,454.7549544,-13.75495444,13.75495444,train
2021/9/30,457,459.8498993,-2.849899265,2.849899265,train
2021/10/1,359,435.1165057,-76.11650569,76.11650569,train
2021/10/2,346,368.7016989,-22.70169893,22.70169893,train
2021/10/3,355,357.4918064,-2.491806366,2.491806366,train
2021/10/4,364,371.0427463,-7.042746258,7.042746258,train
2021/10/5,340,362.5952402,-22.59524019,22.59524019,train
2021/10/6,347,366.9268086,-19.92680859,19.92680859,train
2021/10/7,350,357.3375382,-7.33753819,7.33753819,train
2021/10/8,376,346.6051178,29.39488222,29.39488222,train
2021/10/9,387,376.3155913,10.68440874,10.68440874,train
2021/10/10,354,380.2568155,-26.25681551,26.25681551,train
2021/10/11,365,363.3641926,1.635807352,1.635807352,train
2021/10/12,354,367.9407634,-13.94076338,13.94076338,train
2021/10/13,355,370.1600446,-15.16004455,15.16004455,train
2021/10/14,324,361.2628902,-37.26289018,37.26289018,train
2021/10/15,378,339.2634411,38.7365589,38.7365589,train
2021/10/16,351,371.0439295,-20.0439295,20.0439295,train
2021/10/17,499,375.9694375,123.0305625,123.0305625,train
2021/10/18,478,455.4053517,22.59464831,22.59464831,train
2021/10/19,493,477.9621505,15.03784947,15.03784947,train
2021/10/20,469,458.5702786,10.42972143,10.42972143,train
2021/10/21,426,448.9973492,-22.99734924,22.99734924,train
2021/10/22,376,405.7342227,-29.73422274,29.73422274,train
2021/10/23,387,391.8295402,-4.829540203,4.829540203,train
2021/10/24,354,391.2902827,-37.29028269,37.29028269,train
2021/10/25,365,372.1118343,-7.111834257,7.111834257,train
2021/10/26,354,388.0246265,-34.02462646,34.02462646,train
2021/10/27,355,371.0215402,-16.02154015,16.02154015,train
2021/10/28,324,350.0325525,-26.03255253,26.03255253,train
2021/10/29,378,344.5011521,33.49884787,33.49884787,train
2021/10/30,351,369.8907452,-18.8907452,18.8907452,train
2021/10/31,499,365.1966352,133.8033648,133.8033648,train
2021/11/1,478,460.6308934,17.36910657,17.36910657,train
2021/11/2,493,472.7426211,20.25737891,20.25737891,train
2021/11/3,323,451.8232681,-128.8232681,128.8232681,train
2021/11/4,356,374.1113257,-18.11132567,18.11132567,train
2021/11/5,378,348.2113827,29.78861733,29.78861733,train
2021/11/6,362,389.220809,-27.22080899,27.22080899,train
2021/11/7,357,376.9184221,-19.9184221,19.9184221,train
2021/11/8,334,363.5905447,-29.59054467,29.59054467,train
2021/11/9,351,333.0981752,17.90182482,17.90182482,train
2021/11/10,325,342.2579192,-17.2579192,17.2579192,train
2021/11/11,352,345.1115337,6.888466265,6.888466265,train
2021/11/12,345,342.2170918,2.782908207,2.782908207,train
2021/11/13,357,349.3792905,7.62070953,7.62070953,train
2021/11/14,345,340.3703038,4.629696245,4.629696245,train
2021/11/15,375.1,345.7332782,29.36672178,29.36672178,train
2021/11/16,365,365.9249987,-0.924998745,0.924998745,train
2021/11/17,354,365.3410793,-11.34107933,11.34107933,train
2021/11/18,364,351.9819117,12.01808833,12.01808833,train
2021/11/19,375,357.9655744,17.03442556,17.03442556,train
2021/11/20,384,358.0153058,25.9846942,25.9846942,train
2021/11/21,378,381.313375,-3.313374958,3.313374958,train
2021/11/22,376,375.3054663,0.694533673,0.694533673,train
2021/11/23,387,371.271561,15.72843904,15.72843904,train
2021/11/24,354,386.1457193,-32.14571925,32.14571925,train
2021/11/25,365,353.8533526,11.1466474,11.1466474,train
2021/11/26,354,352.516968,1.483031998,1.483031998,train
2021/11/27,355,354.2531134,0.74688664,0.74688664,train
2021/11/28,324,357.0441578,-33.04415778,33.04415778,train
2021/11/29,378,344.7357431,33.26425689,33.26425689,train
2021/11/30,351,361.2803231,-10.28032312,10.28032312,train
2021/12/1,499,362.0754536,136.9245464,136.9245464,train
2021/12/2,478,467.8851974,10.11480261,10.11480261,train
2021/12/3,493,470.9445208,22.05547925,22.05547925,train
2021/12/4,469,465.0234404,3.976559583,3.976559583,train
2021/12/5,426,438.8183286,-12.81832861,12.81832861,train
2021/12/6,440,423.2389754,16.76102465,16.76102465,train
2021/12/7,466,442.3539136,23.64608638,23.64608638,train
2021/12/8,454,463.8236038,-9.823603761,9.823603761,train
2021/12/9,505,469.744053,35.25594695,35.25594695,train
2021/12/10,525,496.9519044,28.04809564,28.04809564,train
2021/12/11,510,518.7635226,-8.76352257,8.76352257,train
2021/12/12,486,504.6649425,-18.66494247,18.66494247,train
2021/12/13,475,481.3742212,-6.37422115,6.37422115,train
2021/12/14,484,474.2201451,9.779854866,9.779854866,train
2021/12/15,460,475.0293503,-15.02935031,15.02935031,train
2021/12/16,520,474.3020895,45.69791053,45.69791053,train
2021/12/17,516,513.5214883,2.478511676,2.478511676,train
2021/12/18,507,512.773716,-5.77371596,5.77371596,train
2021/12/19,496,504.0521297,-8.052129716,8.052129716,train
2021/12/20,485,498.7003987,-13.70039873,13.70039873,train
2021/12/21,453,481.9167829,-28.91678292,28.91678292,train
2021/12/22,441,468.5015755,-27.50157545,27.50157545,train
2021/12/23,457,453.9817379,3.0182621,3.0182621,train
2021/12/24,460,457.9098014,2.090198625,2.090198625,train
2021/12/25,550,462.6307384,87.3692616,87.3692616,train
2021/12/26,621,529.3966349,91.60336507,91.60336507,train
2021/12/27,586,593.8552037,-7.855203737,7.855203737,train
2021/12/28,549,567.2408297,-18.24082971,18.24082971,train
2021/12/29,535,526.0914228,8.908577202,8.908577202,train
2021/12/30,521,523.5113464,-2.511346421,2.511346421,train
2021/12/31,505,520.5479026,-15.54790262,15.54790262,train
2022/1/1,499,508.5392175,-9.539217484,9.539217484,train
2022/1/2,485,506.1023275,-21.10232746,21.10232746,train
2022/1/3,491,499.1610061,-8.161006141,8.161006141,train
2022/1/4,503,494.6082543,8.391745691,8.391745691,train
2022/1/5,492,496.8175239,-4.817523866,4.817523866,train
2022/1/6,512,486.8015926,25.19840745,25.19840745,train
2022/1/7,498,497.8226593,0.177340708,0.177340708,train
2022/1/8,509,490.3155923,18.68440766,18.68440766,train
2022/1/9,556,506.2190947,49.78090526,49.78090526,train
2022/1/10,602,538.8079221,63.19207787,63.19207787,train
2022/1/11,622,579.9861195,42.01388048,42.01388048,train
2022/1/12,588,606.1076635,-18.10766349,18.10766349,train
2022/1/13,563,576.5194211,-13.51942111,13.51942111,train
2022/1/14,574,546.6743939,27.32560607,27.32560607,train
2022/1/15,545,556.2597943,-11.25979433,11.25979433,train
2022/1/16,569,552.3646948,16.63530522,16.63530522,train
2022/1/17,541,554.4737505,-13.47375054,13.47375054,train
2022/1/18,580,555.805958,24.19404196,24.19404196,train
2022/1/19,601,560.4388242,40.56117576,40.56117576,train
2022/1/20,586,583.2917919,2.708208067,2.708208067,train
2022/1/21,611,572.4390189,38.56098106,38.56098106,train
2022/1/22,577,585.2885994,-8.288599429,8.288599429,train
2022/1/23,564,572.4268673,-8.426867312,8.426867312,train
2022/1/24,556,554.9952788,1.004721194,1.004721194,train
2022/1/25,536,552.0457977,-16.04579766,16.04579766,train
2022/1/26,499,525.5436258,-26.54362585,26.54362585,train
2022/1/27,521,506.7262779,14.27372214,14.27372214,train
2022/1/28,515,518.9608576,-3.960857551,3.960857551,train
2022/1/29,502,518.1124793,-16.11247928,16.11247928,train
2022/1/30,512,493.9577782,18.04222182,18.04222182,train
2022/1/31,503,499.94424,3.055760004,3.055760004,train
2022/2/1,490,494.314512,-4.314512047,4.314512047,train
2022/2/2,472,493.1491011,-21.14910115,21.14910115,train
2022/2/3,498,489.3911832,8.608816847,8.608816847,train
2022/2/4,485,485.6217984,-0.621798357,0.621798357,train
2022/2/5,477,487.9194381,-10.91943812,10.91943812,train
2022/2/6,485,472.3101029,12.68989714,12.68989714,train
2022/2/7,451,481.5052685,-30.50526851,30.50526851,train
2022/2/8,421,449.2097597,-28.20975973,28.20975973,train
2022/2/9,419,429.6712118,-10.6712118,10.6712118,train
2022/2/10,429,424.1009241,4.899075898,4.899075898,train
2022/2/11,431,427.0241242,3.975875829,3.975875829,train
2022/2/12,424,444.0166316,-20.01663164,20.01663164,train
2022/2/13,428,427.7165619,0.283438061,0.283438061,train
2022/2/14,419,417.0593374,1.940662597,1.940662597,train
2022/2/15,412,409.2329304,2.767069593,2.767069593,train
2022/2/16,410,414.4853898,-4.485389752,4.485389752,train
2022/2/17,402,409.41867,-7.418669983,7.418669983,train
2022/2/18,399,394.2583484,4.741651589,4.741651589,train
2022/2/19,406,394.1708079,11.8291921,11.8291921,train
2022/2/20,359,402.9676101,-43.96761009,43.96761009,train
2022/2/21,346,370.8249798,-24.82497982,24.82497982,train
2022/2/22,355,355.5321068,-0.532106805,0.532106805,train
2022/2/23,364,357.3699994,6.630000581,6.630000581,train
2022/2/24,340,361.4077677,-21.40776773,21.40776773,train
2022/2/25,347,347.0118916,-0.01189156,0.01189156,train
2022/2/26,350,346.6619145,3.338085527,3.338085527,train
2022/2/27,387,354.2868665,32.71313347,32.71313347,train
2022/2/28,375,383.9574274,-8.957427355,8.957427355,train
2022/3/1,367,374.4707526,-7.470752646,7.470752646,train
2022/3/2,351,357.8552043,-6.855204269,6.855204269,train
2022/3/3,361,361.9143733,-0.914373307,0.914373307,train
2022/3/4,354,351.0516387,2.94836129,2.94836129,train
2022/3/5,345,352.4029131,-7.402913063,7.402913063,train
2022/3/6,353,361.0428896,-8.042889636,8.042889636,train
2022/3/7,345,360.4386311,-15.43863114,15.43863114,train
2022/3/8,366,349.3536127,16.64638732,16.64638732,train
2022/3/9,352,365.1727892,-13.17278917,13.17278917,train
2022/3/10,341,352.810683,-11.81068304,11.81068304,train
2022/3/11,351,343.1511518,7.848848201,7.848848201,train
2022/3/12,364,341.7021812,22.29781876,22.29781876,train
2022/3/13,349,357.2150389,-8.215038854,8.215038854,train
2022/3/14,353,354.8144037,-1.814403696,1.814403696,train
2022/3/15,360,347.9401205,12.05987945,12.05987945,train
2022/3/16,346,354.3551496,-8.355149609,8.355149609,train
2022/3/17,339,352.5212515,-13.52125148,13.52125148,train
2022/3/18,325,340.6760118,-15.67601179,15.67601179,train
2022/3/19,334,336.2245696,-2.224569554,2.224569554,train
2022/3/20,351,335.2437701,15.75622995,15.75622995,train
2022/3/21,342,344.4174716,-2.417471553,2.417471553,train
2022/3/22,338,346.8586357,-8.858635707,8.858635707,train
2022/3/23,356,344.8980456,11.10195443,11.10195443,train
2022/3/24,346,344.6423268,1.357673248,1.357673248,train
2022/3/25,362,347.5258302,14.47416978,14.47416978,train
2022/3/26,351,355.3674185,-4.367418501,4.367418501,train
2022/3/27,374,350.8302822,23.16971775,23.16971775,train
2022/3/28,354,359.7110587,-5.711058669,5.711058669,train
2022/3/29,344,346.071922,-2.071921993,2.071921993,train
2022/3/30,323,346.5783858,-23.57838575,23.57838575,train
2022/3/31,346,332.8602639,13.13973608,13.13973608,train
2022/4/1,385,346.2750679,38.72493208,38.72493208,train
2022/4/2,374,381.9117893,-7.911789312,7.911789312,train
2022/4/3,366,362.6895926,3.310407449,3.310407449,train
2022/4/4,378,367.3675961,10.63240395,10.63240395,train
2022/4/5,389,372.5721986,16.42780136,16.42780136,train
2022/4/6,331,376.0773032,-45.07730315,45.07730315,train
2022/4/7,315,345.8649229,-30.86492294,30.86492294,train
2022/4/8,365,328.8806611,36.11933893,36.11933893,train
2022/4/9,356,363.5494466,-7.549446622,7.549446622,train
2022/4/10,370,367.3755484,2.624451615,2.624451615,train
2022/4/11,361,373.2397307,-12.2397307,12.2397307,train
2022/4/12,344,352.4123519,-8.41235191,8.41235191,train
2022/4/13,354,337.2197233,16.78027665,16.78027665,train
2022/4/14,339,358.358699,-19.35869898,19.35869898,train
2022/4/15,328,346.5114227,-18.51142271,18.51142271,train
2022/4/16,385,340.344503,44.65549704,44.65549704,train
2022/4/17,346,378.366316,-32.366316,32.366316,train
2022/4/18,334,358.7678603,-24.76786025,24.76786025,train
2022/4/19,317,329.4409679,-12.44096789,12.44096789,train
2022/4/20,321,327.8887181,-6.888718126,6.888718126,train
2022/4/21,341,320.5439196,20.45608043,20.45608043,train
2022/4/22,366,340.2750654,25.72493457,25.72493457,train
2022/4/23,313,363.3929104,-50.39291041,50.39291041,train
2022/4/24,320,321.5644537,-1.564453681,1.564453681,train
2022/4/25,298,312.489716,-14.489716,14.489716,train
2022/4/26,305,307.2029953,-2.202995259,2.202995259,train
2022/4/27,324,298.6953295,25.30467046,25.30467046,train
2022/4/28,303,321.2780875,-18.27808753,18.27808753,train
2022/4/29,298,312.9393882,-14.93938823,14.93938823,train
2022/4/30,338,310.5309345,27.46906554,27.46906554,train
2022/5/1,315,328.9566908,-13.95669082,13.95669082,train
2022/5/2,295,322.7877365,-27.78773653,27.78773653,train
2022/5/3,287,302.7543252,-15.75432524,15.75432524,train
2022/5/4,301,289.4763234,11.52367662,11.52367662,train
2022/5/5,317,296.9002651,20.09973487,20.09973487,train
2022/5/6,304,310.3899756,-6.389975559,6.389975559,train
2022/5/7,314,307.1321262,6.867873783,6.867873783,train
2022/5/8,287,316.3049821,-29.30498208,29.30498208,train
2022/5/9,278,297.1354696,-19.13546959,19.13546959,train
2022/5/10,286,284.5323868,1.467613178,1.467613178,train
2022/5/11,276,287.9630003,-11.9630003,11.9630003,train
2022/5/12,282,273.8895699,8.110430114,8.110430114,train
2022/5/13,269,269.6493063,-0.649306274,0.649306274,train
2022/5/14,294,278.8242506,15.17574936,15.17574936,train
2022/5/15,285,274.9551008,10.04489916,10.04489916,train
2022/5/16,256,271.8927949,-15.89279489,15.89279489,train
2022/5/17,232,267.3701417,-35.3701417,35.3701417,train
2022/5/18,222,253.5139769,-31.51397687,31.51397687,train
2022/5/19,246,234.0130958,11.98690423,11.98690423,train
2022/5/20,249,246.9133824,2.086617625,2.086617625,train
2022/5/21,235,253.4335802,-18.43358017,18.43358017,train
2022/5/22,248,236.4328363,11.56716374,11.56716374,train
2022/5/23,234,241.9932576,-7.993257609,7.993257609,train
2022/5/24,210,239.2618805,-29.26188048,29.26188048,train
2022/5/25,267,217.7283451,49.27165491,49.27165491,train
2022/5/26,235,236.8932284,-1.893228406,1.893228406,train
2022/5/27,249,242.3249749,6.675025132,6.675025132,train
2022/5/28,227,243.1498458,-16.14984584,16.14984584,train
2022/5/29,215,229.4652939,-14.46529385,14.46529385,train
2022/5/30,163,205.4279158,-42.42791581,42.42791581,train
2022/5/31,204,177.3370109,26.66298908,26.66298908,train
2022/6/1,152,190.2909306,-38.29093062,38.29093062,train
2022/6/2,150,163.0059455,-13.00594549,13.00594549,train
2022/6/3,155,153.0118253,1.988174677,1.988174677,train
2022/6/4,178,159.682473,18.317527,18.317527,train
2022/6/5,185,168.0677441,16.93225587,16.93225587,train
2022/6/6,194,181.4971485,12.50285153,12.50285153,train
2022/6/7,163,186.9062666,-23.90626662,23.90626662,train
2022/6/8,166,164.8325165,1.167483542,1.167483542,train
2022/6/9,172,153.7974379,18.20256211,18.20256211,train
2022/6/10,124,165.1333098,-41.13330975,41.13330975,train
2022/6/11,150,138.1693635,11.83063652,11.83063652,train
2022/6/12,126,143.5925557,-17.59255566,17.59255566,train
2022/6/13,138,135.7955321,2.204467912,2.204467912,train
2022/6/14,153,128.8351674,24.16483263,24.16483263,train
2022/6/15,159,148.1705078,10.8294922,10.8294922,train
2022/6/16,140,148.9829798,-8.98297984,8.98297984,train
2022/6/17,152,139.5933709,12.40662907,12.40662907,train
2022/6/18,103,137.3201771,-34.3201771,34.3201771,train
2022/6/19,124,120.7731152,3.226884848,3.226884848,train
2022/6/20,128,119.1238731,8.876126862,8.876126862,train
2022/6/21,135,143.3557262,-8.355726187,8.355726187,train
2022/6/22,143,133.4927308,9.507269243,9.507269243,train
2022/6/23,145,150.5240608,-5.524060814,5.524060814,train
2022/6/24,122,134.8345342,-12.83453416,12.83453416,train
2022/6/25,136,124.5941207,11.40587934,11.40587934,train
2022/6/26,124,125.3466886,-1.346688567,1.346688567,train
2022/6/27,145,137.0166066,7.983393408,7.983393408,train
2022/6/28,121,143.095462,-22.09546199,22.09546199,train
2022/6/29,130,124.5918003,5.408199733,5.408199733,train
2022/6/30,141,123.6425195,17.35748046,17.35748046,train
2022/7/1,126,144.5839961,-18.58399606,18.58399606,train
2022/7/2,143,128.6547862,14.34521377,14.34521377,train
2022/7/3,139,147.5554058,-8.555405836,8.555405836,train
2022/7/4,121,138.059069,-17.05906896,17.05906896,train
2022/7/5,135,122.735118,12.26488196,12.26488196,train
2022/7/6,126,138.4903446,-12.49034464,12.49034464,train
2022/7/7,134,128.5143116,5.485688445,5.485688445,train
2022/7/8,141,138.529057,2.470943002,2.470943002,train
2022/7/9,125,138.8637111,-13.86371109,13.86371109,train
2022/7/10,143,126.0141558,16.98584423,16.98584423,train
2022/7/11,161,139.6279973,21.37200273,21.37200273,train
2022/7/12,150,148.4340235,1.565976517,1.565976517,train
2022/7/13,162,153.3079988,8.692001238,8.692001238,train
2022/7/14,168,154.0532072,13.94679279,13.94679279,train
2022/7/15,171,161.1840606,9.815939381,9.815939381,train
2022/7/16,163,162.8149684,0.185031572,0.185031572,train
2022/7/17,145,156.2367138,-11.2367138,11.2367138,train
2022/7/18,152,140.6953666,11.30463339,11.30463339,train
2022/7/19,158,156.6340813,1.365918702,1.365918702,train
2022/7/20,150,162.8485168,-12.84851684,12.84851684,train
2022/7/21,178,154.5144636,23.48553641,23.48553641,train
2022/7/22,147,170.6683359,-23.66833592,23.66833592,train
2022/7/23,158,152.6266916,5.373308382,5.373308382,train
2022/7/24,166,155.1539212,10.84607884,10.84607884,train
2022/7/25,175,155.2313772,19.76862281,19.76862281,train
2022/7/26,167,171.2255805,-4.225580455,4.225580455,train
2022/7/27,188,165.7594793,22.24052072,22.24052072,train
2022/7/28,149,172.183721,-23.183721,23.183721,train
2022/7/29,151,165.1609495,-14.16094946,14.16094946,train
2022/7/30,132,143.0492112,-11.04921118,11.04921118,train
2022/7/31,145,130.4334789,14.56652113,14.56652113,train
2022/8/1,157,140.3634345,16.63656548,16.63656548,train
2022/8/2,143,160.7110585,-17.71105853,17.71105853,train
2022/8/3,140,152.4235525,-12.42355247,12.42355247,train
2022/8/4,146,145.4814976,0.518502444,0.518502444,train
2022/8/5,145,145.031867,-0.031866974,0.031866974,train
2022/8/6,153,149.5779512,3.422048782,3.422048782,train
2022/8/7,146,155.2833033,-9.283303311,9.283303311,train
2022/8/8,142,150.6643363,-8.664336252,8.664336252,train
2022/8/9,152,140.5895681,11.41043187,11.41043187,train
2022/8/10,161,151.5622505,9.43774946,9.43774946,train
2022/8/11,136,158.7486424,-22.74864236,22.74864236,train
2022/8/12,196,146.4516238,49.54837623,49.54837623,train
2022/8/13,117,174.5273144,-57.52731436,57.52731436,train
2022/8/14,113,135.3000358,-22.3000358,22.3000358,train
2022/8/15,107,117.88376,-10.88376002,10.88376002,train
2022/8/16,111,116.4675859,-5.46758587,5.46758587,train
2022/8/17,108,108.4207083,-0.42070826,0.42070826,train
2022/8/18,125,118.8161562,6.183843812,6.183843812,train
2022/8/19,78,124.558762,-46.55876202,46.55876202,train
2022/8/20,103,92.34181382,10.65818618,10.65818618,train
2022/8/21,121,96.84322273,24.15677727,24.15677727,train
2022/8/22,139,123.1370894,15.86291063,15.86291063,train
2022/8/23,126,130.5754418,-4.575441842,4.575441842,train
2022/8/24,134,130.0401275,3.959872535,3.959872535,train
2022/8/25,138,118.5285679,19.47143208,19.47143208,train
2022/8/26,107,125.0320969,-18.03209686,18.03209686,train
2022/8/27,102,113.3868573,-11.38685728,11.38685728,train
2022/8/28,111,105.7514314,5.248568596,5.248568596,train
2022/8/29,71,108.9676139,-37.96761395,37.96761395,train
2022/8/30,93,80.05757482,12.94242518,12.94242518,train
2022/8/31,87,96.3650277,-9.365027695,9.365027695,train
2022/9/1,98,98.81742825,-0.817428252,0.817428252,train
2022/9/2,103,92.3737306,10.6262694,10.6262694,train
2022/9/3,95,98.7578471,-3.757847096,3.757847096,train
2022/9/4,102,92.0144081,9.985591896,9.985591896,train
2022/9/5,92,98.0475441,-6.0475441,6.0475441,train
2022/9/6,131,97.011142,33.988858,33.988858,train
2022/9/7,146,118.3478512,27.65214875,27.65214875,train
2022/9/8,112,139.6660481,-27.66604811,27.66604811,train
2022/9/9,135,115.4528007,19.54719926,19.54719926,train
2022/9/10,128,118.5128363,9.487163669,9.487163669,train
2022/9/11,119,119.8613845,-0.861384501,0.861384501,train
2022/9/12,126,123.3926941,2.607305888,2.607305888,train
2022/9/13,118,125.6844467,-7.684446673,7.684446673,train
2022/9/14,89,120.7556068,-31.75560675,31.75560675,train
2022/9/15,70,98.83973789,-28.83973789,28.83973789,train
2022/9/16,81,79.39892291,1.601077093,1.601077093,train
2022/9/17,92,77.57773919,14.42226081,14.42226081,train
2022/9/18,102,87.23337006,14.76662994,14.76662994,train
2022/9/19,94,105.8927015,-11.89270154,11.89270154,train
2022/9/20,98,103.7138561,-5.713856105,5.713856105,train
2022/9/21,82,92.58424844,-10.58424844,10.58424844,train
2022/9/22,71,80.90068961,-9.900689608,9.900689608,train
2022/9/23,75,81.56863939,-6.568639388,6.568639388,train
2022/9/24,89,77.90166174,11.09833826,11.09833826,train
2022/9/25,97,86.84248673,10.15751327,10.15751327,train
2022/9/26,106,94.75377633,11.24622367,11.24622367,train
2022/9/27,131,96.89902842,34.10097158,34.10097158,train
2022/9/28,107,114.4948738,-7.494873848,7.494873848,train
2022/9/29,159,107.1856459,51.81435407,51.81435407,train
2022/9/30,157,145.4099498,11.59005022,11.59005022,train
2022/10/1,162,152.3156591,9.684340868,9.684340868,train
2022/10/2,78,150.4384737,-72.43847368,72.43847368,train
2022/10/3,95,106.041802,-11.04180203,11.04180203,train
2022/10/4,103,87.49103383,15.50896617,15.50896617,train
2022/10/5,83,100.2800331,-17.28003313,17.28003313,train
2022/10/6,94,92.89216797,1.107832031,1.107832031,train
2022/10/7,102,109.8440127,-7.844012737,7.844012737,train
2022/10/8,73,97.22830012,-24.22830012,24.22830012,train
2022/10/9,94,73.40181893,20.59818107,20.59818107,train
2022/10/10,77,96.08628388,-19.08628388,19.08628388,train
2022/10/11,85,86.71544642,-1.715446416,1.715446416,train
2022/10/12,98,77.52576068,20.47423932,20.47423932,train
2022/10/13,84,97.55399112,-13.55399112,13.55399112,train
2022/10/14,75,83.17899193,-8.178991931,8.178991931,train
2022/10/15,121,85.19846946,35.80153054,35.80153054,train
2022/10/16,105,107.7951099,-2.79510986,2.79510986,train
2022/10/17,89,115.4640035,-26.46400351,26.46400351,train
2022/10/18,77,101.7819821,-24.7819821,24.7819821,train
2022/10/19,95,80.34980603,14.65019397,14.65019397,train
2022/10/20,104,95.2596275,8.740372499,8.740372499,train
2022/10/21,108,103.5372677,4.462732277,4.462732277,train
2022/10/22,85,104.2227243,-19.22272432,19.22272432,train
2022/10/23,70,97.21158035,-27.21158035,27.21158035,train
2022/10/24,47,73.76957335,-26.76957335,26.76957335,train
2022/10/25,69,57.90654317,11.09345683,11.09345683,train
2022/10/26,102,71.31787075,30.68212925,30.68212925,train
2022/10/27,97,85.9444927,11.0555073,11.0555073,train
2022/10/28,69,80.52253362,-11.52253362,11.52253362,train
2022/10/29,77,84.81179155,-7.811791551,7.811791551,train
2022/10/30,83,85.26017759,-2.260177586,2.260177586,train
2022/10/31,71,74.78915642,-3.78915642,3.78915642,train
2022/11/1,103,68.83174806,34.16825194,34.16825194,train
2022/11/2,97,94.24108229,2.758917713,2.758917713,train
2022/11/3,110,92.60762346,17.39237654,17.39237654,train
2022/11/4,116,103.0890534,12.91094664,12.91094664,train
2022/11/5,93,111.1154684,-18.11546842,18.11546842,train
2022/11/6,89,91.35797194,-2.357971939,2.357971939,train
2022/11/7,95,92.76284526,2.237154738,2.237154738,train
2022/11/8,96,89.28574425,6.714255749,6.714255749,train
2022/11/9,95,89.10211126,5.897888739,5.897888739,train
2022/11/10,103,104.5865835,-1.586583516,1.586583516,train
2022/11/11,98,110.9890598,-12.98905981,12.98905981,train
2022/11/12,106,96.64942938,9.350570619,9.350570619,train
2022/11/13,91,105.0824976,-14.08249763,14.08249763,train
2022/11/14,77,85.9184666,-8.918466604,8.918466604,train
2022/11/15,86,81.92715846,4.072841541,4.072841541,train
2022/11/16,82,82.02364467,-0.023644673,0.023644673,train
2022/11/17,83,76.30353186,6.696468136,6.696468136,train
2022/11/18,91,86.34515499,4.654845005,4.654845005,train
2022/11/19,86,94.76877055,-8.768770545,8.768770545,train
2022/11/20,93,85.24257609,7.757423914,7.757423914,train
2022/11/21,101,84.90562946,16.09437054,16.09437054,train
2022/11/22,89,99.87679805,-10.87679805,10.87679805,train
2022/11/23,92,92.78560239,-0.785602394,0.785602394,train
2022/11/24,107,94.27483642,12.72516358,12.72516358,train
2022/11/25,92,104.2537838,-12.25378382,12.25378382,train
2022/11/26,95,91.50361589,3.496384114,3.496384114,train
2022/11/27,89,94.10304322,-5.103043218,5.103043218,train
2022/11/28,106,91.29387306,14.70612694,14.70612694,train
2022/11/29,101,98.17806494,2.821935059,2.821935059,train
2022/11/30,98,105.2933097,-7.2933097,7.2933097,train
2022/12/1,121,98.37880481,22.62119519,22.62119519,train
2022/12/2,124,113.3418812,10.65811876,10.65811876,train
2022/12/3,130,126.1142403,3.885759744,3.885759744,train
2022/12/4,121,135.0944843,-14.09448434,14.09448434,train
2022/12/5,125,117.4546146,7.545385351,7.545385351,train
2022/12/6,132,119.7719564,12.2280436,12.2280436,train
2022/12/7,127,127.7277798,-0.727779759,0.727779759,train
2022/12/8,132,125.3761307,6.623869264,6.623869264,train
2022/12/9,124,139.0922168,-15.09221681,15.09221681,train
2022/12/10,147,125.6268952,21.37310475,21.37310475,train
2022/12/11,173,144.7462787,28.25372128,28.25372128,train
2022/12/12,154,174.4150334,-20.41503341,20.41503341,train
2022/12/13,163,160.9060925,2.093907494,2.093907494,train
2022/12/14,156,163.0200971,-7.020097074,7.020097074,train
2022/12/15,147,157.7986918,-10.79869181,10.79869181,train
2022/12/16,135,142.8654818,-7.86548184,7.86548184,train
2022/12/17,125,143.35898,-18.35897996,18.35897996,train
2022/12/18,131,128.3953,2.604700026,2.604700026,train
2022/12/19,126,133.0407025,-7.040702478,7.040702478,train
2022/12/20,122,142.5955271,-20.59552715,20.59552715,train
2022/12/21,145,126.8651788,18.13482119,18.13482119,train
2022/12/22,132,141.1281871,-9.128187078,9.128187078,train
2022/12/23,142,135.0482199,6.951780146,6.951780146,train
2022/12/24,123,138.2720748,-15.27207482,15.27207482,train
2022/12/25,135,132.1774332,2.822566791,2.822566791,train
2022/12/26,123,129.7794239,-6.779423867,6.779423867,train
2022/12/27,128,132.4546553,-4.454655312,4.454655312,train
2022/12/28,138,128.8325644,9.167435617,9.167435617,train
2022/12/29,125,143.3643153,-18.36431535,18.36431535,train
2022/12/30,163,134.3834367,28.61656327,28.61656327,train
2022/12/31,170,157.4357827,12.56421728,12.56421728,train
2023/1/1,176,167.4697519,8.530248093,8.530248093,train
2023/1/2,185,167.7899037,17.21009627,17.21009627,train
2023/1/3,199,178.1242688,20.87573116,20.87573116,train
2023/1/4,167,179.8193867,-12.81938666,12.81938666,train
2023/1/5,181,172.7244474,8.275552568,8.275552568,train
2023/1/6,165,177.0534829,-12.0534829,12.0534829,train
2023/1/7,157,168.6346643,-11.6346643,11.6346643,train
2023/1/8,160,153.3942064,6.605793572,6.605793572,train
2023/1/9,153,158.8755084,-5.875508351,5.875508351,train
2023/1/10,148,156.7257428,-8.725742815,8.725742815,train
2023/1/11,167,149.422153,17.57784699,17.57784699,train
2023/1/12,174,163.2557501,10.7442499,10.7442499,train
2023/1/13,162,172.83262,-10.83262001,10.83262001,train
2023/1/14,121,159.7585321,-38.75853208,38.75853208,train
2023/1/15,135,142.8231287,-7.823128682,7.823128682,train
2023/1/16,140,129.7524202,10.24757976,10.24757976,train
2023/1/17,131,128.5740675,2.425932488,2.425932488,train
2023/1/18,115,137.3993269,-22.39932691,22.39932691,train
2023/1/19,125,113.3607485,11.63925147,11.63925147,train
2023/1/20,112,122.0180024,-10.01800242,10.01800242,train
2023/1/21,121,129.7670374,-8.767037404,8.767037404,train
2023/1/22,109,108.4790133,0.520986664,0.520986664,train
2023/1/23,113,113.960894,-0.960893986,0.960893986,train
2023/1/24,125,116.0138372,8.986162819,8.986162819,train
2023/1/25,115,126.612867,-11.61286695,11.61286695,train
2023/1/26,137,125.0514357,11.9485643,11.9485643,train
2023/1/27,120,123.1862387,-3.186238717,3.186238717,train
2023/1/28,121,131.5277741,-10.52777408,10.52777408,train
2023/1/29,108,117.8415589,-9.841558876,9.841558876,train
2023/1/30,136,116.125994,19.87400603,19.87400603,train
2023/1/31,127,129.3062993,-2.306299297,2.306299297,train
2023/2/1,144,135.2792892,8.720710801,8.720710801,train
2023/2/2,134,138.1267739,-4.126773939,4.126773939,train
2023/2/3,128,132.2964638,-4.296463811,4.296463811,train
2023/2/4,135,131.4886342,3.511365798,3.511365798,train
2023/2/5,127,131.9245269,-4.924526875,4.924526875,train
2023/2/6,118,133.0187727,-15.0187727,15.0187727,train
2023/2/7,121,123.598483,-2.598482951,2.598482951,train
2023/2/8,129,124.6035392,4.396460813,4.396460813,train
2023/2/9,116,128.8213522,-12.82135215,12.82135215,train
2023/2/10,132,125.0198888,6.980111231,6.980111231,train
2023/2/11,125,129.3323465,-4.332346462,4.332346462,train
2023/2/12,131,129.8794872,1.120512839,1.120512839,train
2023/2/13,81,126.4972575,-45.49725747,45.49725747,train
2023/2/14,86,99.86601766,-13.86601766,13.86601766,train
2023/2/15,95,94.58857815,0.411421848,0.411421848,train
2023/2/16,107,102.5069477,4.493052336,4.493052336,train
2023/2/17,115,109.2902116,5.709788435,5.709788435,train
2023/2/18,103,112.8475432,-9.84754319,9.84754319,train
2023/2/19,106,104.6248285,1.375171493,1.375171493,train
2023/2/20,120,101.9699276,18.03007244,18.03007244,train
2023/2/21,128,113.2768801,14.72311993,14.72311993,train
2023/2/22,115,125.0829218,-10.08292185,10.08292185,train
2023/2/23,82,122.1483782,-40.14837823,40.14837823,train
2023/2/24,97,101.4639255,-4.463925505,4.463925505,train
2023/2/25,113,98.53668541,14.46331459,14.46331459,train
2023/2/26,125,113.4839715,11.51602852,11.51602852,train
2023/2/27,112,121.4495259,-9.44952586,9.44952586,train
2023/2/28,96,122.5292024,-26.5292024,26.5292024,train
2023/3/1,89,105.5311775,-16.53117754,16.53117754,train
2023/3/2,79,80.54298028,-1.542980281,1.542980281,train
2023/3/3,96,88.78745388,7.212546121,7.212546121,train
2023/3/4,103,108.9558671,-5.955867147,5.955867147,train
2023/3/5,115,112.9004899,2.099510076,2.099510076,train
2023/3/6,108,121.7006775,-13.70067752,13.70067752,train
2023/3/7,114,114.415846,-0.415845991,0.415845991,train
2023/3/8,111,111.2654572,-0.265457184,0.265457184,train
2023/3/9,133,117.9269557,15.07304429,15.07304429,train
2023/3/10,122,133.3412377,-11.3412377,11.3412377,train
2023/3/11,129,130.9760952,-1.976095236,1.976095236,train
2023/3/12,137,128.4386387,8.56136128,8.56136128,train
2023/3/13,124,137.9077865,-13.90778652,13.90778652,train
2023/3/14,112,135.2197853,-23.21978526,23.21978526,train
2023/3/15,131,122.8180989,8.181901135,8.181901135,train
2023/3/16,145,130.601321,14.39867905,14.39867905,train
2023/3/17,108,144.4150398,-36.41503979,36.41503979,train
2023/3/18,105,116.1957929,-11.19579294,11.19579294,train
2023/3/19,120,115.2652434,4.7347566,4.7347566,train
2023/3/20,114,120.0918596,-6.091859638,6.091859638,train
2023/3/21,131,122.6037118,8.396288246,8.396288246,train
2023/3/22,147,135.3129139,11.68708607,11.68708607,train
2023/3/23,135,143.1450155,-8.145015535,8.145015535,train
2023/3/24,113,138.1150274,-25.1150274,25.1150274,train
2023/3/25,122,120.5845445,1.415455512,1.415455512,train
2023/3/26,128,120.2071961,7.792803896,7.792803896,train
2023/3/27,127,128.7644284,-1.764428365,1.764428365,train
2023/3/28,133,135.0904028,-2.09040279,2.09040279,train
2023/3/29,126,134.9684777,-8.968477666,8.968477666,train
2023/3/30,135,127.9513986,7.048601373,7.048601373,train
2023/3/31,123,135.1108521,-12.11085207,12.11085207,train
2023/4/1,127,128.1589765,-1.158976473,1.158976473,train
2023/4/2,135,127.912777,7.087222995,7.087222995,train
2023/4/3,110,139.3674934,-29.36749341,29.36749341,train
2023/4/4,128,117.7487756,10.25122437,10.25122437,train
2023/4/5,115,128.0599836,-13.05998361,13.05998361,train
2023/4/6,122,123.0623968,-1.06239677,1.06239677,train
2023/4/7,134,127.6793609,6.320639075,6.320639075,train
2023/4/8,121,134.7746972,-13.77469716,13.77469716,train
2023/4/9,126,124.4058788,1.5941212,1.5941212,train
2023/4/10,114,126.9102567,-12.91025668,12.91025668,train
2023/4/11,121,120.6791809,0.320819119,0.320819119,train
2023/4/12,96,119.5158475,-23.51584755,23.51584755,train
2023/4/13,113,107.295543,5.704456962,5.704456962,train
2023/4/14,105,117.1490847,-12.14908473,12.14908473,train
2023/4/15,95,112.6815205,-17.68152054,17.68152054,train
2023/4/16,102,97.99052636,4.009473637,4.009473637,train
2023/4/17,89,104.1704619,-15.1704619,15.1704619,train
2023/4/18,110,100.0023313,9.99766871,9.99766871,train
2023/4/19,98,111.0042067,-13.00420672,13.00420672,train
2023/4/20,105,105.7262577,-0.726257659,0.726257659,train
2023/4/21,117,106.7400053,10.25999467,10.25999467,train
2023/4/22,124,118.4065591,5.593440929,5.593440929,train
2023/4/23,107,121.7688617,-14.76886171,14.76886171,train
2023/4/24,113,114.1095984,-1.109598394,1.109598394,train
2023/4/25,106,111.201919,-5.201918995,5.201918995,train
2023/4/26,91,114.2889181,-23.28891809,23.28891809,train
2023/4/27,102,101.0384865,0.961513513,0.961513513,train
2023/4/28,100,108.2783572,-8.278357159,8.278357159,train
2023/4/29,105,105.7514364,-0.751436387,0.751436387,train
2023/4/30,96,104.0913133,-8.091313292,8.091313292,train
2023/5/1,106,104.2702425,1.729757476,1.729757476,train
2023/5/2,102,113.4750314,-11.47503139,11.47503139,train
2023/5/3,98,105.6320154,-7.63201545,7.63201545,train
2023/5/4,96,96.76207541,-0.762075413,0.762075413,train
2023/5/5,95,104.335445,-9.335444985,9.335444985,train
2023/5/6,119,106.9053458,12.09465416,12.09465416,train
2023/5/7,105,112.9974884,-7.997488373,7.997488373,train
2023/5/8,121,108.8354645,12.16453554,12.16453554,train
2023/5/9,124,113.4054811,10.59451888,10.59451888,train
2023/5/10,121,117.170992,3.829008035,3.829008035,train
2023/5/11,110,115.3485868,-5.348586848,5.348586848,train
2023/5/12,124,109.8668765,14.13312347,14.13312347,train
2023/5/13,118,116.1867254,1.813274595,1.813274595,train
2023/5/14,157,114.6067255,42.39327451,42.39327451,train
2023/5/15,141,129.1259816,11.87401838,11.87401838,train
2023/5/16,155,130.733942,24.26605795,24.26605795,train
2023/5/17,140,147.4166331,-7.416633141,7.416633141,train
2023/5/18,138,150.9428514,-12.94285143,12.94285143,train
2023/5/19,148,142.0233062,5.976693839,5.976693839,train
2023/5/20,107,135.7551097,-28.75510966,28.75510966,train
2023/5/21,113,109.0972676,3.902732365,3.902732365,train
2023/5/22,100,114.0831973,-14.08319732,14.08319732,train
2023/5/23,117,106.6967166,10.30328336,10.30328336,train
2023/5/24,122,122.1688848,-0.168884767,0.168884767,train
2023/5/25,124,124.0643197,-0.064319739,0.064319739,train
2023/5/26,107,116.2236643,-9.223664266,9.223664266,train
2023/5/27,102,112.7673721,-10.76737208,10.76737208,train
2023/5/28,105,98.99251072,6.007489279,6.007489279,train
2023/5/29,115,101.8277336,13.17226638,13.17226638,train
2023/5/30,125,114.960374,10.03962598,10.03962598,train
2023/5/31,131,112.8212876,18.17871241,18.17871241,train
2023/6/1,140,120.8722954,19.12770461,19.12770461,train
2023/6/2,135,120.3829043,14.61709568,14.61709568,train
2023/6/3,131,118.9282691,12.07173091,12.07173091,train
2023/6/4,128,121.0544277,6.945572294,6.945572294,train
2023/6/5,101,113.4889585,-12.48895854,12.48895854,train
2023/6/6,106,97.07396714,8.92603286,8.92603286,train
2023/6/7,99,94.90410319,4.095896806,4.095896806,train
2023/6/8,108,93.46056141,14.53943859,14.53943859,train
2023/6/9,101,102.6294197,-1.62941969,1.62941969,train
2023/6/10,105,108.8162504,-3.816250369,3.816250369,train
2023/6/11,112,103.4903529,8.509647095,8.509647095,train
2023/6/12,57,99.88132784,-42.88132784,42.88132784,train
2023/6/13,88,64.29475752,23.70524248,23.70524248,train
2023/6/14,90,83.79640239,6.20359761,6.20359761,train
2023/6/15,43,88.61462185,-45.61462185,45.61462185,train
2023/6/16,70,55.91359561,14.08640439,14.08640439,train
2023/6/17,71,72.46735138,-1.467351382,1.467351382,train
2023/6/18,50,78.92820109,-28.92820109,28.92820109,train
2023/6/19,85,56.53332844,28.46667156,28.46667156,train
2023/6/20,40,77.87941394,-37.87941394,37.87941394,train
2023/6/21,54,48.1518822,5.848117798,5.848117798,train
2023/6/22,61,44.40519477,16.59480523,16.59480523,train
2023/6/23,97,61.15019548,35.84980452,35.84980452,train
2023/6/24,47,80.8457373,-33.8457373,33.8457373,train
2023/6/25,45,54.48652968,-9.486529678,9.486529678,train
2023/6/26,56,46.3788126,9.621187398,9.621187398,train
2023/6/27,75,47.86557668,27.13442332,27.13442332,train
2023/6/28,63,56.51603473,6.483965271,6.483965271,train
2023/6/29,59,72.01536704,-13.01536704,13.01536704,train
2023/6/30,78,54.62837677,23.37162323,23.37162323,train
2023/7/1,81,70.94613769,10.05386231,10.05386231,train
2023/7/2,71,72.00019392,-1.000193915,1.000193915,train
2023/7/3,80,64.02432805,15.97567195,15.97567195,train
2023/7/4,85,74.24029357,10.75970643,10.75970643,train
2023/7/5,92,92.61790789,-0.617907895,0.617907895,train
2023/7/6,59,78.54396798,-19.54396798,19.54396798,train
2023/7/7,66,77.00763195,-11.00763195,11.00763195,train
2023/7/8,75,69.89492262,5.105077377,5.105077377,train
2023/7/9,58,71.95138691,-13.95138691,13.95138691,train
2023/7/10,83,68.39607717,14.60392283,14.60392283,train
2023/7/11,74,75.27672455,-1.276724554,1.276724554,train
2023/7/12,82,74.01391358,7.986086423,7.986086423,train
2023/7/13,75,77.41979893,-2.419798935,2.419798935,train
2023/7/14,68,74.40139855,-6.401398549,6.401398549,train
2023/7/15,71,73.93339458,-2.933394585,2.933394585,train
2023/7/16,64,73.50651258,-9.506512577,9.506512577,train
2023/7/17,47,70.63391099,-23.63391099,23.63391099,train
2023/7/18,71,55.61841517,15.38158483,15.38158483,train
2023/7/19,63,66.16738922,-3.167389216,3.167389216,train
2023/7/20,73,69.65860668,3.341393321,3.341393321,train
2023/7/21,82,71.84906584,10.15093416,10.15093416,train
2023/7/22,68,80.03905306,-12.03905306,12.03905306,train
2023/7/23,73,64.10564963,8.894350365,8.894350365,train
2023/7/24,74,73.89769063,0.102309367,0.102309367,train
2023/7/25,79,77.55145667,1.448543327,1.448543327,train
2023/7/26,85,68.85007019,16.14992981,16.14992981,train
2023/7/27,89,85.94606726,3.053932743,3.053932743,train
2023/7/28,84,84.88636189,-0.886361889,0.886361889,train
2023/7/29,91,85.00283205,5.997167948,5.997167948,train
2023/7/30,108,91.47200884,16.52799116,16.52799116,train
2023/7/31,95,103.0594493,-8.059449263,8.059449263,train
2023/8/1,93,95.78770773,-2.787707727,2.787707727,train
2023/8/2,99,94.06196114,4.938038857,4.938038857,train
2023/8/3,101,95.72895162,5.27104838,5.27104838,train
2023/8/4,92,95.97584427,-3.975844269,3.975844269,train
2023/8/5,91,98.49595705,-7.495957047,7.495957047,train
2023/8/6,85,87.57847786,-2.578477856,2.578477856,train
2023/8/7,96,83.4312045,12.5687955,12.5687955,train
2023/8/8,96,88.3006559,7.699344096,7.699344096,train
2023/8/9,84,98.0094168,-14.0094168,14.0094168,train
2023/8/10,101,81.4294918,19.5705082,19.5705082,train
2023/8/11,105,91.28720073,13.71279927,13.71279927,train
2023/8/12,97,98.32638969,-1.326389694,1.326389694,train
2023/8/13,89,96.6288725,-7.628872503,7.628872503,train
2023/8/14,105,87.41288635,17.58711365,17.58711365,train
2023/8/15,102,108.5947688,-6.594768828,6.594768828,train
2023/8/16,85,101.5261158,-16.52611585,16.52611585,train
2023/8/17,83,89.5899521,-6.589952096,6.589952096,train
2023/8/18,82,76.89264754,5.107352459,5.107352459,train
2023/8/19,95,83.46174261,11.53825739,11.53825739,train
2023/8/20,87,92.12930293,-5.129302926,5.129302926,train
2023/8/21,91,97.19729947,-6.197299474,6.197299474,train
2023/8/22,86,89.99927544,-3.999275438,3.999275438,train
2023/8/23,93,87.28887576,5.711124242,5.711124242,train
2023/8/24,83,94.57658681,-11.57658681,11.57658681,train
2023/8/25,69,86.74975456,-17.74975456,17.74975456,train
2023/8/26,70,71.60297699,-1.602976987,1.602976987,train
2023/8/27,82,64.23972699,17.76027301,17.76027301,train
2023/8/28,88,82.16824639,5.83175361,5.83175361,train
2023/8/29,77,83.38830448,-6.388304481,6.388304481,train
2023/8/30,89,72.64626232,16.35373768,16.35373768,train
2023/8/31,64,85.66898282,-21.66898282,21.66898282,train
2023/9/1,82,73.24325914,8.756740858,8.756740858,train
2023/9/2,71,70.52791988,0.472080121,0.472080121,train
2023/9/3,101,75.75064968,25.24935032,25.24935032,train
2023/9/4,107,93.09080664,13.90919336,13.90919336,train
2023/9/5,94,99.2372975,-5.237297496,5.237297496,train
2023/9/6,86,94.12948543,-8.129485434,8.129485434,train
2023/9/7,105,91.93514335,13.06485665,13.06485665,train
2023/9/8,93,93.70839308,-0.708393079,0.708393079,train
2023/9/9,87,98.20246761,-11.20246761,11.20246761,train
2023/9/10,84,89.03054973,-5.030549727,5.030549727,train
2023/9/11,86,90.41500219,-4.415002192,4.415002192,train
2023/9/12,73,85.47234127,-12.47234127,12.47234127,train
2023/9/13,63,72.42471666,-9.424716657,9.424716657,train
2023/9/14,68,67.04480004,0.955199957,0.955199957,train
2023/9/15,101,72.00889549,28.99110451,28.99110451,train
2023/9/16,75,89.30645164,-14.30645164,14.30645164,train
2023/9/17,76,84.23998216,-8.23998216,8.23998216,train
2023/9/18,69,74.04330833,-5.043308335,5.043308335,train
2023/9/19,70,76.15853847,-6.158538465,6.158538465,train
2023/9/20,81,70.83534672,10.16465328,10.16465328,train
2023/9/21,76,81.25827758,-5.258277575,5.258277575,train
2023/9/22,81,81.70318401,-0.703184014,0.703184014,train
2023/9/23,86,81.25585892,4.744141081,4.744141081,train
2023/9/24,90,83.80588029,6.19411971,6.19411971,train
2023/9/25,70,94.50614873,-24.50614873,24.50614873,train
2023/9/26,81,74.51969436,6.480305636,6.480305636,train
2023/9/27,70,84.29939435,-14.29939435,14.29939435,train
2023/9/28,78,80.12766761,-2.127667607,2.127667607,train
2023/9/29,85,77.44813779,7.551862213,7.551862213,train
2023/9/30,89,87.95239261,1.047607392,1.047607392,train
2023/10/1,85,86.04638506,-1.046385061,1.046385061,train
2023/10/2,80,89.62898171,-9.628981712,9.628981712,train
2023/10/3,85,89.41879321,-4.418793206,4.418793206,train
2023/10/4,89,81.57497304,7.425026957,7.425026957,train
2023/10/5,84,86.23551793,-2.235517925,2.235517925,train
2023/10/6,97,87.04907163,9.950928374,9.950928374,train
2023/10/7,89,101.6224059,-12.62240594,12.62240594,train
2023/10/8,94,94.01778179,-0.01778179,0.01778179,train
2023/10/9,87,88.18961122,-1.189611218,1.189611218,train
2023/10/10,113,92.5196698,20.4803302,20.4803302,train
2023/10/11,108,106.2975996,1.702400359,1.702400359,train
2023/10/12,115,113.1139342,1.886065789,1.886065789,train
2023/10/13,98,107.617772,-9.617772038,9.617772038,train
2023/10/14,103,102.829575,0.170425011,0.170425011,train
2023/10/15,110,100.9583502,9.041649811,9.041649811,train
2023/10/16,120,110.7412107,9.258789325,9.258789325,train
2023/10/17,108,111.8415348,-3.841534783,3.841534783,train
2023/10/18,124,109.9044865,14.09551354,14.09551354,train
2023/10/19,119,120.9541016,-1.954101589,1.954101589,train
2023/10/20,116,115.7990083,0.200991685,0.200991685,train
2023/10/21,120,116.5395517,3.460448282,3.460448282,train
2023/10/22,125,115.5678054,9.432194626,9.432194626,train
2023/10/23,108,123.2023645,-15.20236453,15.20236453,train
2023/10/24,115,107.0439799,7.956020066,7.956020066,train
2023/10/25,107,109.6677614,-2.667761359,2.667761359,train
2023/10/26,101,111.8029842,-10.80298417,10.80298417,train
2023/10/27,99,103.893978,-4.893977983,4.893977983,train
2023/10/28,84,102.6046543,-18.60465431,18.60465431,train
2023/10/29,95,102.0648425,-7.064842455,7.064842455,train
2023/10/30,101,89.74392645,11.25607355,11.25607355,train
2023/10/31,92,90.79762703,1.202372972,1.202372972,train
2023/11/1,125,90.58789222,34.41210778,34.41210778,train
2023/11/2,114,116.6204878,-2.620487847,2.620487847,train
2023/11/3,108,116.4755886,-8.47558859,8.47558859,train
2023/11/4,106,108.1485886,-2.148588585,2.148588585,train
2023/11/5,110,111.1770291,-1.177029127,1.177029127,train
2023/11/6,89,108.6143348,-19.61433485,19.61433485,train
2023/11/7,96,96.6839117,-0.683911703,0.683911703,train
2023/11/8,112,94.78985271,17.21014729,17.21014729,train
2023/11/9,108,110.3635923,-2.363592255,2.363592255,train
2023/11/10,68,109.4817821,-41.48178206,41.48178206,train
2023/11/11,72,77.23737772,-5.237377717,5.237377717,train
2023/11/12,89,72.59321246,16.40678754,16.40678754,train
2023/11/13,86,87.43637277,-1.436372769,1.436372769,train
2023/11/14,95,87.28641471,7.713585295,7.713585295,train
2023/11/15,103,95.42656237,7.573437626,7.573437626,train
2023/11/16,116,97.04905988,18.95094012,18.95094012,train
2023/11/17,105,107.1496383,-2.149638333,2.149638333,train
2023/11/18,78,101.0999755,-23.09997546,23.09997546,train
2023/11/19,62,85.80186765,-23.80186765,23.80186765,train
2023/11/20,81,61.12430436,19.87569564,19.87569564,train
2023/11/21,75,80.63103041,-5.63103041,5.63103041,train
2023/11/22,85,83.19294272,1.807057284,1.807057284,train
2023/11/23,91,86.70160169,4.298398315,4.298398315,train
2023/11/24,105,93.51482927,11.48517073,11.48517073,train
2023/11/25,98,96.03144313,1.968556875,1.968556875,train
2023/11/26,102,102.6216904,-0.621690368,0.621690368,train
2023/11/27,99,96.34874161,2.651258389,2.651258389,train
2023/11/28,95,92.33582368,2.664176324,2.664176324,train
2023/11/29,40,91.17136149,-51.17136149,51.17136149,train
2023/11/30,57,67.1072967,-10.1072967,10.1072967,train
2023/12/1,78,52.55723165,25.44276835,25.44276835,train
2023/12/2,64,78.2974468,-14.2974468,14.2974468,train
2023/12/3,75,69.2446486,5.755351397,5.755351397,train
2023/12/4,84,75.11295127,8.887048733,8.887048733,train
2023/12/5,66,75.37882498,-9.378824979,9.378824979,train
2023/12/6,58,69.39899401,-11.39899401,11.39899401,train
2023/12/7,61,66.71018512,-5.710185116,5.710185116,train
2023/12/8,33,57.33857713,-24.33857713,24.33857713,train
2023/12/9,56,47.62442937,8.37557063,8.37557063,train
2023/12/10,44,52.41638046,-8.416380456,8.416380456,train
2023/12/11,52,50.25356518,1.746434818,1.746434818,train
2023/12/12,48,55.0585265,-7.058526502,7.058526502,train
2023/12/13,46,49.88190136,-3.881901364,3.881901364,train
2023/12/14,62,47.84168767,14.15831233,14.15831233,train
2023/12/15,41,63.49951808,-22.49951808,22.49951808,train
2023/12/16,51,49.81837274,1.181627257,1.181627257,train
2023/12/17,56,49.13877657,6.861223427,6.861223427,train
2023/12/18,75,55.49812607,19.50187393,19.50187393,train
2023/12/19,43,67.43412067,-24.43412067,24.43412067,train
2023/12/20,49,46.64124321,2.358756785,2.358756785,train
2023/12/21,52,48.08998888,3.910011123,3.910011123,train
2023/12/22,44,55.10134965,-11.10134965,11.10134965,train
2023/12/23,45,46.83461496,-1.834614965,1.834614965,train
2023/12/24,41,55.9246786,-14.9246786,14.9246786,train
2023/12/25,48,46.21710417,1.782895829,1.782895829,train
2023/12/26,52,45.47717458,6.522825416,6.522825416,train
2023/12/27,45,44.05161493,0.948385072,0.948385072,train
2023/12/28,42,54.37992765,-12.37992765,12.37992765,train
2023/12/29,38,38.69315918,-0.693159183,0.693159183,train
2023/12/30,37,38.46980205,-1.469802046,1.469802046,train
2023/12/31,40,42.81755678,-2.817556781,2.817556781,train
2024/1/1,38,38.72880569,-0.728805688,0.728805688,train
2024/1/2,40,42.43732567,-2.437325667,2.437325667,train
2024/1/3,35,34.77209795,0.227902047,0.227902047,train
2024/1/4,31,33.66905743,-2.669057431,2.669057431,train
2024/1/5,28,37.25576347,-9.255763466,9.255763466,train
2024/1/6,35,29.08433779,5.915662207,5.915662207,train
2024/1/7,38,32.37528266,5.62471734,5.62471734,train
2024/1/8,26,37.66708375,-11.66708375,11.66708375,train
2024/1/9,23,34.72901667,-11.72901667,11.72901667,train
2024/1/10,38,23.43453223,14.56546777,14.56546777,train
2024/1/11,45,29.50486257,15.49513743,15.49513743,train
2024/1/12,37,43.25965525,-6.259655248,6.259655248,train
2024/1/13,34,39.9511359,-5.951135897,5.951135897,train
2024/1/14,48,39.56752085,8.432479149,8.432479149,train
2024/1/15,45,35.43533442,9.564665578,9.564665578,train
2024/1/16,41,46.9430395,-5.943039505,5.943039505,train
2024/1/17,48,42.05256286,5.947437137,5.947437137,train
2024/1/18,45,45.89418577,-0.894185767,0.894185767,train
2024/1/19,52,44.52258706,7.477412943,7.477412943,train
2024/1/20,47,45.59357453,1.406425475,1.406425475,train
2024/1/21,51,52.01758952,-1.017589517,1.017589517,train
2024/1/22,44,47.78935953,-3.789359526,3.789359526,train
2024/1/23,46,45.98061617,0.019383832,0.019383832,train
2024/1/24,48,43.84862167,4.151378329,4.151378329,train
2024/1/25,56,51.65312153,4.346878474,4.346878474,train
2024/1/26,50,54.80723472,-4.807234716,4.807234716,train
2024/1/27,45,45.12752441,-0.127524411,0.127524411,train
2024/1/28,51,46.19984239,4.800157613,4.800157613,train
2024/1/29,44,49.22331467,-5.223314666,5.223314666,train
2024/1/30,41,42.38390989,-1.383909893,1.383909893,train
2024/1/31,48,43.48081491,4.519185088,4.519185088,train
2024/2/1,43,50.48424848,-7.48424848,7.48424848,train
2024/2/2,39,46.40067393,-7.400673926,7.400673926,train
2024/2/3,41,42.37915582,-1.379155819,1.379155819,train
2024/2/4,46,43.90542158,2.094578421,2.094578421,train
2024/2/5,42,48.15228839,-6.152288387,6.152288387,train
2024/2/6,45,47.5162041,-2.516204096,2.516204096,train
2024/2/7,47,41.19216144,5.807838562,5.807838562,train
2024/2/8,42,46.83012657,-4.830126574,4.830126574,train
2024/2/9,45,45.65554074,-0.655540743,0.655540743,train
2024/2/10,43,43.96549012,-0.965490122,0.965490122,train
2024/2/11,46,53.34824805,-7.348248047,7.348248047,train
2024/2/12,45,44.35034141,0.649658587,0.649658587,train
2024/2/13,48,44.35011881,3.649881188,3.649881188,train
2024/2/14,42,49.04492379,-7.044923788,7.044923788,train
2024/2/15,43,41.84968398,1.150316021,1.150316021,train
2024/2/16,63,48.48683364,14.51316636,14.51316636,train
2024/2/17,50,58.65373601,-8.653736012,8.653736012,train
2024/2/18,40,47.7352275,-7.7352275,7.7352275,train
2024/2/19,46,48.43885972,-2.438859718,2.438859718,train
2024/2/20,43,43.24199166,-0.241991661,0.241991661,train
2024/2/21,56,42.42680217,13.57319783,13.57319783,train
2024/2/22,64,50.96408269,13.03591731,13.03591731,train
2024/2/23,60,65.95149165,-5.951491648,5.951491648,train
2024/2/24,74,56.34547729,17.65452271,17.65452271,train
2024/2/25,61,62.35620738,-1.356207375,1.356207375,train
2024/2/26,65,66.50112839,-1.501128387,1.501128387,train
2024/2/27,58,61.80481942,-3.80481942,3.80481942,train
2024/2/28,67,60.22128233,6.778717672,6.778717672,train
2024/2/29,63,65.54612652,-2.546126522,2.546126522,train
2024/3/1,59,61.80846484,-2.808464842,2.808464842,train
2024/3/2,60,56.03434783,3.965652166,3.965652166,train
2024/3/3,59,64.9927091,-5.992709103,5.992709103,train
2024/3/4,77,63.6564543,13.3435457,13.3435457,train
2024/3/5,65,61.71201822,3.287981784,3.287981784,train
2024/3/6,75,65.5176218,9.482378197,9.482378197,train
2024/3/7,80,78.6569744,1.343025601,1.343025601,train
2024/3/8,71,75.29750577,-4.297505773,4.297505773,train
2024/3/9,73,75.22191943,-2.221919426,2.221919426,train
2024/3/10,68,72.64137625,-4.641376246,4.641376246,train
2024/3/11,75,71.36549893,3.634501067,3.634501067,train
2024/3/12,77,77.96792107,-0.967921073,0.967921073,train
2024/3/13,78,75.9708704,2.029129602,2.029129602,train
2024/3/14,83,73.72222299,9.277777006,9.277777006,train
2024/3/15,88,77.91181188,10.08818812,10.08818812,train
2024/3/16,85,85.42318881,-0.423188805,0.423188805,train
2024/3/17,78,82.85679595,-4.856795954,4.856795954,train
2024/3/18,105,73.71917945,31.28082055,31.28082055,train
2024/3/19,95,91.82825819,3.171741814,3.171741814,train
2024/3/20,89,94.74841119,-5.748411194,5.748411194,train
2024/3/21,114,86.68974158,27.31025842,27.31025842,train
2024/3/22,99,107.8318108,-8.831810781,8.831810781,train
2024/3/23,94,97.6035159,-3.603515904,3.603515904,train
2024/3/24,106,95.29560597,10.70439403,10.70439403,train
2024/3/25,108,104.4077547,3.592245295,3.592245295,train
2024/3/26,98,102.9377086,-4.937708591,4.937708591,train
2024/3/27,115,98.76586748,16.23413252,16.23413252,train
2024/3/28,108,112.1976657,-4.197665693,4.197665693,train
2024/3/29,102,105.1714706,-3.171470593,3.171470593,train
2024/3/30,117,102.364904,14.635096,14.635096,train
2024/3/31,110,108.1993968,1.800603159,1.800603159,train
2024/4/1,109,108.7406356,0.259364381,0.259364381,train
2024/4/2,101,108.121982,-7.121981995,7.121981995,train
2024/4/3,112,96.91711312,15.08288688,15.08288688,train
2024/4/4,98,109.3602815,-11.36028145,11.36028145,train
2024/4/5,95,97.9040251,-2.904025096,2.904025096,train
2024/4/6,129,93.05050172,35.94949828,35.94949828,train
2024/4/7,117,112.576392,4.423608,4.423608,train
2024/4/8,123,115.5700047,7.429995291,7.429995291,train
2024/4/9,152,118.6895892,33.31041082,33.31041082,train
2024/4/10,144,134.7900258,9.209974246,9.209974246,train
2024/4/11,135,139.0559065,-4.055906535,4.055906535,train
2024/4/12,139,134.0087758,4.991224181,4.991224181,train
2024/4/13,132,132.2218444,-0.221844372,0.221844372,train
2024/4/14,125,131.270598,-6.270597964,6.270597964,train
2024/4/15,130,126.5117621,3.488237918,3.488237918,train
2024/4/16,122,126.1587302,-4.158730243,4.158730243,train
2024/4/17,140,121.6710774,18.32892263,18.32892263,train
2024/4/18,136,138.9526211,-2.952621116,2.952621116,train
2024/4/19,142,132.9719276,9.028072389,9.028072389,train
2024/4/20,159,134.5391601,24.46083988,24.46083988,train
2024/4/21,140,154.0677126,-14.06771255,14.06771255,train
2024/4/22,128,133.1720635,-5.172063466,5.172063466,train
2024/4/23,131,121.5431875,9.456812526,9.456812526,train
2024/4/24,120,125.1272355,-5.127235456,5.127235456,train
2024/4/25,128,125.3160909,2.683909069,2.683909069,train
2024/4/26,147,123.0371833,23.96281669,23.96281669,train
2024/4/27,135,144.1481213,-9.148121254,9.148121254,train
2024/4/28,128,130.9334859,-2.933485879,2.933485879,train
2024/4/29,119,132.301726,-13.30172603,13.30172603,train
2024/4/30,131,122.9279997,8.072000279,8.072000279,train
2024/5/1,140,124.681948,15.31805195,15.31805195,train
2024/5/2,135,136.9880793,-1.988079274,1.988079274,train
2024/5/3,129,135.7615069,-6.761506884,6.761506884,train
2024/5/4,133,129.6137045,3.386295508,3.386295508,train
2024/5/5,135,129.229338,5.770661962,5.770661962,train
2024/5/6,177,135.2612822,41.73871782,41.73871782,train
2024/5/7,159,163.7291513,-4.729151269,4.729151269,train
2024/5/8,143,159.4100433,-16.41004326,16.41004326,train
2024/5/9,135,140.205337,-5.205337017,5.205337017,train
2024/5/10,126,126.7357454,-0.735745377,0.735745377,train
2024/5/11,130,125.8911227,4.108877325,4.108877325,train
2024/5/12,145,132.7282647,12.27173533,12.27173533,train
2024/5/13,112,146.8158796,-34.81587959,34.81587959,train
2024/5/14,124,120.8288159,3.171184119,3.171184119,train
2024/5/15,135,117.1073042,17.8926958,17.8926958,train
2024/5/16,121,135.9919023,-14.99190227,14.99190227,train
2024/5/17,130,130.405684,-0.405683974,0.405683974,train
2024/5/18,135,132.6255881,2.374411878,2.374411878,train
2024/5/19,129,123.9612203,5.03877969,5.03877969,train
2024/5/20,136,131.3724877,4.627512278,4.627512278,train
2024/5/21,126,128.6203748,-2.620374801,2.620374801,train
2024/5/22,115,123.3398068,-8.339806786,8.339806786,train
2024/5/23,121,122.5126824,-1.512682447,1.512682447,train
2024/5/24,128,113.7585019,14.2414981,14.2414981,train
2024/5/25,115,120.7656987,-5.765698738,5.765698738,train
2024/5/26,109,115.2197656,-6.219765557,6.219765557,train
2024/5/27,112,106.2121829,5.7878171,5.7878171,train
2024/5/28,120,110.9374464,9.062553637,9.062553637,train
2024/5/29,129,113.671241,15.32875901,15.32875901,train
2024/5/30,125,128.7136386,-3.713638649,3.713638649,train
2024/5/31,131,125.5020266,5.49797339,5.49797339,train
2024/6/1,136,131.5461521,-4.453847867,4.453847867,train
2024/6/2,140,135.6448417,-4.355158275,4.355158275,train
2024/6/3,143,136.666394,-6.333605982,6.333605982,train
2024/6/4,126,135.6116061,9.611606128,9.611606128,train
2024/6/5,130,130.1034496,0.103449593,0.103449593,train
2024/6/6,122,130.2833074,8.283307412,8.283307412,train
2024/6/7,138,129.035874,-8.964125954,8.964125954,train
2024/6/8,135,134.5934406,-0.406559369,0.406559369,train
2024/6/9,144,135.6830871,-8.316912904,8.316912904,train
2024/6/10,147,141.1189046,-5.88109537,5.88109537,train
2024/6/11,138,140.887641,2.887640963,2.887640963,train
2024/6/12,142,137.4402022,-4.559797763,4.559797763,train
2024/6/13,149,139.4503808,-9.549619241,9.549619241,train
2024/6/14,128,138.4686415,10.46864146,10.46864146,train
2024/6/15,135,130.880775,-4.11922505,4.11922505,train
2024/6/16,129,132.3590926,3.359092597,3.359092597,train
2024/6/17,136,128.3007404,-7.69925957,7.69925957,train
2024/6/18,119,128.8466596,9.846659609,9.846659609,train
2024/6/19,126,123.8424504,-2.157549589,2.157549589,train
2024/6/20,115,128.4082773,13.4082773,13.4082773,train
2024/6/21,120,118.0071318,-1.992868217,1.992868217,train
2024/6/22,128,125.7025411,-2.297458866,2.297458866,train
2024/6/23,135,130.7960249,-4.203975126,4.203975126,train
2024/6/24,145,134.3868436,-10.61315638,10.61315638,train
2024/6/25,140,138.0888676,-1.9111324,1.9111324,train
2024/6/26,143,138.1065403,-4.893459682,4.893459682,train
2024/6/27,121,135.74997,14.74996999,14.74996999,train
2024/6/28,128,127.0493394,-0.950660585,0.950660585,train
2024/6/29,131,131.5010286,0.501028644,0.501028644,train
2024/6/30,139,133.011567,-5.988433026,5.988433026,train
2024/7/8,193,138.2336341,54.76636589,54.76636589,test
2024/7/9,142,171.6679652,-29.66796517,29.66796517,test
2024/7/10,156,148.4345836,7.565416427,7.565416427,test
2024/7/11,136,145.209586,-9.209585988,9.209585988,test
2024/7/12,129,144.5723804,-15.57238038,15.57238038,test
2024/7/13,114,110.9095534,3.090446561,3.090446561,test
2024/7/14,144,117.2508407,26.74915935,26.74915935,test
2024/7/15,133,132.7584397,0.241560295,0.241560295,test
2024/7/16,105,129.6183466,-24.61834658,24.61834658,test
2024/7/17,114,107.6385524,6.361447614,6.361447614,test
2024/7/18,110,104.8519105,5.148089518,5.148089518,test
2024/7/19,94,106.1657755,-12.16577545,12.16577545,test
2024/7/20,84,96.67129668,-12.67129668,12.67129668,test
2024/7/21,101,88.48995651,12.51004349,12.51004349,test
2024/7/22,96,89.13326487,6.866735132,6.866735132,test
2024/7/23,94,93.16253128,0.837468719,0.837468719,test
2024/7/24,98,99.75916839,-1.759168387,1.759168387,test
2024/7/25,84,91.133764,-7.133764004,7.133764004,test
2024/7/26,92,77.53257865,14.46742135,14.46742135,test
2024/7/27,86,86.03385136,-0.033851357,0.033851357,test
2024/7/28,95,80.45793563,14.54206437,14.54206437,test
2024/7/29,90,89.1071474,0.892852601,0.892852601,test
2024/7/30,85,93.99711768,-8.997117679,8.997117679,test
2024/7/31,84,77.71753322,6.282466784,6.282466784,test
2024/8/1,84,81.34141585,2.658584152,2.658584152,test
2024/8/2,85,82.30480675,2.69519325,2.69519325,test
2024/8/3,71,78.09206852,-7.092068524,7.092068524,test
2024/8/4,70,70.41992058,-0.419920584,0.419920584,test
2024/8/5,99,65.04522862,33.95477138,33.95477138,test
2024/8/6,87,83.9790696,3.020930402,3.020930402,test
2024/8/7,88,80.11012534,7.889874659,7.889874659,test
2024/8/8,98,85.95804245,12.04195755,12.04195755,test
2024/8/9,128,88.81290634,39.18709366,39.18709366,test
2024/8/10,115,107.5382107,7.461789303,7.461789303,test
2024/8/11,133,108.0922846,24.90771545,24.90771545,test
2024/8/12,138,118.0327163,19.96728368,19.96728368,test
2024/8/13,122,120.1930972,1.806902841,1.806902841,test
2024/8/14,105,108.1773535,-3.177353539,3.177353539,test
2024/8/15,142,101.6728793,40.32712068,40.32712068,test
2024/8/16,133,131.9917032,1.008296761,1.008296761,test
2024/8/17,140,137.3885622,2.611437797,2.611437797,test
2024/8/18,132,124.8159061,7.184093927,7.184093927,test
2024/8/19,138,130.41461,7.585390005,7.585390005,test
2024/8/20,145,130.875088,14.12491202,14.12491202,test
2024/8/21,141,128.8288889,12.1711111,12.1711111,test
2024/8/22,135,137.3026926,-2.302692644,2.302692644,test
2024/8/23,133,115.9737684,17.02623164,17.02623164,test
2024/8/24,142,126.5543055,15.44569447,15.44569447,test
2024/8/25,147,137.4297002,9.570299753,9.570299753,test
2024/8/26,140,138.4008256,1.599174356,1.599174356,test
2024/8/27,132,138.9000733,-6.900073333,6.900073333,test
2024/8/28,114,120.5697955,-6.569795522,6.569795522,test
2024/8/29,118,118.4876376,-0.487637608,0.487637608,test
2024/8/30,105,120.6032865,-15.60328648,15.60328648,test
2024/8/31,110,102.9975401,7.002459892,7.002459892,test
2024/9/1,115,108.8385748,6.161425176,6.161425176,test
2024/9/2,117,108.3578471,8.642152891,8.642152891,test
2024/9/3,96,119.2194647,-23.21946469,23.21946469,test
2024/9/4,106,85.36868206,20.63131794,20.63131794,test
2024/9/5,98,91.5352582,6.464741801,6.464741801,test
2024/9/6,96,95.16346622,0.836533782,0.836533782,test
2024/9/7,104,94.2427127,9.757287301,9.757287301,test
2024/9/8,109,96.65450088,12.34549912,12.34549912,test
2024/9/9,101,102.9543395,-1.954339464,1.954339464,test
2024/9/10,95,95.97362817,-0.973628171,0.973628171,test
2024/9/11,89,86.87793057,2.122069427,2.122069427,test
2024/9/12,77,87.93544682,-10.93544682,10.93544682,test
2024/9/13,82,74.65027118,7.349728816,7.349728816,test
2024/9/14,89,78.1811318,10.8188682,10.8188682,test
2024/9/15,77,90.44155195,-13.44155195,13.44155195,test
2024/9/16,81,73.1769638,7.823036198,7.823036198,test
2024/9/17,89,79.42119272,9.578807282,9.578807282,test
2024/9/18,75,80.13502889,-5.13502889,5.13502889,test
2024/9/19,78,75.78240674,2.21759326,2.21759326,test
2024/9/20,85,74.98974486,10.01025514,10.01025514,test
2024/9/21,81,83.61391389,-2.613913893,2.613913893,test
2024/9/22,78,80.42442738,-2.42442738,2.42442738,test
2024/9/23,71,82.34113239,-11.34113239,11.34113239,test
2024/9/24,82,67.11393651,14.88606349,14.88606349,test
2024/9/25,83,71.49899847,11.50100153,11.50100153,test
2024/9/26,80,85.71662053,-5.716620528,5.716620528,test
2024/9/27,89,76.69222632,12.30777368,12.30777368,test
2024/9/28,90,91.02420597,-1.024205969,1.024205969,test
2024/9/29,75,86.30448009,-11.30448009,11.30448009,test
2024/9/30,81,78.88366305,2.116336951,2.116336951,test
2024/10/1,88,76.71494482,11.28505518,11.28505518,test
2024/10/2,84,79.67909855,4.320901453,4.320901453,test
2024/10/3,90,81.60908427,8.390915733,8.390915733,test
2024/10/4,82,89.55231721,-7.552317207,7.552317207,test
2024/10/5,79,80.89391799,-1.893917993,1.893917993,test
2024/10/6,103,82.03896181,20.96103819,20.96103819,test
2024/10/7,99,91.89887326,7.101126743,7.101126743,test
2024/10/8,106,95.86778705,10.13221295,10.13221295,test
2024/10/9,77,100.7702266,-23.77022661,23.77022661,test
2024/10/10,80,78.40676257,1.593237431,1.593237431,test
2024/10/11,85,73.58707617,11.41292383,11.41292383,test
2024/10/12,90,83.85058148,6.149418516,6.149418516,test
2024/10/13,85,82.83749446,2.162505538,2.162505538,test
2024/10/14,99,86.88341298,12.11658702,12.11658702,test
2024/10/15,89,91.14816624,-2.148166239,2.148166239,test
2024/10/16,85,87.13398543,-2.133985431,2.133985431,test
2024/10/17,91,81.49915872,9.50084128,9.50084128,test
2024/10/18,98,79.84540337,18.15459663,18.15459663,test
2024/10/19,95,84.84267891,10.15732109,10.15732109,test
2024/10/20,91,91.63318285,-0.63318285,0.63318285,test
2024/10/21,87,83.67161173,3.328388271,3.328388271,test
2024/10/22,90,88.69380174,1.306198263,1.306198263,test
2024/10/23,92,80.00108621,11.99891379,11.99891379,test
2024/10/24,71,85.72411621,-14.72411621,14.72411621,test
2024/10/25,76,68.90752058,7.092479421,7.092479421,test
2024/10/26,80,69.7449713,10.2550287,10.2550287,test
2024/10/27,84,77.24222348,6.757776521,6.757776521,test
2024/10/28,88,80.90122972,7.098770284,7.098770284,test
2024/10/29,61,84.75168519,-23.75168519,23.75168519,test
2024/10/30,72,72.10117882,-0.101178817,0.101178817,test
2024/10/31,66,71.07527233,-5.075272329,5.075272329,test
2024/11/1,70,70.55617785,-0.556177848,0.556177848,test
2024/11/2,73,66.7633609,6.236639104,6.236639104,test
2024/11/3,80,75.1527004,4.847299603,4.847299603,test
2024/11/4,84,79.1995308,4.800469203,4.800469203,test
2024/11/5,63,83.26900502,-20.26900502,20.26900502,test
2024/11/6,65,64.47383837,0.526161631,0.526161631,test
2024/11/7,72,61.69643874,10.30356126,10.30356126,test
2024/11/8,80,65.73390493,14.26609507,14.26609507,test
2024/11/9,83,76.24716674,6.752833264,6.752833264,test
2024/11/10,88,86.53104362,1.46895638,1.46895638,test
2024/11/11,91,80.26493,10.73507,10.73507,test
2024/11/12,89,87.80811506,1.191884945,1.191884945,test
2024/11/13,106,84.22947765,21.77052235,21.77052235,test
2024/11/14,75,94.13344757,-19.13344757,19.13344757,test
2024/11/15,63,79.6482614,-16.6482614,16.6482614,test
2024/11/16,71,65.63694082,5.363059182,5.363059182,test
2024/11/17,75,69.99265051,5.007349491,5.007349491,test
2024/11/18,61,74.2402051,-13.2402051,13.2402051,test
2024/11/19,62,62.38266618,-0.382666181,0.382666181,test
2024/11/20,73,64.58467742,8.415322576,8.415322576,test
2024/11/21,70,62.97121695,7.028783055,7.028783055,test
2024/11/22,59,62.61141747,-3.61141747,3.61141747,test
2024/11/23,69,63.12561005,5.874389954,5.874389954,test
2024/11/24,70,61.78749955,8.212500449,8.212500449,test
2024/11/25,73,65.94811706,7.051882943,7.051882943,test
2024/11/26,67,71.00727528,-4.007275277,4.007275277,test
2024/11/27,70,65.73256932,4.267430683,4.267430683,test
2024/11/28,66,65.47605271,0.523947291,0.523947291,test
2024/11/29,60,62.09618963,-2.09618963,2.09618963,test
2024/11/30,55,58.88805974,-3.888059738,3.888059738,test
2024/12/1,73,53.45288361,19.54711639,19.54711639,test
2024/12/2,67,72.87549471,-5.875494706,5.875494706,test
2024/12/3,70,64.58685566,5.413144341,5.413144341,test
2024/12/4,66,66.69410765,-0.694107652,0.694107652,test
2024/12/5,60,66.9918909,-6.991890903,6.991890903,test
2024/12/6,55,54.29488277,0.705117226,0.705117226,test
2024/12/7,55,55.88896024,-0.888960242,0.888960242,test
2024/12/8,59,60.7978047,-1.797804697,1.797804697,test
2024/12/9,68,60.79801021,7.201989788,7.201989788,test
2024/12/10,63,64.99256043,-1.992560433,1.992560433,test
2024/12/11,70,63.50125129,6.498748711,6.498748711,test
2024/12/12,74,65.83620822,8.163791779,8.163791779,test
2024/12/13,69,77.22244324,-8.222443237,8.222443237,test
2024/12/14,80,82.81584746,-2.815847457,2.815847457,test
2024/12/15,98,79.24387985,18.75612015,18.75612015,test
2024/12/16,102,95.77221883,6.227781169,6.227781169,test
2024/12/17,131,99.48145088,31.51854912,31.51854912,test
2024/12/18,128,118.3959475,9.604052531,9.604052531,test
2024/12/19,135,126.5468867,8.453113307,8.453113307,test
2024/12/20,131,130.3483015,0.651698538,0.651698538,test
2024/12/21,129,134.9959675,-5.995967461,5.995967461,test
2024/12/22,133,130.8794895,2.120510491,2.120510491,test
2024/12/23,147,130.9073131,16.09268689,16.09268689,test
2024/12/24,156,143.7556576,12.24434243,12.24434243,test
2024/12/25,149,153.9855654,-4.985565433,4.985565433,test
2024/12/26,160,151.3471032,8.652896752,8.652896752,test
2024/12/27,155,151.637415,3.362585049,3.362585049,test
2024/12/28,149,150.8401836,-1.840183577,1.840183577,test
2024/12/29,150,147.568174,2.431825977,2.431825977,test
2024/12/30,148,147.1914735,0.808526478,0.808526478,test
2024/12/31,145,143.7725048,1.227495226,1.227495226,test
2025/1/1,135,141.1291648,-6.129164826,6.129164826,test
2025/1/2,121,135.4447715,-14.44477146,14.44477146,test
2025/1/3,132,120.8774713,11.12252871,11.12252871,test
2025/1/4,139,124.6815716,14.31842838,14.31842838,test
2025/1/5,125,126.9101231,-1.910123106,1.910123106,test
2025/1/6,101,121.760582,-20.76058201,20.76058201,test
2025/1/7,106,107.4796318,-1.479631798,1.479631798,test
2025/1/8,110,98.8512722,11.1487278,11.1487278,test
2025/1/9,115,101.6095377,13.39046226,13.39046226,test
2025/1/10,121,106.785613,14.21438701,14.21438701,test
2025/1/11,119,112.0509304,6.94906959,6.94906959,test
2025/1/12,124,111.2647199,12.73528009,12.73528009,test
2025/1/13,115,112.3457292,2.654270783,2.654270783,test
2025/1/14,112,110.5506668,1.449333239,1.449333239,test
2025/1/15,105,106.6497846,-1.649784611,1.649784611,test
2025/1/16,109,107.2756198,1.724380181,1.724380181,test
2025/1/17,110,109.4330446,0.56695541,0.56695541,test
2025/1/18,113,114.906553,-1.906552968,1.906552968,test
2025/1/19,108,104.3936739,3.606326126,3.606326126,test
2025/1/20,115,102.0820664,12.9179336,12.9179336,test
2025/1/21,111,107.8836092,3.116390752,3.116390752,test
2025/1/22,109,104.789531,4.210469006,4.210469006,test
2025/1/23,101,108.7946096,-7.79460961,7.79460961,test
2025/1/24,105,103.1883792,1.811620776,1.811620776,test
2025/1/25,108,100.1838569,7.816143081,7.816143081,test
2025/1/26,110,99.03468181,10.96531819,10.96531819,test
2025/1/27,106,108.9845212,-2.984521172,2.984521172,test
2025/1/28,102,103.7030041,-1.703004085,1.703004085,test
2025/1/29,108,97.05465515,10.94534485,10.94534485,test
2025/1/30,106,98.8252013,7.174798704,7.174798704,test
2025/1/31,103,107.4453554,-4.445355391,4.445355391,test
2025/2/1,114,104.8106123,9.189387713,9.189387713,test
2025/2/2,105,107.2249668,-2.22496677,2.22496677,test
2025/2/3,109,107.2314534,1.768546628,1.768546628,test
2025/2/4,103,108.3223148,-5.322314829,5.322314829,test
2025/2/5,115,108.691806,6.308193962,6.308193962,test
2025/2/6,121,111.8717141,9.128285878,9.128285878,test
2025/2/7,115,121.1402978,-6.140297814,6.140297814,test
2025/2/8,85,121.9722435,-36.97224349,36.97224349,test
2025/2/9,68,96.6329352,-28.6329352,28.6329352,test
2025/2/10,65,75.87013215,-10.87013215,10.87013215,test
2025/2/11,68,78.08132519,-10.08132519,10.08132519,test
2025/2/12,71,71.70485239,-0.704852393,0.704852393,test
2025/2/13,76,71.41086193,4.589138068,4.589138068,test
2025/2/14,57,80.22872017,-23.22872017,23.22872017,test
2025/2/15,61,65.04870759,-4.048707591,4.048707591,test
2025/2/16,64,58.59134714,5.408652856,5.408652856,test
2025/2/17,68,61.27392436,6.726075637,6.726075637,test
2025/2/18,57,72.9323421,-15.9323421,15.9323421,test
2025/2/19,42,58.52658752,-16.52658752,16.52658752,test
2025/2/20,48,52.36919461,-4.369194608,4.369194608,test
2025/2/21,54,47.51371264,6.486287363,6.486287363,test
2025/2/22,60,54.31475749,5.685242509,5.685242509,test
2025/2/23,62,59.99668874,2.003311257,2.003311257,test
2025/2/24,52,58.00770472,-6.007704722,6.007704722,test
2025/2/25,45,52.29494344,-7.294943441,7.294943441,test
2025/2/26,40,48.84607193,-8.846071934,8.846071934,test
2025/2/27,46,46.48662367,-0.486623671,0.486623671,test
2025/2/28,50,46.63284476,3.367155241,3.367155241,test
2025/3/1,52,51.26296181,0.73703819,0.73703819,test
2025/3/2,51,51.53540589,-0.53540589,0.53540589,test
2025/3/3,56,54.07562892,1.924371077,1.924371077,test
2025/3/4,59,50.1597306,8.840269398,8.840269398,test
2025/3/5,60,63.03824161,-3.038241609,3.038241609,test
2025/3/6,65,54.70215774,10.29784226,10.29784226,test
2025/3/7,68,65.40084039,2.599159615,2.599159615,test
2025/3/8,66,63.75955524,2.240444758,2.240444758,test
2025/3/9,62,63.19833846,-1.198338459,1.198338459,test
2025/3/10,68,64.99148537,3.008514628,3.008514628,test
2025/3/11,72,65.66512459,6.334875407,6.334875407,test
2025/3/12,68,71.03694601,-3.036946011,3.036946011,test
2025/3/13,70,71.67922753,-1.679227526,1.679227526,test
2025/3/14,59,67.94936656,-8.949366564,8.949366564,test
2025/3/15,60,61.63777874,-1.637778738,1.637778738,test
2025/3/16,65,59.63178152,5.36821848,5.36821848,test
2025/3/17,75,63.44400119,11.55599881,11.55599881,test
2025/3/18,85,69.47533631,15.52466369,15.52466369,test
2025/3/19,91,89.13620957,1.863790428,1.863790428,test
2025/3/20,89,81.82457361,7.175426393,7.175426393,test
2025/3/21,92,81.913432,10.086568,10.086568,test
2025/3/22,68,88.80287727,-20.80287727,20.80287727,test
2025/3/23,77,77.32925105,-0.329251048,0.329251048,test
2025/3/24,84,68.62713265,15.37286735,15.37286735,test
2025/3/25,66,82.64372763,-16.64372763,16.64372763,test
2025/3/26,73,76.07393758,-3.073937581,3.073937581,test
2025/3/27,75,63.74281448,11.25718552,11.25718552,test
2025/3/28,69,70.79909719,-1.799097192,1.799097192,test
2025/3/29,73,67.96325735,5.03674265,5.03674265,test
2025/3/30,70,69.81036392,0.189636081,0.189636081,test
2025/3/31,78,66.42003228,11.57996772,11.57996772,test
2025/4/1,84,72.90989277,11.09010723,11.09010723,test
2025/4/2,80,79.17550565,0.82449435,0.82449435,test
2025/4/3,105,83.45612385,21.54387615,21.54387615,test
2025/4/4,101,97.13969813,3.860301872,3.860301872,test
2025/4/5,112,96.92339037,15.07660963,15.07660963,test
2025/4/6,105,100.2224616,4.777538381,4.777538381,test
2025/4/7,66,98.55426849,-32.55426849,32.55426849,test
2025/4/8,71,74.91903666,-3.919036659,3.919036659,test
2025/4/9,69,73.20581775,-4.205817754,4.205817754,test
2025/4/10,61,73.15497116,-12.15497116,12.15497116,test
2025/4/11,70,65.1173437,4.8826563,4.8826563,test
2025/4/12,72,69.13216948,2.867830518,2.867830518,test
2025/4/13,78,62.89895177,15.10104823,15.10104823,test
2025/4/14,76,69.91530885,6.084691152,6.084691152,test
2025/4/15,75,67.6434004,7.356599602,7.356599602,test
2025/4/16,77,70.40205764,6.597942361,6.597942361,test
2025/4/17,71,75.90064327,-4.900643269,4.900643269,test
2025/4/18,75,67.02240851,7.977591486,7.977591486,test
2025/4/19,79,68.00735461,10.99264539,10.99264539,test
2025/4/20,80,66.44578842,13.55421158,13.55421158,test
2025/4/21,95,72.87008493,22.12991507,22.12991507,test
2025/4/22,78,79.48675163,-1.48675163,1.48675163,test
2025/4/23,78,77.38778969,0.612210311,0.612210311,test
2025/4/24,76,74.62294059,1.377059409,1.377059409,test
2025/4/25,85,73.41040574,11.58959426,11.58959426,test
2025/4/26,91,78.63599832,12.36400168,12.36400168,test
2025/4/27,110,88.29566675,21.70433325,21.70433325,test
2025/4/28,99.2,98.56169881,0.638301186,0.638301186,test
2025/4/29,101,93.52742231,7.472577688,7.472577688,test
2025/4/30,100,91.494741,8.505259002,8.505259002,test
2025/5/1,112,89.70982309,22.29017691,22.29017691,test
2025/5/2,99,100.4099036,-1.409903587,1.409903587,test
2025/5/3,101,98.39572931,2.604270692,2.604270692,test
2025/5/4,110,92.80054159,17.19945841,17.19945841,test
2025/5/5,116,101.6274855,14.37251452,14.37251452,test
2025/5/6,120,107.9401277,12.05987227,12.05987227,test
2025/5/7,121,114.278358,6.721641957,6.721641957,test
2025/5/8,136,114.7922385,21.20776153,21.20776153,test
2025/5/9,131,118.1221174,12.87788262,12.87788262,test
2025/5/10,136,117.1482587,18.85174133,18.85174133,test
2025/5/11,139,127.9607223,11.03927767,11.03927767,test
2025/5/12,142,127.0198739,14.98012613,14.98012613,test
2025/5/13,133,123.596099,9.403901014,9.403901014,test
2025/5/14,138,132.6486902,5.351309823,5.351309823,test
2025/5/15,141,122.3279334,18.6720666,18.6720666,test
2025/5/16,129,126.7880892,2.211910799,2.211910799,test
2025/5/17,130,118.5143,11.48570005,11.48570005,test
2025/5/18,126,115.5312286,10.4687714,10.4687714,test
2025/5/19,118,122.1516421,-4.151642129,4.151642129,test
2025/5/20,123,112.0903015,10.90969846,10.90969846,test
2025/5/21,114,104.6311375,9.368862488,9.368862488,test
2025/5/22,118,112.3929293,5.607070744,5.607070744,test
