Date,CODMBR,resid,upper_threshold,lower_threshold,trend_aware_flag
2021/1/1,475,2.209867808,28.40291879,-34.57510748,0
2021/1/2,484,-3.086094347,26.86883545,-34.06811233,0
2021/1/3,460,-0.275875726,28.40291879,-34.57510748,0
2021/1/4,520,4.412796982,29.56094258,-35.45816217,0
2021/1/5,516,0.264919253,30.85504414,-36.47729462,0
2021/1/6,507,-4.113182534,33.27928589,-36.36628686,0
2021/1/7,496,-2.81112524,36.67867347,-37.23042492,0
2021/1/8,485,-4.267112555,37.54281154,-40.62981251,0
2021/1/9,453,-60.42529217,36.27518678,-41.89743726,1
2021/1/10,441,-51.87179725,41.50368454,-47.40090413,1
2021/1/11,457,-84.07933024,46.86402702,-53.03621571,1
2021/1/12,460,-74.75082484,47.83629083,-54.00847952,1
2021/1/13,550,14.26605357,47.80989583,-54.03487452,0
2021/1/14,621,78.50829751,48.44890245,-54.67388114,1
2021/1/15,586,65.09657458,47.44820926,-55.67457432,1
2021/1/16,549,13.74552661,47.44820926,-55.67457432,0
2021/1/17,535,31.98120885,48.30344206,-54.81934152,0
2021/1/18,521,-9.944332022,48.30344206,-54.81934152,0
2021/1/19,505,-3.112489345,48.44890245,-54.67388114,0
2021/1/20,499,-10.12498098,50.8518952,-52.27088838,0
2021/1/21,485,-33.9099766,51.24064666,-51.88213692,0
2021/1/22,491,0.883242507,51.80562768,-50.03914267,0
2021/1/23,503,-12.78466213,53.12800592,-48.71676443,0
2021/1/24,492,-0.709496592,52.61884972,-49.22592063,0
2021/1/25,512,-6.590970112,45.82547167,-44.05898666,0
2021/1/26,498,-0.320745132,44.62148404,-45.2629743,0
2021/1/27,509,-3.257949725,43.46519593,-44.10668619,0
2021/1/28,556,2.205620747,43.46519593,-44.10668619,0
2021/1/29,602,85.2890221,44.66918357,-42.90269855,1
2021/1/30,622,80.00944956,45.4824056,-42.08947652,1
2021/1/31,588,69.91444513,45.99156181,-41.58032031,1
2021/2/1,563,7.224830616,45.99156181,-41.58032031,0
2021/2/2,574,35.33238449,51.01077168,-36.56111045,0
2021/2/3,545,1.696464541,51.01077168,-36.56111045,0
2021/2/4,569,-5.696654184,51.01077168,-36.56111045,0
2021/2/5,541,-8.596055724,51.01077168,-36.56111045,0
2021/2/6,580,16.10380988,51.01077168,-36.56111045,0
2021/2/7,601,67.20304033,51.01077168,-36.56111045,1
2021/2/8,586,18.05094429,51.01077168,-36.56111045,0
2021/2/9,611,63.4833767,46.92171586,-40.65016626,1
2021/2/10,577,31.76977061,38.55559358,-35.16266449,0
2021/2/11,564,0.485942164,38.55559358,-35.16266449,0
2021/2/12,556,16.86063845,34.41816634,-31.02523725,0
2021/2/13,536,-3.761290844,34.41816634,-31.02523725,0
2021/2/14,499,-1.040803518,35.51808484,-29.39549636,0
2021/2/15,521,-10.92367607,35.5925654,-29.3210158,0
2021/2/16,515,-0.842623603,32.28507774,-26.01352814,0
2021/2/17,502,-3.960468429,32.21059719,-26.0880087,0
2021/2/18,512,-5.647238364,28.34623777,-27.37435344,0
2021/2/19,503,3.1357748,24.87992032,-26.04117901,0
2021/2/20,490,-0.580629347,23.54345626,-24.70471496,0
2021/2/21,472,3.061294243,23.28146201,-24.96670921,0
2021/2/22,498,8.192777781,23.08328209,-25.16488913,0
2021/2/23,485,3.573104685,22.40774646,-25.84042476,0
2021/2/24,477,5.670450746,23.08328209,-25.16488913,0
2021/2/25,485,8.791857959,23.28146201,-24.96670921,0
2021/2/26,451,-5.369525227,23.54345626,-24.70471496,0
2021/2/27,421,-18.69330851,25.09706786,-24.92234172,0
2021/2/28,419,-7.150600431,25.23548544,-24.78392414,0
2021/3/1,429,-3.870279634,25.68633031,-25.23476901,0
2021/3/2,431,1.5813205,26.16924635,-25.9945202,0
2021/3/3,424,-2.924925281,29.49741321,-29.32268707,0
2021/3/4,428,-7.993180718,29.5961086,-29.42138246,0
2021/3/5,419,-1.716339154,27.79240638,-31.22508469,0
2021/3/6,412,5.653606095,26.58382025,-32.43367081,0
2021/3/7,410,7.572985183,25.6384659,-33.37902517,0
2021/3/8,402,0.22578065,26.75114362,-34.49170289,0
2021/3/9,399,0.087363073,28.80454817,-34.65439873,0
2021/3/10,406,11.75098444,33.59707379,-37.02975209,0
2021/3/11,359,-41.7294428,33.59707379,-37.02975209,1
2021/3/12,346,-38.57482451,35.40077601,-35.22604987,1
2021/3/13,355,-16.06426294,35.40077601,-35.22604987,0
2021/3/14,364,1.022595646,35.40077601,-35.22604987,0
2021/3/15,340,-16.42893623,35.40077601,-35.22604987,0
2021/3/16,347,-9.602276479,35.40077601,-35.22604987,0
2021/3/17,350,-8.419269325,35.40077601,-35.22604987,0
2021/3/18,387,15.99855334,35.40077601,-35.22604987,0
2021/3/19,375,9.788516883,30.62409067,-39.17844202,0
2021/3/20,367,3.436435085,30.62409067,-39.17844202,0
2021/3/21,351,-4.970915501,30.62409067,-39.17844202,0
2021/3/22,361,10.74681581,29.64059571,-38.19494706,0
2021/3/23,354,2.144489377,32.49141574,-32.08390413,0
2021/3/24,345,-5.819931878,32.02213219,-29.9769409,0
2021/3/25,353,-8.439870982,31.06997662,-30.22136509,0
2021/3/26,345,-11.10142599,29.85137496,-29.00276343,0
2021/3/27,366,7.369685916,29.85137496,-29.00276343,0
2021/3/28,352,2.596065517,29.85137496,-29.00276343,0
2021/3/29,341,-4.277175677,28.60900346,-28.20149186,0
2021/3/30,351,0.203755802,28.20461632,-28.605879,0
2021/3/31,364,16.30888634,27.24773721,-29.00117895,0
2021/4/1,349,-7.178466273,21.00084586,-21.40210853,0
2021/4/2,353,2.809902646,21.00084586,-21.40210853,0
2021/4/3,360,6.978644048,21.00084586,-21.40210853,0
2021/4/4,346,0.424305764,21.00084586,-21.40210853,0
2021/4/5,339,-0.200631336,21.405233,-20.99772139,0
2021/4/6,325,-24.8999845,21.405233,-20.99772139,1
2021/4/7,334,-9.507090873,21.00084586,-21.40210853,0
2021/4/8,351,-0.87672087,20.32475633,-22.07819807,0
2021/4/9,342,-4.351696574,20.32475633,-22.07819807,0
2021/4/10,338,-5.983935319,20.34475096,-22.0981927,0
2021/4/11,356,16.75693256,20.34475096,-22.0981927,0
2021/4/12,346,3.830922938,20.34475096,-22.0981927,0
2021/4/13,362,1.059829485,22.31989042,-24.07333216,0
2021/4/14,351,-1.523751564,22.9597833,-24.71322504,0
2021/4/15,374,11.22479932,22.31275261,-25.36025574,0
2021/4/16,354,-4.286274113,25.19880376,-29.36336819,0
2021/4/17,344,-8.228634283,25.56619222,-29.73075665,0
2021/4/18,323,-19.72491904,26.12472287,-29.172226,0
2021/4/19,346,-2.082282215,26.12472287,-29.172226,0
2021/4/20,385,13.21429252,27.72008541,-27.57686346,0
2021/4/21,374,13.71544765,28.70830392,-26.58864495,0
2021/4/22,366,-6.158929923,28.70830392,-26.58864495,0
2021/4/23,378,11.9137305,27.72008541,-27.57686346,0
2021/4/24,389,28.5886966,26.12472287,-29.172226,1
2021/4/25,331,-12.87286365,25.56619222,-29.73075665,0
2021/4/26,315,-30.88082742,25.56619222,-29.73075665,1
2021/4/27,365,-3.277772129,25.56619222,-29.73075665,0
2021/4/28,356,2.170298484,25.57818283,-29.71876604,0
2021/4/29,370,5.039362136,25.57818283,-29.71876604,0
2021/4/30,361,0.071610977,25.43225005,-25.2890281,0
2021/5/1,362,3.258889382,23.29034747,-27.43093067,0
2021/5/2,357,17.85297027,23.29034747,-27.43093067,0
2021/5/3,334,-4.701334033,24.14566557,-24.73741352,0
2021/5/4,351,-5.02530491,21.82704845,-22.4187964,0
2021/5/5,325,-13.09249965,20.05263083,-24.19321403,0
2021/5/6,352,1.52893293,21.82704845,-22.4187964,0
2021/5/7,345,-6.120762147,22.1945334,-22.05131145,0
2021/5/8,357,-2.0702916,22.730843,-21.51500186,0
2021/5/9,345,-4.543744382,22.1945334,-22.05131145,0
2021/5/10,375.1,29.32157152,21.82704845,-22.4187964,1
2021/5/11,365,-2.153551614,23.29034747,-27.43093067,0
2021/5/12,354,6.06510818,23.71003102,-28.01713425,0
2021/5/13,364,-0.295873973,23.7519801,-30.16862539,0
2021/5/14,375,0.607920568,23.7519801,-30.16862539,0
2021/5/15,384,-3.208322648,25.72416756,-32.14081286,0
2021/5/16,378,8.275220121,32.31004205,-36.61714527,0
2021/5/17,376,11.06208064,32.48471159,-36.79181482,0
2021/5/18,387,4.815983134,38.48545071,-42.62603392,0
2021/5/19,354,-4.78575722,42.47552596,-43.0672739,0
2021/5/20,365,-13.90288113,42.55158814,-43.14333608,0
2021/5/21,354,-43.17018797,42.55158814,-43.14333608,1
2021/5/22,355,-44.93495998,43.13094248,-42.56398173,1
2021/5/23,324,-55.22983154,43.13094248,-42.56398173,1
2021/5/24,378,-6.249085556,43.45538268,-42.23954154,0
2021/5/25,351,-55.53719695,45.77891766,-39.91600656,1
2021/5/26,499,109.5589554,45.70285548,-39.83994438,1
2021/5/27,478,49.26630461,45.70285548,-39.83994438,1
2021/5/28,493,38.27886573,42.51079652,-36.64788542,0
2021/5/29,469,8.03864253,36.47820287,-31.47392557,0
2021/5/30,426,-13.93871252,36.47820287,-31.47392557,0
2021/5/31,440,0.283480374,35.70193831,-29.83902721,0
2021/6/1,466,2.931455551,29.39659937,-23.53368827,0
2021/6/2,454,7.027635068,26.4746898,-20.4437921,0
2021/6/3,505,11.38543962,27.17114958,-19.74733231,0
2021/6/4,525,3.711908632,29.52871277,-17.38976912,0
2021/6/5,510,0.904498786,29.52871277,-17.38976912,0
2021/6/6,486,3.015448851,29.52871277,-17.38976912,0
2021/6/7,475,7.613776208,28.44246976,-18.47601213,0
2021/6/8,484,2.502138649,27.17114958,-19.74733231,0
2021/6/9,460,-5.71729111,26.4746898,-20.4437921,0
2021/6/10,520,10.63685909,26.4746898,-20.4437921,0
2021/6/11,516,-0.005089911,28.74545054,-22.71455283,0
2021/6/12,507,6.069471824,33.51026153,-27.47936383,0
2021/6/13,496,18.21921067,32.99695133,-27.99267403,0
2021/6/14,485,35.51697379,34.15150869,-32.34251112,1
2021/6/15,453,-2.952715019,34.29051102,-32.48151345,0
2021/6/16,441,8.276545345,36.34736017,-32.76886831,0
2021/6/17,457,4.983228812,35.39055199,-35.40073182,0
2021/6/18,359,-94.22430038,35.39055199,-35.40073182,1
2021/6/19,346,-85.17635067,36.65561194,-36.66579176,1
2021/6/20,355,-57.15516815,39.43251026,-35.8540184,1
2021/6/21,364,-12.12698215,39.46460856,-39.47478838,0
2021/6/22,340,-35.00138936,37.84380929,-43.74923933,0
2021/6/23,347,-8.27267302,36.03234532,-45.56070329,0
2021/6/24,350,-18.056163,36.03234532,-45.56070329,0
2021/6/25,387,3.234012163,36.03234532,-45.56070329,0
2021/6/26,375,1.789245929,35.47085139,-46.12219722,0
2021/6/27,367,-4.764178987,35.47085139,-46.12219722,0
2021/6/28,351,3.76226151,35.47085139,-46.12219722,0
2021/6/29,361,9.922954908,36.03234532,-45.56070329,0
2021/6/30,354,7.700696325,31.70663882,-39.08464499,0
2021/7/1,345,-7.279849922,34.19528806,-36.59599576,0
2021/7/2,353,-18.5269541,34.41917664,-36.37210717,0
2021/7/3,345,-15.41661068,34.41917664,-36.37210717,0
2021/7/4,366,5.060387789,34.41917664,-36.37210717,0
2021/7/5,352,-3.689003084,34.41917664,-36.37210717,0
2021/7/6,341,-5.325672916,34.19528806,-36.59599576,0
2021/7/7,351,-0.976465264,31.73795602,-39.05332779,0
2021/7/8,364,-0.557933551,39.41745835,-46.73283012,0
2021/7/9,384,-1.200353851,39.38614116,-46.76414732,0
2021/7/10,378,9.175998561,39.38614116,-46.76414732,0
2021/7/11,376,4.807159111,39.38614116,-46.76414732,0
2021/7/12,387,9.3821642,39.41745835,-46.73283012,0
2021/7/13,354,-3.657685885,41.87479039,-44.27549809,0
2021/7/14,365,-9.479769278,41.87479039,-44.27549809,0
2021/7/15,354,-38.20329499,41.87479039,-44.27549809,0
2021/7/16,355,-45.52433096,41.98917253,-44.16111595,1
2021/7/17,324,-55.485265,42.09867898,-44.0516095,1
2021/7/18,378,-8.144746308,34.48117408,-35.59704119,0
2021/7/19,351,-53.61866149,37.97535307,-32.1028622,1
2021/7/20,499,111.9014733,38.13649276,-31.94172251,1
2021/7/21,478,53.36724506,37.69839736,-31.50362711,1
2021/7/22,493,43.07442893,35.22136344,-29.34887256,1
2021/7/23,469,8.662211214,33.99398609,-29.23837798,0
2021/7/24,426,-13.18065287,33.87278812,-29.11718001,0
2021/7/25,440,-1.085971705,33.76229354,-27.88980266,0
2021/7/26,466,3.097385125,29.02457919,-23.15208831,0
2021/7/27,454,8.311699682,27.51472948,-21.6422386,0
2021/7/28,505,10.71339321,27.67586917,-21.48109892,0
2021/7/29,525,2.936245439,27.58972945,-21.3949592,0
2021/7/30,510,4.634596397,27.58972945,-21.3949592,0
2021/7/31,486,8.425580797,27.42858976,-21.55609889,0
2021/8/1,475,2.377804054,26.87014838,-22.11454027,0
2021/8/2,484,-5.5740555,24.8182388,-24.16644985,0
2021/8/3,460,-13.04533511,24.8182388,-24.16644985,0
2021/8/4,520,5.30301488,26.87014838,-22.11454027,0
2021/8/5,516,-0.848898284,27.42858976,-21.55609889,0
2021/8/6,507,0.325894473,26.87014838,-22.11454027,0
2021/8/7,496,6.246594605,26.9562881,-22.20067999,0
2021/8/8,485,-5.242432835,26.82537903,-22.33158905,0
2021/8/9,453,-50.80328704,24.90437852,-24.25258957,1
2021/8/10,441,-56.52879685,26.51330324,-28.2110998,1
2021/8/11,457,-71.28739789,25.52346886,-29.20093418,1
2021/8/12,460,-66.6476769,26.44358414,-30.12104947,1
2021/8/13,550,31.68460625,30.54758485,-32.24538141,1
2021/8/14,621,99.99158369,31.7223776,-31.07058866,1
2021/8/15,586,40.81539067,32.09951874,-31.4477298,1
2021/8/16,549,2.246894989,37.73581443,-34.02469103,0
2021/8/17,535,4.883332741,37.73581443,-34.02469103,0
2021/8/18,521,-8.537230421,35.98620049,-35.77430496,0
2021/8/19,505,-12.44980476,37.73581443,-34.02469103,0
2021/8/20,499,-1.838732661,37.73581443,-34.02469103,0
2021/8/21,485,-4.037592313,37.73581443,-34.02469103,0
2021/8/22,520,14.95188383,37.73581443,-34.02469103,0
2021/8/23,516,1.8555617,37.73581443,-34.02469103,0
2021/8/24,507,3.939760948,35.98620049,-35.77430496,0
2021/8/25,496,5.228335805,34.04152007,-37.71898539,0
2021/8/26,485,10.36141232,33.46719447,-41.5423791,0
2021/8/27,453,-5.082953094,33.46719447,-41.5423791,0
2021/8/28,441,0.105947762,33.46719447,-41.5423791,0
2021/8/29,457,2.950746015,35.66605412,-39.34351944,0
2021/8/30,359,-93.011663,35.66605412,-39.34351944,1
2021/8/31,346,-84.08019408,41.37111512,-41.1592196,1
2021/9/1,355,-58.27969206,43.41101575,-39.69989235,1
2021/9/2,364,-30.32513581,46.35746004,-46.14556451,0
2021/9/3,340,-39.2368721,41.74913256,-51.91503875,0
2021/9/4,347,-5.821207057,41.93603018,-53.43859023,0
2021/9/5,350,-6.598389427,42.15638984,-53.79880395,0
2021/9/6,387,4.613043905,41.65958679,-54.85636565,0
2021/9/7,375,6.544767513,40.90972099,-55.60623146,0
2021/9/8,367,6.444658054,40.60019614,-55.9157563,0
2021/9/9,351,-7.657780078,40.60019614,-55.9157563,0
2021/9/10,361,2.66201968,40.90972099,-55.60623146,0
2021/9/11,354,4.8889856,41.94987348,-55.14665234,0
2021/9/12,345,-5.751280025,42.72705585,-54.36946997,0
2021/9/13,353,-25.03383582,42.79698289,-54.29954294,0
2021/9/14,345,-18.86655539,48.48239936,-48.03355308,0
2021/9/15,366,-7.348255234,50.9199959,-45.59595654,0
2021/9/16,352,-54.56159808,52.87102013,-43.64493232,1
2021/9/17,341,-54.72226776,50.9199959,-45.59595654,1
2021/9/18,351,-51.21873429,48.48239936,-48.03355308,1
2021/9/19,521,65.4481487,48.48239936,-48.03355308,1
2021/9/20,505,14.35678922,50.9199959,-45.59595654,0
2021/9/21,499,9.426019254,48.77268605,-48.32383977,0
2021/9/22,485,0.224423138,48.03917507,-49.05735075,0
2021/9/23,520,15.7354857,48.03917507,-49.05735075,0
2021/9/24,516,71.35978948,48.03917507,-49.05735075,1
2021/9/25,507,71.01470462,48.03917507,-49.05735075,1
2021/9/26,496,17.53300854,47.74888838,-48.76706406,0
2021/9/27,485,-0.509087842,47.74888838,-48.76706406,0
2021/9/28,453,-2.602285055,48.48239936,-48.03355308,0
2021/9/29,441,5.988572715,51.49182616,-39.51468073,0
2021/9/30,457,6.85694431,42.5268939,-42.07804762,0
2021/10/1,359,-3.995370111,37.68931408,-38.70748976,0
2021/10/2,346,-4.327515639,32.09308265,-37.29765276,0
2021/10/3,355,-54.98615876,32.09308265,-37.29765276,1
2021/10/4,364,-37.83555708,30.83521495,-38.55552047,0
2021/10/5,340,-35.20259237,30.83521495,-38.55552047,0
2021/10/6,347,-14.0503762,30.83521495,-38.55552047,0
2021/10/7,350,-8.011241753,30.83521495,-38.55552047,0
2021/10/8,376,49.52856852,30.83521495,-38.55552047,1
2021/10/9,387,75.25292761,30.54312619,-38.26343171,1
2021/10/10,354,-6.572928014,30.54312619,-38.26343171,0
2021/10/11,365,-5.154387272,30.54312619,-38.26343171,0
2021/10/12,354,-3.860152762,28.42046332,-32.83102994,0
2021/10/13,355,-2.20528331,30.91922037,-30.33227289,0
2021/10/14,324,-34.57729158,30.91922037,-30.33227289,1
2021/10/15,378,5.945665693,32.23526652,-31.64831904,0
2021/10/16,351,0.293473739,34.69675269,-34.10980521,0
2021/10/17,499,123.6541035,37.02311983,-33.84216876,1
2021/10/18,478,95.2858382,38.52021646,-35.33926539,1
2021/10/19,493,124.7360426,38.52021646,-35.33926539,1
2021/10/20,469,105.5021001,37.22321466,-36.63626718,1
2021/10/21,426,80.66630326,38.52021646,-35.33926539,1
2021/10/22,376,1.590475534,40.23587961,-33.62360223,0
2021/10/23,387,44.55317389,37.3861399,-29.74917787,1
2021/10/24,354,-3.559916508,37.3861399,-29.74917787,0
2021/10/25,365,-2.354776209,38.90732698,-28.22799078,0
2021/10/26,354,-2.420424314,37.3861399,-29.74917787,0
2021/10/27,355,3.306138687,37.3861399,-29.74917787,0
2021/10/28,324,-4.607070935,36.87379757,-30.26152019,0
2021/10/29,378,3.818481016,35.32893564,-31.80638212,0
2021/10/30,351,-2.277039882,35.15813442,-31.97718335,0
2021/10/31,499,138.7405533,30.52520449,-29.10462815,1
2021/11/1,478,102.515913,30.27034124,-28.84976491,1
2021/11/2,493,130.5963339,29.17570289,-29.25049914,1
2021/11/3,323,-30.82785896,28.02798048,-30.39822154,1
2021/11/4,356,5.339668103,28.02798048,-30.39822154,0
2021/11/5,378,1.76127676,26.43217664,-27.9223748,0
2021/11/6,362,-0.037398125,26.43217664,-27.9223748,0
2021/11/7,357,0.710288167,26.39811523,-27.88831339,0
2021/11/8,334,-35.52196177,24.11096162,-24.18575787,1
2021/11/9,351,-4.428298146,24.11096162,-24.18575787,0
2021/11/10,325,-12.73983623,24.11096162,-24.18575787,0
2021/11/11,352,7.083309963,24.11096162,-24.18575787,0
2021/11/12,345,-11.64492812,24.11096162,-24.18575787,0
2021/11/13,357,-1.185120529,24.11096162,-24.18575787,0
2021/11/14,345,-7.71116858,24.11096162,-24.18575787,0
2021/11/15,375.1,-0.745099078,23.40326066,-24.89345882,0
2021/11/16,365,-1.198848767,22.96323921,-25.33348027,0
2021/11/17,354,8.053072155,26.99213011,-29.38982764,0
2021/11/18,364,1.050640638,27.94300031,-31.29108535,0
2021/11/19,375,2.47361834,31.22446366,-34.5725487,0
2021/11/20,384,-1.674042516,31.81301019,-35.16109522,0
2021/11/21,378,10.10297067,32.28820394,-34.68590147,0
2021/11/22,376,0.07071361,32.28820394,-34.68590147,0
2021/11/23,387,6.881560761,32.30193218,-34.67217324,0
2021/11/24,354,-2.668304379,32.74195363,-34.23215179,0
2021/11/25,365,-11.37418168,32.74195363,-34.23215179,0
2021/11/26,354,-40.38818651,32.53873343,-34.43537198,1
2021/11/27,355,-42.73918064,33.55776632,-33.4163391,1
2021/11/28,324,-52.41405237,33.55776632,-33.4163391,1
2021/11/29,378,-7.867921206,33.55776632,-33.4163391,0
2021/11/30,351,-54.59785191,33.55776632,-33.4163391,1
2021/12/1,499,110.8602823,36.15332595,-30.82077947,1
2021/12/2,478,51.21863986,35.62176918,-30.2892227,1
2021/12/3,493,40.42916674,35.66122581,-30.24976607,1
2021/12/4,469,9.348550549,34.92617262,-29.59362615,0
2021/12/5,426,-12.50267368,32.32443337,-26.9918869,0
2021/12/6,440,-0.948319276,32.20009448,-26.78863473,0
2021/12/7,466,2.666273238,32.20009448,-26.78863473,0
2021/12/8,454,8.040679587,32.20009448,-26.78863473,0
2021/12/9,505,9.810614293,31.65939523,-26.24793549,0
2021/12/10,525,2.705729871,31.65939523,-26.24793549,0
2021/12/11,510,3.511357324,31.65939523,-26.24793549,0
2021/12/12,486,8.794387444,31.6199386,-26.28739212,0
2021/12/13,475,4.433110357,28.11118007,-29.79615065,0
2021/12/14,484,-5.689138345,28.00534608,-29.90198463,0
2021/12/15,460,-8.758848779,28.00534608,-29.90198463,0
2021/12/16,520,5.505549478,28.16237564,-29.84734623,0
2021/12/17,516,-0.842485291,32.16063784,-26.82809137,0
2021/12/18,507,-4.281238229,35.19843846,-29.78697872,0
2021/12/19,496,-1.339849767,39.17204368,-33.76058394,0
2021/12/20,485,-2.541525263,35.62382852,-37.30879911,0
2021/12/21,453,-62.5804154,36.32752082,-39.00722035,1
2021/12/22,441,-60.44855303,37.46383178,-42.54688231,1
2021/12/23,457,-81.26187826,38.86556539,-47.42804185,1
2021/12/24,460,-75.53394227,38.86556539,-47.42804185,1
2021/12/25,550,11.88415721,39.52376076,-48.08623722,0
2021/12/26,621,71.38582179,41.26347372,-46.34652425,1
2021/12/27,586,63.48819613,39.52376076,-48.08623722,1
2021/12/28,549,10.30077495,41.75225549,-50.31473195,0
2021/12/29,535,21.43558139,45.2687696,-51.47419076,0
2021/12/30,521,-9.87343254,45.32578813,-51.53120929,0
2021/12/31,505,-6.048272585,45.32578813,-51.53120929,0
2022/1/1,499,-13.73749127,47.17654792,-49.68044951,0
2022/1/2,485,-41.12155047,47.54347047,-49.31352696,0
2022/1/3,491,-0.115291824,48.31320689,-48.54379054,0
2022/1/4,503,-12.86687231,53.56184858,-50.10010033,0
2022/1/5,492,-1.251950793,53.5108505,-50.15109841,0
2022/1/6,512,-5.692833348,51.71568263,-51.94626628,0
2022/1/7,498,-0.885028245,50.94594621,-52.7160027,0
2022/1/8,509,-3.102710579,50.94594621,-52.7160027,0
2022/1/9,556,1.730874127,46.91752537,-48.68758186,0
2022/1/10,602,86.14476395,47.68726179,-47.91784544,1
2022/1/11,622,80.51083044,49.48242966,-46.12267757,1
2022/1/12,588,68.86416526,49.53342774,-46.07167948,1
2022/1/13,563,7.462943066,49.53342774,-46.07167948,0
2022/1/14,574,35.79115199,54.41230279,-39.48641666,0
2022/1/15,545,1.679876043,54.41230279,-39.48641666,0
2022/1/16,569,-5.972855681,54.41230279,-39.48641666,0
2022/1/17,541,-8.2384742,54.41230279,-39.48641666,0
2022/1/18,580,16.21595639,54.41230279,-39.48641666,0
2022/1/19,601,67.21506898,54.41230279,-39.48641666,1
2022/1/20,586,17.92302288,52.17694134,-37.2510552,0
2022/1/21,611,63.40968984,47.89350461,-41.53449193,1
2022/1/22,577,31.70854675,38.01608518,-34.65633309,0
2022/1/23,564,0.460408386,38.01608518,-34.65633309,0
2022/1/24,556,16.95813808,34.45292933,-31.09317724,0
2022/1/25,536,-3.726709521,34.45292933,-31.09317724,0
2022/1/26,499,-1.029291099,35.61195495,-29.50214446,0
2022/1/27,521,-10.96206816,35.73655605,-29.37754336,0
2022/1/28,515,-0.830137348,32.29109751,-25.93208482,0
2022/1/29,502,-3.957773053,32.16649641,-26.05668592,0
2022/1/30,512,-5.64803558,28.27229958,-27.3514828,0
2022/1/31,503,3.179506344,24.77891068,-25.93681186,0
2022/2/1,490,-0.578950591,23.47028888,-24.62819006,0
2022/2/2,472,3.054905245,23.21910212,-24.87937682,0
2022/2/3,498,8.169700132,23.01994837,-25.07853057,0
2022/2/4,485,3.572177936,22.33052427,-25.76795467,0
2022/2/5,477,5.670303049,23.01994837,-25.07853057,0
2022/2/6,485,8.792282473,23.21910212,-24.87937682,0
2022/2/7,451,-5.365521885,23.47028888,-24.62819006,0
2022/2/8,421,-18.69412919,25.05085526,-24.88012765,0
2022/2/9,419,-7.149271029,25.18915858,-24.74182433,0
2022/2/10,429,-3.872425204,25.5815284,-25.13419414,0
2022/2/11,431,1.582096036,26.16911606,-25.99838844,0
2022/2/12,424,-2.921599282,29.47335984,-29.30263222,0
2022/2/13,428,-8.002624905,29.57213571,-29.4014081,0
2022/2/14,419,-1.718715202,27.7680567,-31.20548711,0
2022/2/15,412,5.654394291,26.56517262,-32.40837119,0
2022/2/16,410,7.576754936,25.6143467,-33.35919711,0
2022/2/17,402,0.223667128,26.73470551,-34.47955592,0
2022/2/18,399,0.085363806,28.80631724,-34.6495158,0
2022/2/19,406,11.74903487,33.31450841,-36.75193882,0
2022/2/20,359,-41.76625916,33.31450841,-36.75193882,1
2022/2/21,346,-38.60990427,37.52396599,-37.35323838,1
2022/2/22,355,-16.07205662,37.52396599,-37.35323838,0
2022/2/23,364,1.018433625,37.52396599,-37.35323838,0
2022/2/24,340,-16.43474393,37.52396599,-37.35323838,0
2022/2/25,347,-9.609600153,37.52396599,-37.35323838,0
2022/2/26,350,-8.353773909,37.52396599,-37.35323838,0
2022/2/27,387,15.9374248,37.52396599,-37.35323838,0
2022/2/28,375,9.712723252,33.10478588,-41.77241848,0
2022/3/1,367,3.382882132,33.10478588,-41.77241848,0
2022/3/2,351,-4.994791688,33.10478588,-41.77241848,0
2022/3/3,361,10.73357006,30.44425347,-39.11188607,0
2022/3/4,354,2.315263493,34.1167774,-32.07991015,0
2022/3/5,345,-5.691437361,33.08487206,-30.91660014,0
2022/3/6,353,-8.595407722,31.87287413,-29.70460221,0
2022/3/7,345,-11.31087162,30.45687567,-28.28860375,0
2022/3/8,366,7.298843234,30.45687567,-28.28860375,0
2022/3/9,352,2.28705473,30.45687567,-28.28860375,0
2022/3/10,341,-4.333816298,28.48334531,-27.3967235,0
2022/3/11,351,1.084135961,26.2420138,-25.35596622,0
2022/3/12,364,16.86003705,17.30303186,-23.18960937,0
2022/3/13,349,-6.888909408,20.6893444,-19.80329683,0
2022/3/14,353,3.358752207,20.6893444,-19.80329683,0
2022/3/15,360,7.81459847,19.1470524,-18.26100482,0
2022/3/16,346,-3.025126587,19.1470524,-18.26100482,0
2022/3/17,339,0.543310905,19.24733952,-18.16071771,0
2022/3/18,325,-22.98181828,19.24733952,-18.16071771,1
2022/3/19,334,-8.102608471,19.1470524,-18.26100482,0
2022/3/20,351,0.443023786,17.12000524,-20.28805198,0
2022/3/21,342,-2.943288757,17.12000524,-20.28805198,0
2022/3/22,338,-4.046936797,17.12000524,-20.28805198,0
2022/3/23,356,0.858647027,17.12000524,-20.28805198,0
2022/3/24,346,4.797192411,17.12000524,-20.28805198,0
2022/3/25,362,2.500697975,20.330474,-23.49852074,0
2022/3/26,351,-1.584023371,20.330474,-23.49852074,0
2022/3/27,374,10.48220935,20.5882317,-23.75627845,0
2022/3/28,354,-5.908844791,19.22896632,-25.11554383,0
2022/3/29,344,-6.089628536,20.5882317,-23.75627845,0
2022/3/30,323,-44.19434286,20.5882317,-23.75627845,1
2022/3/31,346,-6.862996933,20.5882317,-23.75627845,0
2022/4/1,385,12.74419547,24.84838366,-23.1310896,0
2022/4/2,374,8.119143829,25.85737977,-22.12209348,0
2022/4/3,366,-10.63501122,26.39672676,-21.5827465,0
2022/4/4,378,7.646520173,25.94502273,-22.20973644,0
2022/4/5,389,34.0397329,22.49335621,-25.66140295,1
2022/4/6,331,-39.18600105,25.94502273,-22.20973644,1
2022/4/7,315,-41.0519582,25.94502273,-22.20973644,1
2022/4/8,365,1.867643145,26.48436972,-21.67038945,0
2022/4/9,356,-3.473421557,26.48436972,-21.67038945,0
2022/4/10,370,3.085499768,26.48436972,-21.67038945,0
2022/4/11,361,2.406990133,26.5647921,-21.58996706,0
2022/4/12,344,2.502329599,26.5647921,-21.58996706,0
2022/4/13,354,2.487412522,26.48436972,-21.67038945,0
2022/4/14,339,-2.512540027,25.32661602,-20.51263575,0
2022/4/15,328,-7.878935226,24.78726903,-21.05198274,0
2022/4/16,385,46.80644352,24.78726903,-21.05198274,1
2022/4/17,346,3.014052056,25.32661602,-20.51263575,0
2022/4/18,334,4.146163923,25.32661602,-20.51263575,0
2022/4/19,317,-1.844774716,25.32661602,-20.51263575,0
2022/4/20,321,-7.105445074,25.40703841,-20.43221336,0
2022/4/21,341,18.52188177,25.32661602,-20.51263575,0
2022/4/22,366,54.69517991,24.51774199,-21.32150978,1
2022/4/23,313,-8.672023916,22.24878844,-24.79011165,0
2022/4/24,320,-1.629974768,22.24878844,-24.79011165,0
2022/4/25,298,-7.55128688,25.36797965,-24.65413955,0
2022/4/26,305,4.186462094,26.74902032,-23.5527881,0
2022/4/27,324,12.26872891,25.79870452,-24.5031039,0
2022/4/28,303,-11.29159778,26.57550508,-25.86166499,0
2022/4/29,298,-4.067411,24.94792343,-27.48924664,0
2022/4/30,338,18.5853491,27.54035167,-26.82651158,0
2022/5/1,315,1.598116108,27.83123194,-26.53563131,0
2022/5/2,295,-1.270661604,27.54035167,-26.82651158,0
2022/5/3,287,-7.29556467,24.94792343,-27.48924664,0
2022/5/4,301,0.356920046,26.57550508,-25.86166499,0
2022/5/5,317,11.15005623,25.79870452,-24.5031039,0
2022/5/6,304,8.698559018,25.65885991,-24.36325929,0
2022/5/7,314,0.647800312,25.36797965,-24.65413955,0
2022/5/8,287,-15.3764287,24.60222217,-25.41989703,0
2022/5/9,278,-3.906941414,24.60222217,-25.41989703,0
2022/5/10,286,12.94960915,25.36797965,-24.65413955,0
2022/5/11,276,5.290439578,24.60222217,-25.41989703,0
2022/5/12,282,-2.590741971,25.8097476,-26.62742246,0
2022/5/13,269,-6.957042231,25.8097476,-26.62742246,0
2022/5/14,294,8.846641041,26.7745942,-27.59226906,0
2022/5/15,285,10.19478484,26.7745942,-27.59226906,0
2022/5/16,256,-0.40883743,26.7745942,-27.59226906,0
2022/5/17,232,-9.686534847,26.7745942,-27.59226906,0
2022/5/18,222,-2.735799135,26.7745942,-27.59226906,0
2022/5/19,246,-6.252214932,26.79994238,-27.61761724,0
2022/5/20,249,15.00268704,26.79994238,-27.61761724,0
2022/5/21,235,-11.69419567,26.79994238,-27.61761724,0
2022/5/22,248,3.95766607,32.63919622,-34.22552857,0
2022/5/23,234,-0.793166175,32.63919622,-34.22552857,0
2022/5/24,210,-6.377716767,32.63919622,-34.22552857,0
2022/5/25,267,55.67191501,30.69656326,-36.16816153,1
2022/5/26,235,3.818511778,30.69656326,-36.16816153,0
2022/5/27,249,44.29604717,30.69656326,-36.16816153,1
2022/5/28,227,5.850105233,30.69656326,-36.16816153,0
2022/5/29,215,-4.559594629,32.30708891,-38.97789726,0
2022/5/30,163,-50.90803784,32.79660006,-34.38293241,1
2022/5/31,204,7.674131662,30.98214277,-36.1973897,0
2022/6/1,152,-39.76879719,32.79660006,-34.38293241,1
2022/6/2,150,-53.71992774,30.98214277,-36.1973897,1
2022/6/3,155,-9.200260653,30.25436206,-36.92517041,0
2022/6/4,178,-6.189420271,30.98214277,-36.1973897,0
2022/6/5,185,8.418756525,30.9694938,-36.18474073,0
2022/6/6,194,16.16225973,29.28586739,-35.95667574,0
2022/6/7,163,-5.176410715,29.28586739,-35.95667574,0
2022/6/8,166,-3.335404176,28.06167694,-37.1808662,0
2022/6/9,172,3.201004104,29.28586739,-35.95667574,0
2022/6/10,124,-2.607623464,29.28586739,-35.95667574,0
2022/6/11,150,-0.564014913,24.03247874,-30.70328709,0
2022/6/12,126,-15.01968188,23.47186747,-29.11984539,0
2022/6/13,138,-9.971266658,21.51826496,-26.73351188,0
2022/6/14,153,9.82924028,23.54922454,-24.67725436,0
2022/6/15,159,10.08339664,21.49843207,-22.62646189,0
2022/6/16,140,-7.361951644,20.79042664,-23.33446732,0
2022/6/17,152,35.27445796,20.79042664,-23.33446732,1
2022/6/18,103,-35.30080236,20.78048328,-23.32452396,1
2022/6/19,124,-2.823988961,20.78048328,-23.32452396,0
2022/6/20,128,-6.38222709,20.78048328,-23.32452396,0
2022/6/21,135,0.990265639,17.56633339,-20.11037407,0
2022/6/22,143,2.851938976,17.56633339,-20.11037407,0
2022/6/23,145,3.596538859,18.93773476,-16.95720348,0
2022/6/24,122,1.194671966,18.93773476,-16.95720348,0
2022/6/25,136,-1.272020338,18.93773476,-16.95720348,0
2022/6/26,124,-2.959341054,15.99000586,-18.53404653,0
2022/6/27,145,12.05954485,15.99000586,-18.53404653,0
2022/6/28,121,-10.84468331,15.99000586,-18.53404653,0
2022/6/29,130,-4.990732938,15.99000586,-18.53404653,0
2022/6/30,141,1.43598402,17.11007544,-17.41397696,0
2022/7/1,126,-1.961151082,18.25229184,-16.27176056,0
2022/7/2,143,7.034736186,17.11007544,-17.41397696,0
2022/7/3,139,9.859550247,18.68640297,-18.99030449,0
2022/7/4,121,-14.48187828,23.09003713,-23.39393865,0
2022/7/5,135,3.913790696,23.09003713,-23.39393865,0
2022/7/6,126,-7.450001665,31.2699338,-28.39796577,0
2022/7/7,134,-10.18932467,31.2699338,-28.39796577,0
2022/7/8,141,2.329193182,29.68199903,-29.98590054,0
2022/7/9,125,-19.27375558,29.84776866,-30.15167018,0
2022/7/10,143,-0.15195076,29.84776866,-30.15167018,0
2022/7/11,161,8.66260314,29.84776866,-30.15167018,0
2022/7/12,150,-2.753703884,29.84776866,-30.15167018,0
2022/7/13,162,9.58614714,29.84776866,-30.15167018,0
2022/7/14,168,3.299387616,29.84776866,-30.15167018,0
2022/7/15,171,13.45833784,30.80052506,-28.86737451,0
2022/7/16,163,6.6442963,30.80052506,-28.86737451,0
2022/7/17,145,-10.31895427,32.90287965,-28.24449328,0
2022/7/18,152,-11.18828672,34.43193483,-29.77354846,0
2022/7/19,158,-0.759221576,32.96592839,-28.18144454,0
2022/7/20,150,-3.758247435,31.51647782,-26.73199397,0
2022/7/21,178,13.27732811,31.51647782,-26.73199397,0
2022/7/22,147,-12.63258906,31.51647782,-26.73199397,0
2022/7/23,158,0.966575272,31.5068735,-26.72238964,0
2022/7/24,166,7.932237231,27.76562332,-25.83247278,0
2022/7/25,175,8.847852739,29.13365738,-29.09560576,0
2022/7/26,167,6.765236619,28.35667713,-29.87258601,0
2022/7/27,188,37.78042093,28.35667713,-29.87258601,1
2022/7/28,149,-9.115139886,29.13365738,-29.09560576,0
2022/7/29,151,2.392241927,29.13365738,-29.09560576,0
2022/7/30,132,-12.69428512,30.08120684,-28.1480563,0
2022/7/31,145,-0.75795444,31.17528671,-26.70158835,0
2022/8/1,157,5.764476188,25.93245444,-23.9993039,0
2022/8/2,143,-6.922032688,26.04953922,-21.57584087,0
2022/8/3,140,0.019025814,24.52100213,-20.04730377,0
2022/8/4,146,-2.441536741,22.00012917,-21.96207754,0
2022/8/5,145,-1.197092842,21.39801381,-21.35996218,0
2022/8/6,153,13.19172069,20.90089647,-21.85707951,0
2022/8/7,146,2.236849179,17.96456932,-19.01624984,0
2022/8/8,142,-0.525840259,18.01231806,-18.9685011,0
2022/8/9,152,9.07208201,17.96456932,-19.01624984,0
2022/8/10,161,29.25786906,17.96456932,-19.01624984,1
2022/8/11,136,-1.419342126,18.01231806,-18.9685011,0
2022/8/12,196,71.19602959,18.01231806,-18.9685011,1
2022/8/13,117,-0.478091519,18.5094354,-18.47138377,0
2022/8/14,113,-6.567911638,18.94121408,-18.03960508,0
2022/8/15,107,0.450804499,23.20881525,-20.43055137,0
2022/8/16,111,-7.404862816,23.20881525,-20.43055137,0
2022/8/17,108,-3.867001908,22.27048781,-21.36887881,0
2022/8/18,125,1.389131937,22.27048781,-21.36887881,0
2022/8/19,78,-34.72514669,22.27048781,-21.36887881,1
2022/8/20,103,-6.644896934,22.90557627,-23.86175931,0
2022/8/21,121,1.965301936,22.64518037,-24.42774512,0
2022/8/22,139,36.18416441,22.64518037,-24.42774512,1
2022/8/23,126,3.515115458,22.64518037,-24.42774512,0
2022/8/24,134,19.32076561,22.17357468,-24.89935081,0
2022/8/25,138,13.67465426,24.08445297,-26.8102291,0
2022/8/26,107,-0.891282374,22.92128209,-28.27898988,0
2022/8/27,102,-1.362888065,24.23724792,-26.96302405,0
2022/8/28,111,2.901044897,27.90935856,-29.69192331,0
2022/8/29,71,-13.92544015,27.90935856,-29.69192331,0
2022/8/30,93,-14.52891645,30.76594287,-26.835339,0
2022/8/31,87,-5.698082737,31.70168583,-25.89959604,0
2022/9/1,98,-3.228953811,31.70168583,-25.89959604,0
2022/9/2,103,3.708819825,31.70168583,-25.89959604,0
2022/9/3,95,-4.61919608,28.80029952,-28.80098236,0
2022/9/4,102,-7.248452265,27.90935856,-29.69192331,0
2022/9/5,92,-2.678853895,24.08445297,-26.8102291,0
2022/9/6,131,9.102616285,23.23038384,-27.66429823,0
2022/9/7,146,40.12953985,22.31843944,-26.75235383,1
2022/9/8,112,2.965862764,21.37538824,-25.80930264,0
2022/9/9,135,21.78789804,22.3924841,-24.79220678,0
2022/9/10,128,11.6228113,21.63467298,-24.03439566,0
2022/9/11,119,-0.00034142,20.5779394,-22.97766208,0
2022/9/12,126,18.60359173,20.3154755,-22.71519818,0
2022/9/13,118,-2.216957196,19.2094306,-22.74964686,0
2022/9/14,89,-4.790256271,18.24248766,-21.15132251,0
2022/9/15,70,-13.48629788,18.24248766,-21.15132251,0
2022/9/16,81,-5.94464008,18.49704375,-20.89676643,0
2022/9/17,92,-1.199861341,18.49704375,-20.89676643,0
2022/9/18,102,7.489972027,18.49704375,-20.89676643,0
2022/9/19,94,1.088328726,18.49704375,-20.89676643,0
2022/9/20,98,-6.700462197,18.49704375,-20.89676643,0
2022/9/21,82,-1.77010813,18.49704375,-20.89676643,0
2022/9/22,71,-5.358835803,18.24248766,-21.15132251,0
2022/9/23,75,-9.522229131,18.24248766,-21.15132251,0
2022/9/24,89,-1.454417426,18.49704375,-20.89676643,0
2022/9/25,97,-3.568622323,18.49704375,-20.89676643,0
2022/9/26,106,-0.028128658,19.66877643,-19.72503374,0
2022/9/27,131,14.01153384,20.78523381,-18.60857636,0
2022/9/28,107,7.64397636,20.78523381,-18.60857636,0
2022/9/29,159,68.69216433,22.86612946,-20.68947201,1
2022/9/30,157,57.73274889,22.80640567,-22.86266298,1
2022/10/1,162,74.10532617,22.80640567,-22.86266298,1
2022/10/2,78,-20.51028134,25.19998008,-20.46908857,1
2022/10/3,95,2.365445757,29.57977467,-24.84888315,0
2022/10/4,103,3.217645181,29.57977467,-24.84888315,0
2022/10/5,83,-9.143328358,30.43197409,-23.99668373,0
2022/10/6,94,6.682321981,31.27467719,-23.15398063,0
2022/10/7,102,4.224525293,31.4388542,-22.98980362,0
2022/10/8,73,-5.198488213,31.27467719,-23.15398063,0
2022/10/9,94,4.060348277,34.84657509,-28.41128472,0
2022/10/10,77,-6.593010647,39.19430141,-32.75901105,0
2022/10/11,85,-2.26046822,38.34210198,-33.61121047,0
2022/10/12,98,4.984266217,38.34210198,-33.61121047,0
2022/10/13,84,-9.931264802,36.28513224,-31.55424073,0
2022/10/14,75,-31.60080973,35.44671538,-32.39265759,0
2022/10/15,121,40.69456693,31.65921827,-36.18015471,1
2022/10/16,105,13.1514022,35.44671538,-32.39265759,0
2022/10/17,89,5.90974011,34.72680739,-33.11256558,0
2022/10/18,77,-8.00159205,31.65921827,-36.18015471,0
2022/10/19,95,-3.900225798,31.65921827,-36.18015471,0
2022/10/20,104,6.40593256,31.65921827,-36.18015471,0
2022/10/21,108,1.527028896,31.65921827,-36.18015471,0
2022/10/22,85,5.618731448,33.75890474,-34.08046823,0
2022/10/23,70,-13.82141427,32.41791946,-35.42145351,0
2022/10/24,47,-28.42288729,33.25707107,-33.57863456,0
2022/10/25,69,-9.343824055,31.60659126,-29.99234946,0
2022/10/26,102,10.36397658,23.97789921,-24.2994627,0
2022/10/27,97,0.807120901,22.4906105,-25.49414455,0
2022/10/28,69,-35.31950023,22.4906105,-25.49414455,1
2022/10/29,77,-6.103441834,23.83159578,-24.15315927,0
2022/10/30,83,-0.160781743,23.14126577,-23.46282925,0
2022/10/31,71,-9.127997438,22.83050561,-23.1520691,0
2022/11/1,103,14.8311928,21.61742426,-24.36515045,0
2022/11/2,97,-1.501767028,21.08645923,-23.83418543,0
2022/11/3,110,3.931066713,17.99386957,-18.31543305,0
2022/11/4,116,5.249675351,17.99386957,-18.31543305,0
2022/11/5,93,-2.346525078,17.35659194,-17.67815543,0
2022/11/6,89,-3.212683248,16.29936897,-17.30767937,0
2022/11/7,95,8.226214599,15.42966107,-18.17738727,0
2022/11/8,96,0.151626768,15.97389656,-17.63315179,0
2022/11/9,95,-1.373863098,15.33730445,-16.99655968,0
2022/11/10,103,0.478603168,15.33730445,-16.99655968,0
2022/11/11,98,-4.398600301,15.66277687,-16.67108727,0
2022/11/12,106,15.00205073,15.33730445,-16.99655968,0
2022/11/13,91,3.869110713,15.66277687,-16.67108727,0
2022/11/14,77,-8.532561419,15.66277687,-16.67108727,0
2022/11/15,86,-0.504155198,15.33730445,-16.99655968,0
2022/11/16,82,-2.411818794,15.33730445,-16.99655968,0
2022/11/17,83,-11.42694595,15.33730445,-16.99655968,0
2022/11/18,91,-0.829627616,15.33730445,-16.99655968,0
2022/11/19,86,-5.114272993,14.79306897,-17.54079517,0
2022/11/20,93,4.553970715,14.54670245,-19.06034589,0
2022/11/21,101,8.236669412,15.30910464,-19.82274808,0
2022/11/22,89,-2.25682172,16.73629874,-18.39555398,0
2022/11/23,92,2.417651395,16.73629874,-18.39555398,0
2022/11/24,107,5.84627709,16.73629874,-18.39555398,0
2022/11/25,92,-5.061075834,17.3250237,-18.98427893,0
2022/11/26,95,-5.334741023,17.3250237,-18.98427893,0
2022/11/27,89,-7.219440518,17.87235957,-19.5316148,0
2022/11/28,106,0.539389619,17.87235957,-19.5316148,0
2022/11/29,101,-4.247716205,17.70491119,-22.21855463,0
2022/11/30,98,-7.502685853,20.50112253,-19.42234329,0
2022/12/1,121,2.64808989,20.50112253,-19.42234329,0
2022/12/2,124,9.775713054,20.63029101,-19.55151177,0
2022/12/3,130,7.221577057,26.72331304,-21.89730492,0
2022/12/4,121,2.413004061,29.70707091,-24.88106279,0
2022/12/5,125,-3.919907007,29.70707091,-24.88106279,0
2022/12/6,132,3.763990213,29.70707091,-24.88106279,0
2022/12/7,127,-3.853878377,29.70707091,-24.88106279,0
2022/12/8,132,-5.530038774,29.70707091,-24.88106279,0
2022/12/9,124,-10.40668624,29.70707091,-24.88106279,0
2022/12/10,147,7.006821811,29.70707091,-24.88106279,0
2022/12/11,173,35.30995229,29.77511592,-24.81301777,1
2022/12/12,154,12.35158231,29.70707091,-24.88106279,0
2022/12/13,163,22.18104131,29.70707091,-24.88106279,0
2022/12/14,156,8.018861146,24.2993239,-30.28880979,0
2022/12/15,147,2.481049073,23.02084078,-29.01032667,0
2022/12/16,135,-4.471022069,19.88258193,-25.87206782,0
2022/12/17,125,-10.12302179,19.5746087,-26.18004105,0
2022/12/18,131,-3.337832812,19.5746087,-26.18004105,0
2022/12/19,126,-2.994742944,18.15034659,-24.75577894,0
2022/12/20,122,-4.237966805,18.45831982,-24.44780571,0
2022/12/21,145,7.700849018,18.45831982,-24.44780571,0
2022/12/22,132,-5.143752871,18.45831982,-24.44780571,0
2022/12/23,142,7.261042099,18.45831982,-24.44780571,0
2022/12/24,123,-6.38804672,17.00847768,-22.99796357,0
2022/12/25,135,-1.354124375,16.64205139,-22.63153728,0
2022/12/26,123,-7.505336667,13.76176576,-19.75125165,0
2022/12/27,128,-3.302716176,13.76176576,-19.75125165,0
2022/12/28,138,-12.96659615,15.40238433,-18.11063308,0
2022/12/29,125,-36.76700194,15.63180213,-17.88121529,1
2022/12/30,163,1.059889496,15.63180213,-17.88121529,0
2022/12/31,170,15.02871531,15.63180213,-17.88121529,0
2023/1/1,176,11.49919234,15.63180213,-17.88121529,0
2023/1/2,185,26.77564779,16.2176697,-17.29534771,1
2023/1/3,199,42.50289789,16.2176697,-17.29534771,1
2023/1/4,167,-0.319134041,19.09795533,-20.17563334,0
2023/1/5,181,2.87783999,19.09795533,-20.17563334,0
2023/1/6,165,-3.347961285,19.32761964,-19.96588772,0
2023/1/7,157,-0.538839006,20.70664317,-18.58686418,0
2023/1/8,160,-1.124706582,22.5767128,-20.45693381,0
2023/1/9,153,-2.756873498,23.051661,-20.93188201,0
2023/1/10,148,-3.064575315,21.67263746,-22.31090554,0
2023/1/11,167,12.82608892,21.67263746,-22.31090554,0
2023/1/12,174,6.943345166,22.63561693,-23.71329494,0
2023/1/13,162,11.15054144,24.56142153,-25.84098433,0
2023/1/14,121,-19.90573674,24.56142153,-25.84098433,0
2023/1/15,135,-0.639781398,25.73227869,-27.98169186,0
2023/1/16,140,5.829785887,26.56021565,-28.80962881,0
2023/1/17,131,2.459742949,26.56021565,-28.80962881,0
2023/1/18,115,-11.0318804,25.22328804,-28.49068251,0
2023/1/19,125,-11.21476742,23.30980547,-27.09260039,0
2023/1/20,112,-9.303132349,23.56750569,-26.83490017,0
2023/1/21,121,5.162407991,24.56142153,-25.84098433,0
2023/1/22,109,-1.633697239,24.56142153,-25.84098433,0
2023/1/23,113,-6.366395028,24.56142153,-25.84098433,0
2023/1/24,125,5.257109167,23.5226013,-26.78999578,0
2023/1/25,115,-5.648911274,23.13299523,-24.41255803,0
2023/1/26,137,7.401143796,24.05649694,-22.59222664,0
2023/1/27,120,-1.891397461,21.06929361,-24.33668809,0
2023/1/28,121,-4.048833468,21.06929361,-24.33668809,0
2023/1/29,108,-12.09329037,23.435126,-21.97085571,0
2023/1/30,136,9.834454537,23.435126,-21.97085571,0
2023/1/31,127,0.840153599,23.54314445,-21.86283725,0
2023/2/1,144,13.87290358,23.54314445,-21.86283725,0
2023/2/2,134,0.954092468,23.65708332,-21.74889838,0
2023/2/3,128,-3.025820454,23.65708332,-21.74889838,0
2023/2/4,135,3.726947162,22.02317915,-20.34287195,0
2023/2/5,127,0.732135146,22.02317915,-20.34287195,0
2023/2/6,118,-10.98403311,22.02317915,-20.34287195,0
2023/2/7,121,5.326354899,23.98501221,-22.07682727,0
2023/2/8,129,1.839452331,23.98501221,-22.07682727,0
2023/2/9,116,-6.040515553,23.98501221,-22.07682727,0
2023/2/10,132,6.50200052,23.98501221,-22.07682727,0
2023/2/11,125,2.482732112,25.69291237,-22.01400771,0
2023/2/12,131,9.085554002,25.69291237,-22.01400771,0
2023/2/13,81,-39.47206795,29.24961479,-25.57071012,1
2023/2/14,86,-15.98811694,29.24961479,-25.57071012,0
2023/2/15,95,-15.91149579,30.55765611,-26.87875145,0
2023/2/16,107,8.228781532,35.19468519,-30.22922097,0
2023/2/17,115,5.868320513,35.19468519,-30.22922097,0
2023/2/18,103,-6.829042339,34.74083121,-30.68307495,0
2023/2/19,106,-9.897584369,34.74083121,-30.68307495,0
2023/2/20,120,6.851935231,34.74083121,-30.68307495,0
2023/2/21,128,32.94321796,34.04104286,-31.3828633,0
2023/2/22,115,13.6524355,30.69157453,-34.73233163,0
2023/2/23,82,-14.37517031,30.53496092,-34.88894524,0
2023/2/24,97,-7.976848765,30.41276069,-34.76674501,0
2023/2/25,113,5.540816616,30.36587056,-34.40662766,0
2023/2/26,125,10.60901334,29.58140617,-33.62216327,0
2023/2/27,112,1.32908978,29.58140617,-33.62216327,0
2023/2/28,96,2.028878129,28.52716511,-32.56792221,0
2023/3/1,89,-9.123256384,31.25561624,-28.59743668,0
2023/3/2,79,-19.66633527,31.95540459,-27.89764833,0
2023/3/3,96,-2.02037855,30.70658041,-28.04840085,0
2023/3/4,103,-2.364659938,30.04030471,-28.71467654,0
2023/3/5,115,-2.176992159,30.04030471,-28.71467654,0
2023/3/6,108,-4.253914518,30.70658041,-28.04840085,0
2023/3/7,114,4.029882852,30.70658041,-28.04840085,0
2023/3/8,111,-5.450791551,29.26124321,-27.93561504,0
2023/3/9,133,8.481923722,25.78878323,-29.82954033,0
2023/3/10,122,6.807575501,24.37404394,-28.72802826,0
2023/3/11,129,6.829021417,24.37404394,-28.72802826,0
2023/3/12,137,4.284973629,24.53065755,-28.57141465,0
2023/3/13,124,0.662814084,25.12253845,-27.04887709,0
2023/3/14,112,-11.57987336,25.12253845,-27.04887709,0
2023/3/15,131,5.659293471,25.73851595,-25.66764044,0
2023/3/16,145,11.15946414,25.1852404,-25.1143649,0
2023/3/17,108,-4.788737437,25.81261673,-24.48698856,0
2023/3/18,105,-12.29844751,24.7683693,-23.44274113,0
2023/3/19,120,-6.081273965,24.51391436,-23.18828619,0
2023/3/20,114,-3.269372081,24.38511369,-23.31708686,0
2023/3/21,131,7.578810303,21.80975004,-21.73887454,0
2023/3/22,147,21.32974518,21.40844895,-21.33757344,0
2023/3/23,135,-0.963169317,20.72713476,-20.65625926,0
2023/3/24,113,-5.209766686,18.72627437,-19.6060399,0
2023/3/25,122,0.035437754,18.12842554,-19.00819107,0
2023/3/26,128,-2.737952033,14.79503865,-16.72137729,0
2023/3/27,127,6.543079333,14.48370079,-17.03271516,0
2023/3/28,133,1.532968414,14.69245684,-16.61879548,0
2023/3/29,126,-1.274507187,13.38704354,-14.26680907,0
2023/3/30,135,0.534013418,13.33761337,-13.26673786,0
2023/3/31,123,-0.439882766,13.83618903,-12.7681622,0
2023/4/1,127,4.172300558,13.83618903,-12.7681622,0
2023/4/2,135,5.495172,13.33761337,-13.26673786,0
2023/4/3,110,-7.417987335,13.83618903,-12.7681622,0
2023/4/4,128,-1.687691893,13.83618903,-12.7681622,0
2023/4/5,115,-1.982562024,13.83618903,-12.7681622,0
2023/4/6,122,-4.401407657,13.83618903,-12.7681622,0
2023/4/7,134,11.17680917,14.66518623,-15.54495176,0
2023/4/8,121,1.376940756,16.00551629,-16.88528182,0
2023/4/9,126,3.196965224,17.55756855,-16.48954172,0
2023/4/10,114,4.782536079,16.58367237,-17.4634379,0
2023/4/11,121,2.293501945,18.40049589,-15.64661438,0
2023/4/12,96,-4.685715855,18.40049589,-15.64661438,0
2023/4/13,113,3.897009055,17.21763334,-16.82947694,0
2023/4/14,105,-4.768691565,18.40049589,-15.64661438,0
2023/4/15,95,-11.31020286,18.40049589,-15.64661438,0
2023/4/16,102,-3.19955798,17.82233981,-15.0684583,0
2023/4/17,89,-11.01790288,17.88661729,-15.00418082,0
2023/4/18,110,1.441218233,17.57270163,-14.81882011,0
2023/4/19,98,2.690425087,15.2991472,-14.91099079,0
2023/4/20,105,-1.979107369,14.12117826,-15.73978725,0
2023/4/21,117,6.628437871,14.06437263,-15.68298162,0
2023/4/22,124,11.13560556,13.70376258,-15.9756825,0
2023/4/23,107,0.1940782,13.62311781,-15.24172679,0
2023/4/24,113,5.047908294,12.38167883,-14.65359876,0
2023/4/25,106,-3.696018589,12.38167883,-14.65359876,0
2023/4/26,91,-5.876610913,12.35629722,-13.9749062,0
2023/4/27,102,2.121523499,10.16845637,-11.76838597,0
2023/4/28,100,-1.135959964,10.65915953,-10.92755036,0
2023/4/29,105,-2.029041013,10.65915953,-10.92755036,0
2023/4/30,96,-0.809304491,10.65915953,-10.92755036,0
2023/5/1,106,0.33825697,10.49332475,-10.76171559,0
2023/5/2,102,-4.392217984,10.49332475,-10.76171559,0
2023/5/3,98,-0.799964801,9.827555369,-11.42748497,0
2023/5/4,96,-3.696969192,9.827555369,-11.42748497,0
2023/5/5,95,-9.856632775,9.827555369,-11.42748497,0
2023/5/6,119,9.268887258,10.65915953,-10.92755036,0
2023/5/7,105,-0.134195416,10.80499076,-10.78171913,0
2023/5/8,121,2.465811075,12.0379122,-12.01464057,0
2023/5/9,124,0.835661512,13.70979253,-13.03327859,0
2023/5/10,121,1.483801203,14.3258155,-13.64930156,0
2023/5/11,110,-9.24591416,14.3258155,-13.64930156,0
2023/5/12,124,0.011635813,15.34445352,-15.32118189,0
2023/5/13,118,-3.515980329,15.34445352,-15.32118189,0
2023/5/14,157,34.89394772,16.16847922,-14.49715619,1
2023/5/15,141,8.730673517,16.81661891,-13.8490165,0
2023/5/16,155,15.09143242,16.81661891,-13.8490165,0
2023/5/17,140,2.712240099,16.16847922,-14.49715619,0
2023/5/18,138,4.529177175,18.57854334,-16.90722031,0
2023/5/19,148,18.32043835,18.57854334,-16.90722031,0
2023/5/20,107,-8.536437539,19.12626879,-16.35949486,0
2023/5/21,113,-0.580368237,21.33401195,-18.56723801,0
2023/5/22,100,-14.47638756,22.81546684,-17.39098664,0
2023/5/23,117,-4.289689251,24.6113004,-18.80559993,0
2023/5/24,122,2.902850232,24.6347063,-18.78219403,0
2023/5/25,124,2.926256138,27.9500853,-22.09757303,0
2023/5/26,107,-10.93505938,27.9500853,-22.09757303,0
2023/5/27,102,-7.004934084,24.6113004,-18.80559993,0
2023/5/28,105,-8.273769361,23.10324145,-17.29754098,0
2023/5/29,115,6.189284178,21.58377818,-18.81700425,0
2023/5/30,125,1.383386966,19.62002298,-20.78075945,0
2023/5/31,131,3.085109766,21.48661371,-18.71983978,0
2023/6/1,140,5.639067035,23.00607698,-17.20037651,0
2023/6/2,135,7.745507616,23.00607698,-17.20037651,0
2023/6/3,131,9.076909668,23.12664735,-17.27413507,0
2023/6/4,128,9.213742319,26.37782731,-20.46039475,0
2023/6/5,101,2.958716282,26.37782731,-20.46039475,0
2023/6/6,106,-5.033018041,26.37782731,-20.46039475,0
2023/6/7,99,-11.8084467,26.37782731,-20.46039475,0
2023/6/8,108,-3.788908495,26.37782731,-20.46039475,0
2023/6/9,101,-0.980980198,26.37782731,-20.46039475,0
2023/6/10,105,4.824653136,26.37782731,-20.46039475,0
2023/6/11,112,20.74881462,27.40076796,-24.53196101,0
2023/6/12,57,-15.88447523,27.40076796,-24.53196101,0
2023/6/13,88,3.996908545,28.42686273,-25.55805579,0
2023/6/14,90,8.361802515,26.01147906,-27.97343946,0
2023/6/15,43,-36.99259811,24.34933443,-29.63558409,1
2023/6/16,70,-2.643124826,24.34933443,-29.63558409,0
2023/6/17,71,1.434403474,26.01147906,-27.97343946,0
2023/6/18,50,-8.23156866,26.01147906,-27.97343946,0
2023/6/19,85,39.0559367,26.01147906,-27.97343946,1
2023/6/20,40,-18.65942429,28.42686273,-25.55805579,0
2023/6/21,54,-3.277850967,28.42686273,-25.55805579,0
2023/6/22,61,6.720965915,26.30748395,-23.438677,0
2023/6/23,97,41.0694347,26.69259765,-23.05356331,1
2023/6/24,47,-11.36295044,26.69259765,-23.05356331,0
2023/6/25,45,-4.172148165,26.69259765,-23.05356331,0
2023/6/26,56,1.819517172,26.69259765,-23.05356331,0
2023/6/27,75,7.612766605,26.16880645,-22.5297721,0
2023/6/28,63,-7.735708346,25.86891768,-22.22988333,0
2023/6/29,59,-6.03009022,25.86891768,-22.22988333,0
2023/6/30,78,6.041031667,25.86891768,-22.22988333,0
2023/7/1,81,5.853407451,25.86891768,-22.22988333,0
2023/7/2,71,5.967629331,26.02898564,-22.06981537,0
2023/7/3,80,1.979585134,26.02898564,-22.06981537,0
2023/7/4,85,3.450829208,25.86891768,-22.22988333,0
2023/7/5,92,11.31858232,19.34420586,-15.70517152,0
2023/7/6,59,-10.55861575,17.80801937,-14.16898503,0
2023/7/7,66,-7.26666279,16.23292699,-14.91658275,0
2023/7/8,75,0.473335594,16.04809046,-15.10141927,0
2023/7/9,58,-6.531046927,16.04809046,-15.10141927,0
2023/7/10,83,8.89202688,16.18019897,-14.96931077,0
2023/7/11,74,-2.776300417,16.18019897,-14.96931077,0
2023/7/12,82,4.219439706,16.02446267,-15.07779149,0
2023/7/13,75,5.878558821,15.5641964,-15.53805776,0
2023/7/14,68,-2.783002954,14.00767574,-14.45327039,0
2023/7/15,71,0.658172122,13.63762445,-14.82332168,0
2023/7/16,64,-0.222797328,11.90953327,-13.0952305,0
2023/7/17,47,-23.40336503,11.8727967,-13.05849393,1
2023/7/18,71,0.013069316,11.57146829,-12.75716551,0
2023/7/19,63,-10.5465996,11.36889865,-12.55459587,0
2023/7/20,73,0.605444099,11.45650707,-11.90210173,0
2023/7/21,82,10.30560015,11.3204331,-11.76602776,0
2023/7/22,68,-4.569227134,11.3204331,-11.76602776,0
2023/7/23,73,-0.592848612,11.3204331,-11.76602776,0
2023/7/24,74,-2.734206044,11.3204331,-11.76602776,0
2023/7/25,79,-1.428071107,11.3204331,-11.76602776,0
2023/7/26,85,1.850522568,10.95038182,-12.13607904,0
2023/7/27,89,-0.616930529,10.9262999,-12.16016096,0
2023/7/28,84,-5.005842577,10.9262999,-12.16016096,0
2023/7/29,91,2.385913248,10.9262999,-12.16016096,0
2023/7/30,108,18.052795,10.9262999,-12.16016096,1
2023/7/31,95,1.793661852,10.9262999,-12.16016096,0
2023/8/1,93,-1.946828749,11.06237387,-12.29623493,0
2023/8/2,99,6.650448455,11.08645579,-12.27215301,0
2023/8/3,101,3.032938718,11.06237387,-12.29623493,0
2023/8/4,92,-1.968928384,12.5395225,-12.39176813,0
2023/8/5,91,-1.870725387,16.33396058,-13.8641372,0
2023/8/6,85,-5.682214574,15.2255064,-15.07775202,0
2023/8/7,96,-1.02928489,15.2255064,-15.07775202,0
2023/8/8,96,0.073877188,15.2255064,-15.07775202,0
2023/8/9,84,-7.615962651,15.40380568,-15.2560513,0
2023/8/10,101,4.272544917,17.23021015,-17.08245578,0
2023/8/11,105,11.59627694,16.12704808,-18.18561786,0
2023/8/12,97,1.23491169,16.40056048,-18.45913026,0
2023/8/13,89,-2.769543126,16.40056048,-18.45913026,0
2023/8/14,105,4.872114887,16.87547451,-18.93404429,0
2023/8/15,102,5.976806843,16.87547451,-18.93404429,0
2023/8/16,85,-5.825266649,16.87547451,-18.93404429,0
2023/8/17,83,-6.120058339,17.94341965,-19.83058622,0
2023/8/18,82,-3.651196509,18.57843689,-20.07024624,0
2023/8/19,95,9.098496439,18.38075828,-20.26792485,0
2023/8/20,87,0.347389861,18.68864445,-20.18045381,0
2023/8/21,91,-3.52917067,18.49096584,-20.37813242,0
2023/8/22,86,-1.531845794,18.6586886,-20.75655579,0
2023/8/23,93,7.808751819,18.69919368,-21.76288527,0
2023/8/24,83,5.330744568,19.18210588,-21.27997307,0
2023/8/25,69,-7.669508745,19.18210588,-21.27997307,0
2023/8/26,70,-5.598615364,19.18210588,-21.27997307,0
2023/8/27,82,-0.943583286,19.29786819,-21.39573538,0
2023/8/28,88,-0.745904677,19.4032185,-21.29038507,0
2023/8/29,77,-3.065340652,20.94125974,-22.43306909,0
2023/8/30,89,6.915582496,20.94125974,-22.43306909,0
2023/8/31,64,-14.37052918,20.74358113,-22.6307477,0
2023/9/1,82,-1.048933594,20.94125974,-22.43306909,0
2023/9/2,71,-9.739179434,20.94125974,-22.43306909,0
2023/9/3,101,8.359017787,20.74358113,-22.6307477,0
2023/9/4,107,9.172924821,20.63823082,-22.73609801,0
2023/9/5,94,5.040990809,20.74358113,-22.6307477,0
2023/9/6,86,-3.329645441,20.3062425,-22.19340907,0
2023/9/7,105,19.66028227,19.02136952,-20.96236629,1
2023/9/8,93,1.005127399,18.94293431,-21.0408015,0
2023/9/9,87,4.899806439,18.94293431,-21.0408015,0
2023/9/10,84,-4.01753057,18.94293431,-21.0408015,0
2023/9/11,86,1.203737691,18.74026029,-20.68125706,0
2023/9/12,73,-3.192532436,18.74026029,-20.68125706,0
2023/9/13,63,-9.486188371,16.9044678,-14.894213,0
2023/9/14,68,-4.11373372,16.9044678,-14.894213,0
2023/9/15,101,20.79749989,12.58857362,-14.5295704,1
2023/9/16,75,-0.970498387,12.58857362,-14.5295704,0
2023/9/17,76,-3.389476376,11.35297887,-13.29397564,0
2023/9/18,69,-4.800483451,11.35297887,-13.29397564,0
2023/9/19,70,-3.664553319,11.35297887,-13.29397564,0
2023/9/20,81,9.069656951,11.35297887,-13.29397564,0
2023/9/21,76,1.092079754,10.59811178,-12.53910855,0
2023/9/22,81,-4.236737236,10.59811178,-12.53910855,0
2023/9/23,86,3.16147454,10.59811178,-12.53910855,0
2023/9/24,90,6.836490387,10.60501516,-12.53220517,0
2023/9/25,70,-3.750352383,10.60501516,-12.53220517,0
2023/9/26,81,1.718899651,10.60501516,-12.53220517,0
2023/9/27,70,-8.470334055,10.60501516,-12.53220517,0
2023/9/28,78,-0.963595006,10.60501516,-12.53220517,0
2023/9/29,85,-0.74231931,10.60501516,-12.53220517,0
2023/9/30,89,4.374824405,10.82629085,-12.31092947,0
2023/10/1,85,-1.409306817,10.82629085,-12.31092947,0
2023/10/2,80,1.623303053,11.3899259,-12.87456452,0
2023/10/3,85,-2.935048922,11.74486822,-13.22950684,0
2023/10/4,89,1.003026078,11.52359253,-13.45078254,0
2023/10/5,84,-5.262526102,11.07788072,-13.89649435,0
2023/10/6,97,5.523000653,11.62561769,-13.55280771,0
2023/10/7,89,-4.110562295,11.50276469,-14.32137832,0
2023/10/8,94,-3.309195657,14.23771664,-16.16490665,0
2023/10/9,87,-6.866684906,14.93860409,-16.42324271,0
2023/10/10,113,10.92704923,16.08879522,-16.13917912,0
2023/10/11,108,2.297912012,16.31718508,-16.36756899,0
2023/10/12,115,8.915774284,20.3806887,-18.37463654,0
2023/10/13,98,-7.906246504,20.78444064,-20.83482455,0
2023/10/14,103,-2.774344613,22.80199171,-20.79593956,0
2023/10/15,110,-1.801309681,23.65481481,-23.70519872,0
2023/10/16,120,10.72306657,23.81972623,-23.87011013,0
2023/10/17,108,-6.964910775,24.16331197,-26.68460085,0
2023/10/18,124,2.622468487,25.56037768,-28.08166656,0
2023/10/19,119,-0.025191951,26.45867974,-28.97996862,0
2023/10/20,116,2.039095419,28.78352401,-28.83390791,0
2023/10/21,120,10.0075487,27.7073371,-30.22862597,0
2023/10/22,125,9.962440953,27.7073371,-30.22862597,0
2023/10/23,108,-1.260644436,27.7073371,-30.22862597,0
2023/10/24,115,8.40557685,28.55004453,-29.74346049,0
2023/10/25,107,-8.371736864,29.12156056,-29.17194446,0
2023/10/26,101,-6.493372586,30.95155903,-27.34194599,0
2023/10/27,99,-1.588306491,29.12156056,-29.17194446,0
2023/10/28,84,-9.679779136,29.12156056,-29.17194446,0
2023/10/29,95,-7.003276189,29.12156056,-29.17194446,0
2023/10/30,101,4.61673207,29.50045754,-28.79304748,0
2023/10/31,92,-7.226665549,28.94123526,-29.35226976,0
2023/11/1,125,9.878690802,28.55004453,-29.74346049,0
2023/11/2,114,1.804806521,25.57023757,-28.09152644,0
2023/11/3,108,-0.596707981,25.47753622,-28.18422778,0
2023/11/4,106,11.37835061,25.29314749,-27.99983905,0
2023/11/5,110,6.597446169,26.04978529,-27.24320125,0
2023/11/6,89,-6.668796528,26.44097602,-26.85201052,0
2023/11/7,96,-0.205517249,24.29458896,-23.5871789,0
2023/11/8,112,2.260591918,23.58559692,-22.87818686,0
2023/11/9,108,0.35370503,23.58559692,-22.87818686,0
2023/11/10,68,-34.94640467,21.85359679,-22.26463128,1
2023/11/11,72,-12.33311874,21.85359679,-22.26463128,0
2023/11/12,89,-5.436390328,21.46240605,-22.65582202,0
2023/11/13,86,-1.353345778,20.70576826,-23.41245981,0
2023/11/14,95,5.170400941,20.70576826,-23.41245981,0
2023/11/15,103,2.754318513,20.70576826,-23.41245981,0
2023/11/16,116,12.59644722,20.70576826,-23.41245981,0
2023/11/17,105,3.69469537,21.85359679,-22.26463128,0
2023/11/18,78,-2.459746608,22.41281906,-21.705409,0
2023/11/19,62,-28.0768386,20.70576826,-23.41245981,1
2023/11/20,81,-4.844089727,19.59936743,-24.51886064,0
2023/11/21,75,-11.04530347,20.70576826,-23.41245981,0
2023/11/22,85,-5.069944419,20.70576826,-23.41245981,0
2023/11/23,91,-6.70767184,23.54596294,-25.21524165,0
2023/11/24,105,5.923993536,25.03739543,-23.72380917,0
2023/11/25,98,11.38996554,25.03739543,-23.72380917,0
2023/11/26,102,6.22585875,24.47959118,-24.28161342,0
2023/11/27,99,2.905921221,23.54596294,-25.21524165,0
2023/11/28,95,6.082952151,22.42266867,-26.33853592,0
2023/11/29,40,-45.93476126,24.37571323,-26.04499193,1
2023/11/30,57,-33.23606382,24.37571323,-26.04499193,1
2023/12/1,78,-0.834639354,24.37571323,-26.04499193,0
2023/12/2,64,-9.394183317,24.59971299,-26.2689917,0
2023/12/3,75,0.656793133,24.59971299,-26.2689917,0
2023/12/4,84,7.53004827,25.53334122,-25.33536346,0
2023/12/5,66,1.904721763,24.59971299,-26.2689917,0
2023/12/6,58,0.098988883,24.37571323,-26.04499193,0
2023/12/7,61,-1.957933626,24.37571323,-26.04499193,0
2023/12/8,33,-14.91252734,24.00816157,-25.67744027,0
2023/12/9,56,5.426814895,23.87330797,-25.81229387,0
2023/12/10,44,-7.110575184,20.72396076,-22.39323947,0
2023/12/11,52,-8.577777407,15.94761247,-17.50282194,0
2023/12/12,48,-0.969492949,16.65253573,-16.79789868,0
2023/12/13,46,-1.773786846,16.65253573,-16.79789868,0
2023/12/14,62,5.295305926,13.99397892,-15.5491884,0
2023/12/15,41,-1.57339544,13.1267987,-14.98135188,0
2023/12/16,51,0.063467719,10.44457843,-12.29913161,0
2023/12/17,56,5.05709472,10.29664347,-12.15119664,0
2023/12/18,75,14.67159115,9.682151729,-11.5367049,1
2023/12/19,43,-8.240426874,9.786156695,-11.34136617,0
2023/12/20,49,-0.072681473,8.468760048,-10.32331322,0
2023/12/21,52,-0.777604738,8.618431897,-10.17364137,0
2023/12/22,44,3.063414614,8.590613314,-9.580424571,0
2023/12/23,45,-0.927276587,8.902824919,-9.268212966,0
2023/12/24,41,-4.857743038,8.902824919,-9.268212966,0
2023/12/25,48,-2.683512261,8.590613314,-9.580424571,0
2023/12/26,52,7.772532329,8.590613314,-9.580424571,0
2023/12/27,45,1.768501474,8.590613314,-9.580424571,0
2023/12/28,42,-2.044850127,8.590613314,-9.580424571,0
2023/12/29,38,1.120976221,8.307914205,-9.86312368,0
2023/12/30,37,-1.664413928,8.307914205,-9.86312368,0
2023/12/31,40,-0.182694024,8.307914205,-9.86312368,0
2024/1/1,38,-0.494905628,8.590613314,-9.580424571,0
2024/1/2,40,4.34856504,8.158242356,-10.01279553,0
2024/1/3,35,-1.588216674,8.150724634,-10.02031325,0
2024/1/4,31,-4.618852163,8.590613314,-9.580424571,0
2024/1/5,28,-2.903423844,9.102433896,-9.467821943,0
2024/1/6,35,3.854134417,9.213342611,-9.578730658,0
2024/1/7,38,1.56615178,9.789793785,-10.15518183,0
2024/1/8,26,-6.142786355,10.41138634,-10.77677439,0
2024/1/9,23,-9.259834754,10.73965185,-11.1050399,0
2024/1/10,38,0.870727296,11.76635642,-10.07833533,0
2024/1/11,45,6.125243837,11.76635642,-10.07833533,0
2024/1/12,37,-0.934794308,11.76635642,-10.07833533,0
2024/1/13,34,-4.375330254,11.76635642,-10.07833533,0
2024/1/14,48,1.671256542,11.76635642,-10.07833533,0
2024/1/15,45,4.250207814,11.79307317,-10.05161858,0
2024/1/16,41,0.844010545,11.85600718,-9.988684565,0
2024/1/17,48,0.933661307,9.381236659,-7.639782068,0
2024/1/18,45,-4.510413077,9.230888671,-7.48943408,0
2024/1/19,52,4.511177016,9.230888671,-7.48943408,0
2024/1/20,47,2.057265509,8.747814538,-7.006359946,0
2024/1/21,51,-1.057444604,8.424939939,-6.56551151,0
2024/1/22,44,-1.988488082,8.339236269,-6.65121518,0
2024/1/23,46,1.162299448,8.053879974,-6.365858885,0
2024/1/24,48,-2.41336724,8.053879974,-6.365858885,0
2024/1/25,56,5.680844023,7.856162136,-6.168141047,0
2024/1/26,50,1.556377473,7.384520139,-6.639783044,0
2024/1/27,45,-0.141260178,7.384520139,-6.639783044,0
2024/1/28,51,0.929714215,7.384520139,-6.639783044,0
2024/1/29,44,0.100091327,6.7131957,-5.968458605,0
2024/1/30,41,-2.333235361,6.440918479,-6.240735826,0
2024/1/31,48,2.252773413,6.199566974,-6.482087331,0
2024/2/1,43,-1.364413705,6.599563484,-6.39938083,0
2024/2/2,39,-5.705829044,7.029080539,-6.284343444,0
2024/2/3,41,-0.903874846,7.497894216,-6.753157121,0
2024/2/4,46,0.98276729,7.582237977,-6.837500882,0
2024/2/5,42,0.372368547,7.309960756,-7.109778102,0
2024/2/6,45,2.579638623,7.309960756,-7.109778102,0
2024/2/7,47,2.06154833,7.309960756,-7.109778102,0
2024/2/8,42,-2.172494465,8.556568102,-9.385674766,0
2024/2/9,45,-2.514160194,8.211741526,-10.01949122,0
2024/2/10,43,-2.348062347,8.631311143,-10.43906084,0
2024/2/11,46,1.725324953,9.252560588,-11.06031028,0
2024/2/12,45,0.91670185,9.741882102,-10.57098877,0
2024/2/13,48,4.170695646,9.741882102,-10.57098877,0
2024/2/14,42,-5.276384518,10.15890246,-10.15396841,0
2024/2/15,43,-3.865989274,10.82692371,-10.82198966,0
2024/2/16,63,12.80042572,10.82692371,-10.82198966,1
2024/2/17,50,-0.414553332,11.0862007,-11.44650779,0
2024/2/18,40,-6.185668782,11.0862007,-11.44650779,0
2024/2/19,46,-4.812556506,14.90583256,-15.26613965,0
2024/2/20,43,-6.199600533,14.90583256,-15.26613965,0
2024/2/21,56,0.002467022,14.90583256,-15.26613965,0
2024/2/22,64,5.410738863,14.67143277,-15.50053944,0
2024/2/23,60,-1.427082619,14.67143277,-15.50053944,0
2024/2/24,74,10.73824861,14.44495365,-15.72701856,0
2024/2/25,61,3.789989616,14.67143277,-15.50053944,0
2024/2/26,65,0.45712389,14.90583256,-15.26613965,0
2024/2/27,58,-0.180153546,14.43627096,-15.26537762,0
2024/2/28,67,1.947774509,14.21045818,-14.57076527,0
2024/2/29,63,-3.881101414,12.34637701,-12.7066841,0
2024/3/1,59,-4.918056314,12.34637701,-12.7066841,0
2024/3/2,60,-6.339438768,12.52899757,-12.52406353,0
2024/3/3,59,-1.007729423,12.34637701,-12.7066841,0
2024/3/4,77,5.56730065,12.07396437,-12.97909674,0
2024/3/5,65,-0.641032451,12.34637701,-12.7066841,0
2024/3/6,75,3.025823115,12.34637701,-12.7066841,0
2024/3/7,80,3.307462865,12.07396437,-12.97909674,0
2024/3/8,71,-1.234712944,12.20752889,-13.11266126,0
2024/3/9,73,0.52427718,12.8563406,-13.76147298,0
2024/3/10,68,-0.452566186,14.18552471,-15.46758961,0
2024/3/11,75,-7.226550978,14.37399097,-15.27912334,0
2024/3/12,77,1.647674494,15.00152357,-14.65159075,0
2024/3/13,78,-1.650115495,15.00152357,-14.65159075,0
2024/3/14,83,-4.800125503,15.88794805,-14.83939369,0
2024/3/15,88,4.589622948,16.10783558,-15.75790275,0
2024/3/16,85,0.174966413,16.89021182,-16.54027899,0
2024/3/17,78,-6.997917653,16.89021182,-16.54027899,0
2024/3/18,105,7.457085556,16.26267922,-17.16781159,0
2024/3/19,95,3.573961874,16.26267922,-17.16781159,0
2024/3/20,89,-8.100538141,16.26267922,-17.16781159,0
2024/3/21,114,11.47827237,16.89021182,-16.54027899,0
2024/3/22,99,1.411937111,17.59429184,-17.24435901,0
2024/3/23,94,-8.874783477,17.59429184,-17.24435901,0
2024/3/24,106,5.390816349,17.71779621,-17.36786338,0
2024/3/25,108,-0.875835178,17.71779621,-17.36786338,0
2024/3/26,98,-2.486875611,17.37107464,-19.122745,0
2024/3/27,115,5.763594752,17.37107464,-19.122745,0
2024/3/28,108,-1.075191615,17.37107464,-19.122745,0
2024/3/29,102,-1.523134658,17.37107464,-19.122745,0
2024/3/30,117,4.923065772,17.37107464,-19.122745,0
2024/3/31,110,3.364927552,18.82735531,-17.66646433,0
2024/4/1,109,-0.967768022,20.44299725,-19.28210626,0
2024/4/2,101,0.580445493,21.27058164,-20.10969065,0
2024/4/3,112,-3.815044529,21.27058164,-20.10969065,0
2024/4/4,98,-12.61578045,19.81430097,-21.56597133,0
2024/4/5,95,-15.13949072,21.27058164,-20.10969065,0
2024/4/6,129,5.599165053,21.41455563,-20.25366464,0
2024/4/7,117,-0.9189498,20.80955184,-20.85866843,0
2024/4/8,123,1.180979797,21.41455563,-20.25366464,0
2024/4/9,152,34.93773252,21.41455563,-20.25366464,1
2024/4/10,144,9.350470344,21.41455563,-20.25366464,0
2024/4/11,135,6.915596123,21.41455563,-20.25366464,0
2024/4/12,139,6.982748725,21.41455563,-20.25366464,0
2024/4/13,132,-9.474761078,21.58157531,-20.08664496,0
2024/4/14,125,-5.536339171,21.58157531,-20.08664496,0
2024/4/15,130,1.034213251,21.58157531,-20.08664496,0
2024/4/16,122,-3.949824479,21.86832338,-19.79989688,0
2024/4/17,140,-0.024558294,21.58157531,-20.08664496,0
2024/4/18,136,0.747465175,21.58157531,-20.08664496,0
2024/4/19,142,-0.207569513,20.81602997,-20.8521903,0
2024/4/20,159,15.04506953,20.81602997,-20.8521903,0
2024/4/21,140,5.387491915,20.67205598,-20.70821632,0
2024/4/22,128,-0.018080168,15.57508697,-15.61124731,0
2024/4/23,131,1.14804547,15.56860885,-15.61772543,0
2024/4/24,120,-19.42032465,15.56860885,-15.61772543,1
2024/4/25,128,-5.299054138,15.56860885,-15.61772543,0
2024/4/26,147,10.30083887,15.56860885,-15.61772543,0
2024/4/27,135,-2.322536692,15.57508697,-15.61124731,0
2024/4/28,128,-4.604502733,16.34063232,-14.84570197,0
2024/4/29,119,-1.129839787,16.74121261,-14.44512167,0
2024/4/30,131,2.037240695,17.20767968,-14.91158875,0
2024/5/1,140,3.241706495,16.09538601,-16.13154635,0
2024/5/2,135,3.582385835,16.09538601,-16.13154635,0
2024/5/3,129,-4.902659678,15.15652697,-17.07040539,0
2024/5/4,133,-2.613209524,15.24995068,-17.50963026,0
2024/5/5,135,-0.956939209,15.42285126,-17.33672968,0
2024/5/6,177,56.15764723,15.42285126,-17.33672968,1
2024/5/7,159,28.71685044,15.2846296,-17.47495134,1
2024/5/8,143,4.607935907,15.42285126,-17.33672968,0
2024/5/9,135,3.67529945,18.11622205,-14.89103562,0
2024/5/10,126,-5.806295267,21.7272804,-17.65279901,0
2024/5/11,130,-2.268972512,21.30263292,-18.07744649,0
2024/5/12,145,14.30282731,21.27280155,-18.10727786,0
2024/5/13,112,-8.079271601,18.7331005,-20.64697892,0
2024/5/14,124,-3.160363094,21.27280155,-18.10727786,0
2024/5/15,135,1.612593216,21.27280155,-18.10727786,0
2024/5/16,121,-7.361762464,21.27280155,-18.10727786,0
2024/5/17,130,-1.095160872,18.59487883,-20.78520058,0
2024/5/18,135,7.340992109,15.45351697,-17.64383872,0
2024/5/19,129,3.008904749,15.4405261,-17.63084785,0
2024/5/20,136,16.55775343,15.23299463,-17.42331637,1
2024/5/21,126,1.582761847,15.76890547,-16.59790439,0
2024/5/22,115,-12.86881324,15.96289936,-16.4039105,0
2024/5/23,121,-1.25921116,15.69896672,-16.52796564,0
2024/5/24,128,1.695388327,15.83972459,-16.28073573,0
2024/5/25,115,-3.789010347,15.9544169,-16.00744026,0
2024/5/26,109,-7.344990761,15.68112143,-16.12213257,0
2024/5/27,112,-3.895253407,15.79581374,-15.84883709,0
2024/5/28,120,-0.414499462,16.52114892,-14.96489875,0
2024/5/29,129,5.154887913,15.55824004,-15.6112634,0
2024/5/30,125,2.91805704,15.20597404,-15.64698518,0
2024/5/31,131,-0.026511679,15.01198015,-15.84097907,0
