Date,NH3NMBR,denoised,highfreq
2021/1/1,4.54,4.540097418,-9.74E-05
2021/1/2,4.65,4.516368928,0.133631072
2021/1/3,4.56,4.492190327,0.067809673
2021/1/4,4.45,4.467977505,-0.017977505
2021/1/5,4.31,4.435161016,-0.125161016
2021/1/6,4.54,4.395705592,0.144294408
2021/1/7,4.64,4.373729426,0.266270574
2021/1/8,4.51,4.370448974,0.139551026
2021/1/9,4.23,4.375705963,-0.145705963
2021/1/10,4.21,4.396009781,-0.186009781
2021/1/11,4.31,4.415038323,-0.105038323
2021/1/12,4.21,4.43202822,-0.22202822
2021/1/13,4.7,4.460831109,0.239168891
2021/1/14,4.5,4.498154627,0.001845373
2021/1/15,4.4,4.502426713,-0.102426713
2021/1/16,4.6,4.471344081,0.128655919
2021/1/17,4.54,4.422385979,0.117614021
2021/1/18,4.32,4.344215733,-0.024215733
2021/1/19,4.35,4.298653461,0.051346539
2021/1/20,4.2,4.290397816,-0.090397816
2021/1/21,4.1,4.279652339,-0.179652339
2021/1/22,4.35,4.28183413,0.06816587
2021/1/23,4.12,4.331225555,-0.211225555
2021/1/24,4.01,4.429192093,-0.419192093
2021/1/25,4.21,4.57257821,-0.36257821
2021/1/26,4.5,4.772171341,-0.272171341
2021/1/27,6.2,5.565451396,0.634548604
2021/1/28,7.9,7.013071351,0.886928649
2021/1/29,7.8,7.281240713,0.518759287
2021/1/30,6.5,6.367182976,0.132817024
2021/1/31,6.4,6.385440118,0.014559882
2021/2/1,7.5,7.040061614,0.459938386
2021/2/2,6.3,7.093407053,-0.793407053
2021/2/3,6.1,6.84279308,-0.74279308
2021/2/4,6.7,6.706049786,-0.006049786
2021/2/5,6.5,6.53469125,-0.03469125
2021/2/6,6.3,6.296662843,0.003337157
2021/2/7,5.9,6.034955024,-0.134955024
2021/2/8,5.8,5.971674446,-0.171674446
2021/2/9,5.55,6.138372516,-0.588372516
2021/2/10,8.5,7.658712517,0.841287483
2021/2/11,9.3,8.234836524,1.065163476
2021/2/12,7.7,7.654711613,0.045288387
2021/2/13,4.31,4.902872247,-0.592872247
2021/2/14,4.21,4.229454965,-0.019454965
2021/2/15,4.7,5.146536126,-0.446536126
2021/2/16,4.5,4.977009075,-0.477009075
2021/2/17,4.4,4.313488746,0.086511254
2021/2/18,4.6,4.193744146,0.406255854
2021/2/19,4.54,4.288578967,0.251421033
2021/2/20,4.32,4.273402616,0.046597384
2021/2/21,4.35,4.245651874,0.104348126
2021/2/22,4.2,4.247761,-0.047761
2021/2/23,4.1,4.233402082,-0.133402082
2021/2/24,4.35,4.25206878,0.09793122
2021/2/25,4.12,4.298828117,-0.178828117
2021/2/26,4.01,4.323420967,-0.313420967
2021/2/27,4.21,4.329624181,-0.119624181
2021/2/28,4.5,4.907511087,-0.407511087
2021/3/1,6.2,6.105636438,0.094363562
2021/3/2,7.9,6.703997602,1.196002398
2021/3/3,7.8,6.770538504,1.029461496
2021/3/4,6.5,6.724254728,-0.224254728
2021/3/5,6.4,6.933223129,-0.533223129
2021/3/6,7.5,7.459699226,0.040300774
2021/3/7,6.3,6.759824044,-0.459824044
2021/3/8,6.1,6.715838886,-0.615838886
2021/3/9,6.7,6.675380867,0.024619133
2021/3/10,6.5,6.539508502,-0.039508502
2021/3/11,6.3,6.383367712,-0.083367712
2021/3/12,5.9,6.080727178,-0.180727178
2021/3/13,5.8,5.603666782,0.196333218
2021/3/14,5.55,6.182782876,-0.632782876
2021/3/15,8.5,7.953843113,0.546156887
2021/3/16,9.3,8.409811154,0.890188846
2021/3/17,7.7,7.714254473,-0.014254473
2021/3/18,7.1,7.277804326,-0.177804326
2021/3/19,6.9,6.64137838,0.25862162
2021/3/20,6.7,6.361405332,0.338594668
2021/3/21,6.48,6.63686773,-0.15686773
2021/3/22,6.51,6.909867727,-0.399867727
2021/3/23,7.6,7.371557801,0.228442199
2021/3/24,7.5,7.619488642,-0.119488642
2021/3/25,7.2,7.573787625,-0.373787625
2021/3/26,7.3,7.59935232,-0.29935232
2021/3/27,7.3,7.583999434,-0.283999434
2021/3/28,7.2,7.704984967,-0.504984967
2021/3/29,8.5,8.015337843,0.484662157
2021/3/30,8.3,7.942913597,0.357086403
2021/3/31,8.1,7.50366629,0.59633371
2021/4/1,7,7.299947547,-0.299947547
2021/4/2,7.2,7.244675548,-0.044675548
2021/4/3,7.3,7.004078726,0.295921274
2021/4/4,6.8,6.663971182,0.136028818
2021/4/5,6.4,6.476464804,-0.076464804
2021/4/6,6.7,6.418745173,0.281254827
2021/4/7,6.5,6.407680182,0.092319818
2021/4/8,6.3,6.496425304,-0.196425304
2021/4/9,6.1,6.495279504,-0.395279504
2021/4/10,6.2,6.390645297,-0.190645297
2021/4/11,6.4,6.315858717,0.084141283
2021/4/12,5.9,6.226078499,-0.326078499
2021/4/13,5.6,6.449359353,-0.849359353
2021/4/14,7.8,7.03070065,0.76929935
2021/4/15,7.5,7.050878013,0.449121987
2021/4/16,7.2,6.530972816,0.669027184
2021/4/17,6.5,6.390504877,0.109495123
2021/4/18,6,6.480156254,-0.480156254
2021/4/19,6.1,6.273525096,-0.173525096
2021/4/20,5.6,5.890378679,-0.290378679
2021/4/21,5.1,5.689875036,-0.589875036
2021/4/22,5.5,5.622641768,-0.122641768
2021/4/23,5.7,5.55554927,0.14445073
2021/4/24,5.6,5.5530733,0.0469267
2021/4/25,5.5,5.839722916,-0.339722916
2021/4/26,7.5,6.435734489,1.064265511
2021/4/27,7.2,6.539872287,0.660127713
2021/4/28,6.5,6.147198936,0.352801064
2021/4/29,6,6.098602202,-0.098602202
2021/4/30,6.1,6.253815572,-0.153815572
2021/5/1,5.6,6.105463603,-0.505463603
2021/5/2,5.1,5.757162649,-0.657162649
2021/5/3,5.5,5.583317774,-0.083317774
2021/5/4,5.7,5.532672327,0.167327673
2021/5/5,5.6,5.447486705,0.152513295
2021/5/6,5.5,5.392166311,0.107833689
2021/5/7,5.6,5.35591302,0.24408698
2021/5/8,5.4,5.327706982,0.072293018
2021/5/9,5.3,5.219812002,0.080187998
2021/5/10,4.3,5.016843516,-0.716843516
2021/5/11,5.9,5.481217272,0.418782728
2021/5/12,5.5,5.251771105,0.248228895
2021/5/13,5.3,5.444048724,-0.144048724
2021/5/14,5.2,5.609888463,-0.409888463
2021/5/15,5.2,5.719269528,-0.519269528
2021/5/16,5.3,5.76405952,-0.46405952
2021/5/17,6.4,5.828508961,0.571491039
2021/5/18,5.9,5.887608325,0.012391675
2021/5/19,5.6,6.07169773,-0.47169773
2021/5/20,7.8,6.674640203,1.125359797
2021/5/21,7.5,6.813690321,0.686309679
2021/5/22,7.2,6.601026212,0.598973788
2021/5/23,6.5,6.547632743,-0.047632743
2021/5/24,6,6.535785033,-0.535785033
2021/5/25,6.1,6.259442094,-0.159442094
2021/5/26,5.6,5.768572056,-0.168572056
2021/5/27,5.1,5.565607978,-0.465607978
2021/5/28,5.5,5.639432604,-0.139432604
2021/5/29,5.7,5.747211428,-0.047211428
2021/5/30,5.6,6.000957902,-0.400957902
2021/5/31,5.5,6.348840823,-0.848840823
2021/6/1,7.5,6.780726445,0.719273555
2021/6/2,7.2,6.686130063,0.513869937
2021/6/3,6.5,5.987035746,0.512964254
2021/6/4,6,5.806148261,0.193851739
2021/6/5,6.1,6.042683374,0.057316626
2021/6/6,5.6,6.040904882,-0.440904882
2021/6/7,5.97,5.987430588,-0.017430588
2021/6/8,5.95,5.971821629,-0.021821629
2021/6/9,5.92,5.921006477,-0.001006477
2021/6/10,5.9,5.89499456,0.00500544
2021/6/11,5.87,5.892015057,-0.022015057
2021/6/12,5.85,5.87064527,-0.02064527
2021/6/13,5.82,5.839097017,-0.019097017
2021/6/14,5.8,5.809483565,-0.009483565
2021/6/15,5.78,5.776024945,0.003975055
2021/6/16,5.75,5.746823053,0.003176947
2021/6/17,5.73,5.723193689,0.006806311
2021/6/18,5.7,5.697995256,0.002004744
2021/6/19,5.68,5.673251713,0.006748287
2021/6/20,5.66,5.649671952,0.010328048
2021/6/21,5.63,5.626538899,0.003461101
2021/6/22,5.61,5.605071984,0.004928016
2021/6/23,5.58,5.585279867,-0.005279867
2021/6/24,5.56,5.563367481,-0.003367481
2021/6/25,5.54,5.539258484,0.000741516
2021/6/26,5.51,5.514773787,-0.004773787
2021/6/27,5.49,5.488992269,0.001007731
2021/6/28,5.46,5.464161863,-0.004161863
2021/6/29,5.44,5.440496287,-0.000496287
2021/6/30,5.42,5.416136043,0.003863957
2021/7/1,5.39,5.391600324,-0.001600324
2021/7/2,5.37,5.367438142,0.002561858
2021/7/3,5.34,5.343489923,-0.003489923
2021/7/4,5.32,5.319869869,0.000130131
2021/7/5,5.3,5.296676734,0.003323266
2021/7/6,5.27,5.273173772,-0.003173772
2021/7/7,5.25,5.249366193,0.000633807
2021/7/8,5.22,5.225697162,-0.005697162
2021/7/9,5.2,5.202012979,-0.002012979
2021/7/10,5.18,5.178181867,0.001818133
2021/7/11,5.15,5.154227254,-0.004227254
2021/7/12,5.13,5.130098685,-9.87E-05
2021/7/13,5.1,5.105760265,-0.005760265
2021/7/14,5.08,5.081409583,-0.001409583
2021/7/15,5.06,5.057033419,0.002966581
2021/7/16,5.03,5.032495785,-0.002495785
2021/7/17,5.01,5.007828963,0.002171037
2021/7/18,4.98,4.982030647,-0.002030647
2021/7/19,4.96,4.954977297,0.005022703
2021/7/20,4.94,4.927152633,0.012847367
2021/7/21,4.91,4.898256087,0.011743913
2021/7/22,4.89,4.868808809,0.021191191
2021/7/23,4.86,4.838823135,0.021176865
2021/7/24,4.84,4.807757619,0.032242381
2021/7/25,4.82,4.775696043,0.044303957
2021/7/26,4.79,4.753122159,0.036877841
2021/7/27,4.77,4.741011424,0.028988576
2021/7/28,4.74,4.734485524,0.005514476
2021/7/29,4.72,4.736545677,-0.016545677
2021/7/30,4.7,4.741005832,-0.041005832
2021/7/31,4.67,4.747616301,-0.077616301
2021/8/1,4.65,4.762187601,-0.112187601
2021/8/2,4.62,4.783576824,-0.163576824
2021/8/3,4.6,4.814491051,-0.214491051
2021/8/4,4.58,4.85617682,-0.27617682
2021/8/5,4.55,4.906834917,-0.356834917
2021/8/6,5.49,4.967698488,0.522301512
2021/8/7,5.46,5.034894686,0.425105314
2021/8/8,5.44,5.108280416,0.331719584
2021/8/9,5.42,5.191052124,0.228947876
2021/8/10,5.39,5.282426691,0.107573309
2021/8/11,5.37,5.352501414,0.017498586
2021/8/12,5.34,5.398642499,-0.058642499
2021/8/13,5.32,5.434355701,-0.114355701
2021/8/14,5.3,5.451098275,-0.151098275
2021/8/15,5.27,5.466902315,-0.196902315
2021/8/16,5.25,5.482422071,-0.232422071
2021/8/17,5.22,5.480893496,-0.260893496
2021/8/18,5.56,5.465633463,0.094366537
2021/8/19,5.61,5.4818112,0.1281888
2021/8/20,5.65,5.531291599,0.118708401
2021/8/21,5.7,5.594512731,0.105487269
2021/8/22,5.75,5.683357844,0.066642156
2021/8/23,5.8,5.765816859,0.034183141
2021/8/24,5.84,5.839966397,3.36E-05
2021/8/25,5.89,5.931918497,-0.041918497
2021/8/26,5.94,6.034824211,-0.094824211
2021/8/27,5.98,6.073623492,-0.093623492
2021/8/28,6.03,6.043926217,-0.013926217
2021/8/29,6.08,5.976313604,0.103686396
2021/8/30,6.13,5.850042524,0.279957476
2021/8/31,6.17,5.695204526,0.474795474
2021/9/1,4.96,5.511449775,-0.551449775
2021/9/2,4.94,5.305270637,-0.365270637
2021/9/3,4.91,5.084629437,-0.174629437
2021/9/4,4.89,4.913612619,-0.023612619
2021/9/5,4.86,4.805164416,0.054835584
2021/9/6,4.84,4.739255047,0.100744953
2021/9/7,4.82,4.739562946,0.080437054
2021/9/8,4.79,4.716266854,0.073733146
2021/9/9,4.77,4.668598293,0.101401707
2021/9/10,4.74,4.665143077,0.074856923
2021/9/11,4.72,4.688395758,0.031604242
2021/9/12,4.7,4.694926308,0.005073692
2021/9/13,4.67,4.689499594,-0.019499594
2021/9/14,4.65,4.681942262,-0.031942262
2021/9/15,4.62,4.662985741,-0.042985741
2021/9/16,4.6,4.676291034,-0.076291034
2021/9/17,4.58,4.724043933,-0.144043933
2021/9/18,4.55,4.77753983,-0.22753983
2021/9/19,5.49,4.846901582,0.643098418
2021/9/20,5.46,4.858175383,0.601824617
2021/9/21,4.6,4.801564603,-0.201564603
2021/9/22,4.54,4.719555061,-0.179555061
2021/9/23,4.32,4.59063674,-0.27063674
2021/9/24,4.35,4.483968281,-0.133968281
2021/9/25,4.2,4.405877046,-0.205877046
2021/9/26,4.1,4.303648296,-0.203648296
2021/9/27,4.35,4.193890546,0.156109454
2021/9/28,4.12,4.200786724,-0.080786724
2021/9/29,4.01,4.332083711,-0.322083711
2021/9/30,4.21,4.541953435,-0.331953435
2021/10/1,4.5,4.865723589,-0.365723589
2021/10/2,6.2,5.64917549,0.55082451
2021/10/3,7.9,6.935540263,0.964459737
2021/10/4,7.8,7.186128022,0.613871978
2021/10/5,6.5,6.365913414,0.134086586
2021/10/6,6.4,5.829666463,0.570333537
2021/10/7,4.24,5.061326478,-0.821326478
2021/10/8,4.54,4.751475898,-0.211475898
2021/10/9,4.65,5.05559176,-0.40559176
2021/10/10,4.56,4.892879964,-0.332879964
2021/10/11,4.45,4.410898572,0.039101428
2021/10/12,4.31,4.388083387,-0.078083387
2021/10/13,4.54,4.692451942,-0.152451942
2021/10/14,4.64,4.68506399,-0.04506399
2021/10/15,4.51,4.450200712,0.059799288
2021/10/16,4.23,4.272892637,-0.042892637
2021/10/17,4.21,4.045102339,0.164897661
2021/10/18,4.31,3.94975262,0.36024738
2021/10/19,4.21,4.027949802,0.182050198
2021/10/20,4.275769231,4.126785794,0.148983437
2021/10/21,4.255824176,4.300349012,-0.044524836
2021/10/22,4.235879121,4.377223268,-0.141344147
2021/10/23,4.215934066,4.329577022,-0.113642956
2021/10/24,4.195989011,4.285411235,-0.089422224
2021/10/25,4.176043956,4.196393462,-0.020349506
2021/10/26,4.156098901,4.146574172,0.009524729
2021/10/27,4.136153846,4.151693371,-0.015539525
2021/10/28,4.116208791,4.130131092,-0.013922301
2021/10/29,4.096263736,4.103835762,-0.007572026
2021/10/30,4.076318681,4.101553327,-0.025234646
2021/10/31,4.056373626,4.116570984,-0.060197358
2021/11/1,4.036428571,4.151958636,-0.115530065
2021/11/2,4.016483516,4.213283375,-0.196799859
2021/11/3,4.8,4.269230658,0.530769342
2021/11/4,4.24,4.320305369,-0.080305369
2021/11/5,4.54,4.386667884,0.153332116
2021/11/6,4.65,4.462146277,0.187853723
2021/11/7,4.56,4.513878752,0.046121248
2021/11/8,4.45,4.5406457,-0.0906457
2021/11/9,4.31,4.553694836,-0.243694836
2021/11/10,4.54,4.543978938,-0.003978938
2021/11/11,4.64,4.53643198,0.10356802
2021/11/12,4.51,4.531562054,-0.021562054
2021/11/13,4.23,4.508751215,-0.278751215
2021/11/14,4.21,4.472750687,-0.262750687
2021/11/15,4.31,4.444208737,-0.134208737
2021/11/16,4.21,4.422195687,-0.212195687
2021/11/17,4.7,4.399677689,0.300322311
2021/11/18,4.5,4.381415769,0.118584231
2021/11/19,4.4,4.345325779,0.054674221
2021/11/20,4.6,4.28983252,0.31016748
2021/11/21,4.54,4.229525091,0.310474909
2021/11/22,4.32,4.159025988,0.160974012
2021/11/23,4.35,4.125940705,0.224059295
2021/11/24,4.2,4.136125598,0.063874402
2021/11/25,4.1,4.162952688,-0.062952688
2021/11/26,4.35,4.220138373,0.129861627
2021/11/27,4.12,4.354266501,-0.234266501
2021/11/28,4.01,4.570748907,-0.560748907
2021/11/29,4.21,4.860806511,-0.650806511
2021/11/30,4.5,5.24033091,-0.74033091
2021/12/1,6.2,6.076682606,0.123317394
2021/12/2,7.9,7.414522408,0.485477592
2021/12/3,7.8,7.505359881,0.294640119
2021/12/4,6.5,6.298553966,0.201446034
2021/12/5,6.4,6.141308026,0.258691974
2021/12/6,7.5,6.757532093,0.742467907
2021/12/7,6.3,6.755255299,-0.455255299
2021/12/8,6.1,6.49035048,-0.39035048
2021/12/9,6.7,6.395657518,0.304342482
2021/12/10,6.5,6.31521956,0.18478044
2021/12/11,6.3,6.264835173,0.035164827
2021/12/12,5.9,6.295066871,-0.395066871
2021/12/13,5.8,6.287755923,-0.487755923
2021/12/14,5.55,6.256838731,-0.706838731
2021/12/15,8.5,7.732734459,0.767265541
2021/12/16,9.3,8.354230512,0.945769488
2021/12/17,7.7,7.744508805,-0.044508805
2021/12/18,7.1,7.43214557,-0.33214557
2021/12/19,6.9,6.923671941,-0.023671941
2021/12/20,6.7,6.825689669,-0.125689669
2021/12/21,6.48,6.708296269,-0.228296269
2021/12/22,6.51,6.804986677,-0.294986677
2021/12/23,7.6,7.203450512,0.396549488
2021/12/24,7.5,7.953098534,-0.453098534
2021/12/25,8.8,8.241906327,0.558093673
2021/12/26,8.9,8.049829971,0.850170029
2021/12/27,7.8,7.868688978,-0.068688978
2021/12/28,7.1,7.51198422,-0.41198422
2021/12/29,7.2,7.381557741,-0.181557741
2021/12/30,7.3,7.549554281,-0.249554281
2021/12/31,7.3,7.680824739,-0.380824739
2022/1/1,7.2,7.886250567,-0.686250567
2022/1/2,8.5,7.973052254,0.526947746
2022/1/3,8.3,7.893856501,0.406143499
2022/1/4,8.1,7.734968782,0.365031218
2022/1/5,7,7.429234611,-0.429234611
2022/1/6,7.2,7.198379731,0.001620269
2022/1/7,7.3,7.048976114,0.251023886
2022/1/8,6.8,6.804088698,-0.004088698
2022/1/9,6.4,6.508410666,-0.108410666
2022/1/10,6.7,6.326757318,0.373242682
2022/1/11,6.5,6.252213705,0.247786295
2022/1/12,6.3,6.229123483,0.070876517
2022/1/13,6.1,6.296139424,-0.196139424
2022/1/14,6.2,6.386445115,-0.186445115
2022/1/15,6.4,6.499265197,-0.099265197
2022/1/16,5.9,6.467087964,-0.567087964
2022/1/17,5.6,6.25524927,-0.65524927
2022/1/18,7.8,7.190468395,0.609531605
2022/1/19,7.5,6.89971506,0.60028494
2022/1/20,7.2,6.909032707,0.290967293
2022/1/21,6.5,6.392944403,0.107055597
2022/1/22,6,6.160344086,-0.160344086
2022/1/23,6.1,6.142950549,-0.042950549
2022/1/24,5.6,5.926986933,-0.326986933
2022/1/25,5.1,5.620032723,-0.520032723
2022/1/26,5.5,5.44355965,0.05644035
2022/1/27,5.7,5.362417484,0.337582516
2022/1/28,5.6,5.321459142,0.278540858
2022/1/29,5.5,5.362084548,0.137915452
2022/1/30,5.6,5.403745222,0.196254778
2022/1/31,5.4,5.444663275,-0.044663275
2022/2/1,5.3,5.420888413,-0.120888413
2022/2/2,4.3,5.304115736,-1.004115736
2022/2/3,5.9,5.740887372,0.159112628
2022/2/4,5.5,5.357847895,0.142152105
2022/2/5,5.3,5.314373436,-0.014373436
2022/2/6,5.2,5.126735678,0.073264322
2022/2/7,5.2,4.956603011,0.243396989
2022/2/8,5.3,4.807033478,0.492966522
2022/2/9,4.9,4.610037993,0.289962007
2022/2/10,3.7,4.383496938,-0.683496938
2022/2/11,4.2,4.189860564,0.010139436
2022/2/12,4.1,4.026808466,0.073191534
2022/2/13,4,3.876563006,0.123436994
2022/2/14,3.7,3.754325399,-0.054325399
2022/2/15,3.4,3.605310675,-0.205310675
2022/2/16,3.6,3.427451937,0.172548063
2022/2/17,3.1,3.260757626,-0.160757626
2022/2/18,3,3.093486226,-0.093486226
2022/2/19,3,2.953009554,0.046990446
2022/2/20,2.8,2.846585166,-0.046585166
2022/2/21,2.7,2.753263545,-0.053263545
2022/2/22,2.9,2.682171678,0.217828322
2022/2/23,2.8,2.628094098,0.171905902
2022/2/24,2.7,2.59015197,0.10984803
2022/2/25,2.5,2.579603827,-0.079603827
2022/2/26,2.1,2.596062975,-0.496062975
2022/2/27,2.6,2.575645656,0.024354344
2022/2/28,2.5,2.514675919,-0.014675919
2022/3/1,2.5,2.443988743,0.056011257
2022/3/2,2.5,2.34670928,0.15329072
2022/3/3,2.5,2.263563113,0.236436887
2022/3/4,2.5,2.197605281,0.302394719
2022/3/5,1.7,2.114203344,-0.414203344
2022/3/6,1.6,2.022191791,-0.422191791
2022/3/7,2.1,1.946892311,0.153107689
2022/3/8,2,1.886367882,0.113632118
2022/3/9,1.8,1.83456404,-0.03456404
2022/3/10,1.7,1.797267926,-0.097267926
2022/3/11,1.9,1.751115856,0.148884144
2022/3/12,1.8,1.695214764,0.104785236
2022/3/13,1.7,1.645870991,0.054129009
2022/3/14,1.5,1.597960824,-0.097960824
2022/3/15,1.8,1.578987641,0.221012359
2022/3/16,1.6,1.593396871,0.006603129
2022/3/17,1.7,1.624614221,0.075385779
2022/3/18,1.7,1.68095453,0.01904547
2022/3/19,1.7,1.750741326,-0.050741326
2022/3/20,1.8,1.833066457,-0.033066457
2022/3/21,1.5,1.941371197,-0.441371197
2022/3/22,1.4,2.073625611,-0.673625611
2022/3/23,2.6,2.19158472,0.40841528
2022/3/24,2.5,2.293885841,0.206114159
2022/3/25,2.7,2.397807815,0.302192185
2022/3/26,2.8,2.493521899,0.306478101
2022/3/27,2.6,2.607217763,-0.007217763
2022/3/28,2.4,2.740773591,-0.340773591
2022/3/29,2.7,2.872913526,-0.172913526
2022/3/30,2.9,3.009419048,-0.109419048
2022/3/31,3.5,3.120628243,0.379371757
2022/4/1,3.2,3.200898844,-0.000898844
2022/4/2,3.1,3.276927986,-0.176927986
2022/4/3,3.1,3.34018447,-0.24018447
2022/4/4,3.2,3.357394712,-0.157394712
2022/4/5,3.1,3.327503476,-0.227503476
2022/4/6,4.4,3.459939095,0.940060905
2022/4/7,3.6,3.350427019,0.249572981
2022/4/8,3.9,3.361362597,0.538637403
2022/4/9,3.1,3.358222026,-0.258222026
2022/4/10,3.2,3.348629442,-0.148629442
2022/4/11,3.1,3.339786798,-0.239786798
2022/4/12,3.1,3.373407672,-0.273407672
2022/4/13,3.2,3.453845475,-0.253845475
2022/4/14,3.4,3.567799583,-0.167799583
2022/4/15,3.2,3.728425606,-0.528425606
2022/4/16,3.7,3.797211965,-0.097211965
2022/4/17,4.2,3.763870837,0.436129163
2022/4/18,4,3.707087994,0.292912006
2022/4/19,3.6,3.590815246,0.009184754
2022/4/20,3.5,3.497718645,0.002281355
2022/4/21,3.7,3.437364304,0.262635696
2022/4/22,3.5,3.33913935,0.16086065
2022/4/23,3.3,3.222780434,0.077219566
2022/4/24,3.2,3.086782679,0.113217321
2022/4/25,2.9,2.922864155,-0.022864155
2022/4/26,2.8,2.746104072,0.053895928
2022/4/27,2.2,2.553816513,-0.353816513
2022/4/28,2.4,2.533390918,-0.133390918
2022/4/29,2.3,2.706435992,-0.406435992
2022/4/30,2.8,2.982872901,-0.182872901
2022/5/1,4.2,3.418237157,0.781762843
2022/5/2,3.8,3.622895039,0.177104961
2022/5/3,3.6,3.564120383,0.035879617
2022/5/4,3.3,3.478737265,-0.178737265
2022/5/5,3.7,3.265628173,0.434371827
2022/5/6,3.4,3.149368133,0.250631867
2022/5/7,2.3,3.160381838,-0.860381838
2022/5/8,2.6,3.105550086,-0.505550086
2022/5/9,3.2,3.040741792,0.159258208
2022/5/10,2.5,3.001163429,-0.501163429
2022/5/11,2.8,2.969486871,-0.169486871
2022/5/12,3.7,2.971525634,0.728474366
2022/5/13,3.2,3.012507619,0.187492381
2022/5/14,3.1,2.982778297,0.117221703
2022/5/15,3.2,2.880482081,0.319517919
2022/5/16,2.8,2.763218511,0.036781489
2022/5/17,2.5,2.605314661,-0.105314661
2022/5/18,2.3,2.505360007,-0.205360007
2022/5/19,2.2,2.47494527,-0.27494527
2022/5/20,2.8,2.446459282,0.353540718
2022/5/21,2.4,2.446049898,-0.046049898
2022/5/22,2.3,2.428773979,-0.128773979
2022/5/23,2.4,2.386470766,0.013529234
2022/5/24,2.2,2.362632002,-0.162632002
2022/5/25,2.5,2.345665679,0.154334321
2022/5/26,2.5,2.302068126,0.197931874
2022/5/27,2.2,2.233613735,-0.033613735
2022/5/28,2.2,2.147327095,0.052672905
2022/5/29,2.1,2.035004352,0.064995648
2022/5/30,1.6,1.923932564,-0.323932564
2022/5/31,2.2,1.814295173,0.385704827
2022/6/1,1.4,1.685302475,-0.285302475
2022/6/2,1.2,1.542202243,-0.342202243
2022/6/3,1.3,1.441253549,-0.141253549
2022/6/4,1.6,1.385412234,0.214587766
2022/6/5,1.6,1.351481263,0.248518737
2022/6/6,1.5,1.354794059,0.145205941
2022/6/7,1.3,1.35674557,-0.05674557
2022/6/8,1.5,1.355731017,0.144268983
2022/6/9,1.4,1.384572087,0.015427913
2022/6/10,1.1,1.435599437,-0.335599437
2022/6/11,1.2,1.463991841,-0.263991841
2022/6/12,1.6,1.469902097,0.130097903
2022/6/13,1.3,1.469843976,-0.169843976
2022/6/14,1.7,1.452668713,0.247331287
2022/6/15,1.6,1.453607323,0.146392677
2022/6/16,1.5,1.474570707,0.025429293
2022/6/17,1.7,1.488727832,0.211272168
2022/6/18,1.4,1.503784542,-0.103784542
2022/6/19,1.3,1.531853021,-0.231853021
2022/6/20,1.7,1.57113037,0.12886963
2022/6/21,1.6,1.621330991,-0.021330991
2022/6/22,1.8,1.685152026,0.114847974
2022/6/23,1.5,1.748915208,-0.248915208
2022/6/24,1.9,1.812587772,0.087412228
2022/6/25,1.8,1.885261077,-0.085261077
2022/6/26,1.6,1.964136319,-0.364136319
2022/6/27,2.5,2.047606938,0.452393062
2022/6/28,2.5,2.136462078,0.363537922
2022/6/29,2.3,2.229531947,0.070468053
2022/6/30,2.2,2.326566449,-0.126566449
2022/7/1,2.2,2.408497216,-0.208497216
2022/7/2,2.1,2.472926773,-0.372926773
2022/7/3,2.3,2.528465777,-0.228465777
2022/7/4,2.7,2.569268505,0.130731495
2022/7/5,2.5,2.621264938,-0.121264938
2022/7/6,3.4,2.68609711,0.71390289
2022/7/7,3.1,2.745741342,0.354258658
2022/7/8,2.9,2.806289499,0.093710501
2022/7/9,2.6,2.879795858,-0.279795858
2022/7/10,2.4,2.965991223,-0.565991223
2022/7/11,3.5,4.097981761,-0.597981761
2022/7/12,6.9,6.385617382,0.514382618
2022/7/13,7.2,7.321425136,-0.121425136
2022/7/14,7.8,6.999975265,0.800024735
2022/7/15,7.3,6.884165204,0.415834796
2022/7/16,7.1,6.479626267,0.620373733
2022/7/17,3.8,4.737134827,-0.937134827
2022/7/18,3.1,4.096411043,-0.996411043
2022/7/19,3.8,3.905355148,-0.105355148
2022/7/20,3.2,3.307217821,-0.107217821
2022/7/21,3.5,3.488235922,0.011764078
2022/7/22,4.6,4.011038031,0.588961969
2022/7/23,4.4,4.282624837,0.117375163
2022/7/24,4.7,4.286118872,0.413881128
2022/7/25,3.4,4.210743121,-0.810743121
2022/7/26,3.9,3.989960457,-0.089960457
2022/7/27,7.4,6.597895069,0.802104931
2022/7/28,9,8.972663744,0.027336256
2022/7/29,3.6,4.391770998,-0.791770998
2022/7/30,8.2,8.001653569,0.198346431
2022/7/31,8.4,7.353240482,1.046759518
2022/8/1,6.4,6.492751575,-0.092751575
2022/8/2,5.3,5.5630744,-0.2630744
2022/8/3,3.1,4.088451318,-0.988451318
2022/8/4,3.2,3.343781661,-0.143781661
2022/8/5,3.6,3.415192545,0.184807455
2022/8/6,3.4,3.40154922,-0.00154922
2022/8/7,4.2,3.595242211,0.604757789
2022/8/8,4,3.437097087,0.562902913
2022/8/9,2.3,2.787298547,-0.487298547
2022/8/10,2.5,2.719653094,-0.219653094
2022/8/11,2.9,3.121417863,-0.221417863
2022/8/12,4.5,5.162020078,-0.662020078
2022/8/13,12.6,11.35419329,1.245806706
2022/8/14,12,11.73348025,0.266519754
2022/8/15,10.8,10.39619687,0.403803131
2022/8/16,9.3,9.905301684,-0.605301684
2022/8/17,11.5,10.4783847,1.021615303
2022/8/18,3.5,4.048128364,-0.548128364
2022/8/19,1.5,2.635294512,-1.135294512
2022/8/20,1.4,1.806927413,-0.406927413
2022/8/21,1.5,1.98214205,-0.48214205
2022/8/22,2,2.138729251,-0.138729251
2022/8/23,2.1,1.718975034,0.381024966
2022/8/24,2.4,1.885518914,0.514481086
2022/8/25,2.7,2.172259415,0.527740585
2022/8/26,2.5,2.371801806,0.128198194
2022/8/27,2.3,2.497704815,-0.197704815
2022/8/28,2.6,2.372242583,0.227757417
2022/8/29,1.8,1.905190748,-0.105190748
2022/8/30,1.7,1.872075957,-0.172075957
2022/8/31,2.4,2.251996147,0.148003853
2022/9/1,2.5,2.462896453,0.037103547
2022/9/2,2.4,2.646511455,-0.246511455
2022/9/3,2.3,2.471584899,-0.171584899
2022/9/4,1.9,1.820491063,0.079508937
2022/9/5,1.3,1.853104007,-0.553104007
2022/9/6,7.9,6.948015015,0.951984985
2022/9/7,8.3,7.127310901,1.172689099
2022/9/8,3.6,4.181412196,-0.581412196
2022/9/9,3.3,3.366970055,-0.066970055
2022/9/10,3.1,3.646457026,-0.546457026
2022/9/11,2.5,3.013274984,-0.513274984
2022/9/12,2.7,2.227233481,0.472766519
2022/9/13,1.2,1.778203238,-0.578203238
2022/9/14,1.3,1.676505028,-0.376505028
2022/9/15,1.2,1.404822817,-0.204822817
2022/9/16,1.3,1.088270158,0.211729842
2022/9/17,1.2,0.989569057,0.210430943
2022/9/18,1.4,1.062364077,0.337635923
2022/9/19,1.2,1.119406196,0.080593804
2022/9/20,1.3,1.194494175,0.105505825
2022/9/21,2.1,1.375259453,0.724740547
2022/9/22,1.3,1.635298821,-0.335298821
2022/9/23,1.9,1.865563915,0.034436085
2022/9/24,2.1,2.065927603,0.034072397
2022/9/25,2.3,2.275875295,0.024124705
2022/9/26,2.6,2.467570486,0.132429514
2022/9/27,2.4,2.526560946,-0.126560946
2022/9/28,2.2,2.436268969,-0.236268969
2022/9/29,1.6,2.223972328,-0.623972328
2022/9/30,1.5,1.849612673,-0.349612673
2022/10/1,2.2,2.48571328,-0.28571328
2022/10/2,4.5,4.237012373,0.262987627
2022/10/3,5.1,4.341063666,0.758936334
2022/10/4,3.6,2.900586273,0.699413727
2022/10/5,2.3,2.297356349,0.002643651
2022/10/6,2.1,2.064419142,0.035580858
2022/10/7,1.1,1.677652775,-0.577652775
2022/10/8,0.9,1.490162979,-0.590162979
2022/10/9,1.2,1.286915069,-0.086915069
2022/10/10,1.1,1.078543497,0.021456503
2022/10/11,1.3,0.998844976,0.301155024
2022/10/12,1.2,1.023531619,0.176468381
2022/10/13,1.1,1.009736899,0.090263101
2022/10/14,1.2,0.966953836,0.233046164
2022/10/15,1.3,0.955039457,0.344960543
2022/10/16,0.6,0.944344176,-0.344344176
2022/10/17,0.7,0.922349309,-0.222349309
2022/10/18,0.6,0.888096821,-0.288096821
2022/10/19,0.8,0.825058506,-0.025058506
2022/10/20,1,0.726108371,0.273891629
2022/10/21,0.9,0.728877203,0.171122797
2022/10/22,0.7,0.83878323,-0.13878323
2022/10/23,0.9,1.062295271,-0.162295271
2022/10/24,2,1.441479406,0.558520594
2022/10/25,0.9,1.672437592,-0.772437592
2022/10/26,1.3,2.260804967,-0.960804967
2022/10/27,4.5,4.338701288,0.161298712
2022/10/28,7.3,6.704389185,0.595610815
2022/10/29,8.4,7.833407432,0.566592568
2022/10/30,8.1,7.224535925,0.875464075
2022/10/31,4.2,4.768577991,-0.568577991
2022/11/1,2.1,2.57919243,-0.47919243
2022/11/2,3.1,2.63485773,0.46514227
2022/11/3,3.6,3.154702825,0.445297175
2022/11/4,3.7,3.565703125,0.134296875
2022/11/5,3.1,3.445844405,-0.345844405
2022/11/6,3.2,3.42382137,-0.22382137
2022/11/7,3.1,3.080869318,0.019130682
2022/11/8,1.1,2.079538796,-0.979538796
2022/11/9,0.9,1.238903617,-0.338903617
2022/11/10,0.8,0.633157743,0.166842257
2022/11/11,1,0.623085636,0.376914364
2022/11/12,0.9,0.611578443,0.288421557
2022/11/13,1.2,0.801448489,0.398551511
2022/11/14,1.1,0.912038555,0.187961445
2022/11/15,0.9,0.879097235,0.020902765
2022/11/16,0.8,0.998965539,-0.198965539
2022/11/17,0.7,1.196040549,-0.496040549
2022/11/18,0.8,1.308777572,-0.508777572
2022/11/19,1.5,1.357667589,0.142332411
2022/11/20,1.6,1.361619948,0.238380052
2022/11/21,1.5,1.285438637,0.214561363
2022/11/22,1.4,1.273326615,0.126673385
2022/11/23,1.2,1.326304571,-0.126304571
2022/11/24,1.6,1.343327414,0.256672586
2022/11/25,1.5,1.353440417,0.146559583
2022/11/26,1.4,1.378085669,0.021914331
2022/11/27,1.2,1.407715728,-0.207715728
2022/11/28,1.5,1.441698689,0.058301311
2022/11/29,1.5,1.481879927,0.018120073
2022/11/30,1.3,1.657874696,-0.357874696
2022/12/1,1.5,1.983460385,-0.483460385
2022/12/2,2.3,2.017022719,0.282977281
2022/12/3,1.9,1.757435867,0.142564133
2022/12/4,4.2,3.003713411,1.196286589
2022/12/5,1.6,1.83195929,-0.23195929
2022/12/6,1.4,1.753174042,-0.353174042
2022/12/7,1.1,1.395817933,-0.295817933
2022/12/8,1.3,1.277965038,0.022034962
2022/12/9,1.2,1.475869836,-0.275869836
2022/12/10,1.4,1.794382561,-0.394382561
2022/12/11,2.7,2.339257394,0.360742606
2022/12/12,2.8,2.591260947,0.208739053
2022/12/13,2.7,2.505985111,0.194014889
2022/12/14,2.3,2.433544222,-0.133544222
2022/12/15,2.5,2.243746146,0.256253854
2022/12/16,2.2,2.178799688,0.021200312
2022/12/17,2.1,2.28562962,-0.18562962
2022/12/18,2.2,2.343448921,-0.143448921
2022/12/19,2.1,2.418302145,-0.318302145
2022/12/20,2.2,2.443115981,-0.243115981
2022/12/21,2.5,2.388829662,0.111170338
2022/12/22,2.4,2.339862661,0.060137339
2022/12/23,2.3,2.272538288,0.027461712
2022/12/24,2.2,2.191077768,0.008922232
2022/12/25,2.3,2.10477474,0.19522526
2022/12/26,2.4,1.991083862,0.408916138
2022/12/27,2.2,1.853080894,0.346919106
2022/12/28,1.5,1.737245509,-0.237245509
2022/12/29,1.7,1.644214368,0.055785632
2022/12/30,1.1,1.554340797,-0.454340797
2022/12/31,1.2,1.479155621,-0.279155621
2023/1/1,1.3,1.385885152,-0.085885152
2023/1/2,1.5,1.272246122,0.227753878
2023/1/3,1.2,1.16406426,0.03593574
2023/1/4,1.3,1.054025308,0.245974692
2023/1/5,1.4,1.035017949,0.364982051
2023/1/6,1.4,1.119576957,0.280423043
2023/1/7,1.3,1.26019271,0.03980729
2023/1/8,1.3,1.484864655,-0.184864655
2023/1/9,1.2,1.619702578,-0.419702578
2023/1/10,1.3,1.650015673,-0.350015673
2023/1/11,1.5,1.725689529,-0.225689529
2023/1/12,1.7,1.806244273,-0.106244273
2023/1/13,1.6,2.390345076,-0.790345076
2023/1/14,4.6,3.976327455,0.623672545
2023/1/15,4.8,4.661865692,0.138134308
2023/1/16,4.5,4.673498661,-0.173498661
2023/1/17,4.3,4.204250234,0.095749766
2023/1/18,3.2,2.892064466,0.307935534
2023/1/19,8.8,7.481358757,1.318641243
2023/1/20,1.1,1.111769717,-0.011769717
2023/1/21,1.2,1.140527257,0.059472743
2023/1/22,1.5,1.614957997,-0.114957997
2023/1/23,1.3,1.589189031,-0.289189031
2023/1/24,1.4,1.668065572,-0.268065572
2023/1/25,1.3,1.699855516,-0.399855516
2023/1/26,1.3,1.47454042,-0.17454042
2023/1/27,1.2,1.431679519,-0.231679519
2023/1/28,1.2,1.481963217,-0.281963217
2023/1/29,1.1,1.473628439,-0.373628439
2023/1/30,1.6,1.453856765,0.146143235
2023/1/31,1.6,1.414228032,0.185771968
2023/2/1,2,1.334071227,0.665928773
2023/2/2,1.7,1.357875961,0.342124039
2023/2/3,1.4,1.488531922,-0.088531922
2023/2/4,1.6,1.642570856,-0.042570856
2023/2/5,2.1,1.85266182,0.24733818
2023/2/6,2,1.940700549,0.059299451
2023/2/7,1.8,1.883687176,-0.083687176
2023/2/8,1.7,1.872367668,-0.172367668
2023/2/9,1.5,1.86476081,-0.36476081
2023/2/10,1.3,1.769742364,-0.469742364
2023/2/11,1.2,1.60648066,-0.40648066
2023/2/12,4.2,3.235057333,0.964942667
2023/2/13,3.8,3.019145958,0.780854042
2023/2/14,3.5,3.264286447,0.235713553
2023/2/15,2.7,2.656947161,0.043052839
2023/2/16,2,2.572275335,-0.572275335
2023/2/17,2.3,2.882641904,-0.582641904
2023/2/18,2.4,2.825749759,-0.425749759
2023/2/19,2.8,2.575973444,0.224026556
2023/2/20,2.6,2.426802837,0.173197163
2023/2/21,2.3,2.288024075,0.011975925
2023/2/22,2.5,2.052262559,0.447737441
2023/2/23,1.2,1.747428377,-0.547428377
2023/2/24,1.5,1.638102952,-0.138102952
2023/2/25,1.8,1.733144387,0.066855613
2023/2/26,1.7,1.643516499,0.056483501
2023/2/27,1.8,1.409788534,0.390211466
2023/2/28,1.3,1.266259201,0.033740799
2023/3/1,1.2,1.151374423,0.048625577
2023/3/2,1.1,1.121718695,-0.021718695
2023/3/3,1.3,1.215652165,0.084347835
2023/3/4,1.5,1.392939949,0.107060051
2023/3/5,1.4,1.684372449,-0.284372449
2023/3/6,1.3,1.98043219,-0.68043219
2023/3/7,1.8,2.277876369,-0.477876369
2023/3/8,4.2,3.300547393,0.899452607
2023/3/9,6.2,5.091772885,1.108227115
2023/3/10,3.2,3.178497982,0.021502018
2023/3/11,3.4,3.84727477,-0.44727477
2023/3/12,3.6,3.503071271,0.096928729
2023/3/13,3.1,3.530849611,-0.430849611
2023/3/14,2.8,3.297366913,-0.497366913
2023/3/15,2.7,2.807261236,-0.107261236
2023/3/16,2.6,2.422310925,0.177689075
2023/3/17,2.1,2.068334272,0.031665728
2023/3/18,1.8,1.773708001,0.026291999
2023/3/19,1.7,1.600822051,0.099177949
2023/3/20,1.3,1.534103177,-0.234103177
2023/3/21,1.8,1.612085427,0.187914573
2023/3/22,1.7,1.652941357,0.047058643
2023/3/23,1.8,1.658430419,0.141569581
2023/3/24,1.9,1.766944907,0.133055093
2023/3/25,2,1.944460379,0.055539621
2023/3/26,2.1,2.050865383,0.049134617
2023/3/27,2.1,2.091265334,0.008734666
2023/3/28,2,2.102212604,-0.102212604
2023/3/29,2.1,2.049481991,0.050518009
2023/3/30,2.3,2.149619933,0.150380067
2023/3/31,2.2,2.415892512,-0.215892512
2023/4/1,1.8,2.326086469,-0.526086469
2023/4/2,1.7,1.8932336,-0.1932336
2023/4/3,3.9,3.223126169,0.676873831
2023/4/4,1.8,2.337787221,-0.537787221
2023/4/5,2.6,2.534271793,0.065728207
2023/4/6,2.9,2.474949208,0.425050792
2023/4/7,2.7,2.399179053,0.300820947
2023/4/8,2.5,2.311316953,0.188683047
2023/4/9,1.7,2.178018252,-0.478018252
2023/4/10,1.6,2.004000471,-0.404000471
2023/4/11,1.8,1.890197901,-0.090197901
2023/4/12,1.9,1.840529749,0.059470251
2023/4/13,2.1,1.809330032,0.290669968
2023/4/14,2,1.822686373,0.177313627
2023/4/15,1.8,1.81322195,-0.01322195
2023/4/16,1.7,1.776240423,-0.076240423
2023/4/17,1.9,1.767298043,0.132701957
2023/4/18,1.8,1.771719791,0.028280209
2023/4/19,1.8,1.779939058,0.020060942
2023/4/20,1.7,1.797982068,-0.097982068
2023/4/21,1.9,1.820511387,0.079488613
2023/4/22,2.1,1.847053841,0.252946159
2023/4/23,1.8,1.891762784,-0.091762784
2023/4/24,1.6,1.954603976,-0.354603976
2023/4/25,2.2,2.028799313,0.171200687
2023/4/26,1.5,2.117583169,-0.617583169
2023/4/27,1.8,2.199672609,-0.399672609
2023/4/28,2.4,2.272817189,0.127182811
2023/4/29,2.8,2.292780269,0.507219731
2023/4/30,2,2.24789891,-0.24789891
2023/5/1,2.5,2.222702746,0.277297254
2023/5/2,2.7,2.206718467,0.493281533
2023/5/3,2.5,2.140507991,0.359492009
2023/5/4,1.7,2.035173962,-0.335173962
2023/5/5,1.7,2.04123258,-0.34123258
2023/5/6,2.5,2.163340756,0.336659244
2023/5/7,2.3,2.333589001,-0.033589001
2023/5/8,2.8,2.590409235,0.209590765
2023/5/9,2.7,2.715611357,-0.015611357
2023/5/10,2.4,2.689805345,-0.289805345
2023/5/11,2.2,2.653487795,-0.453487795
2023/5/12,2.4,2.550575637,-0.150575637
2023/5/13,2.2,3.005922488,-0.805922488
2023/5/14,4.9,4.12553999,0.77446001
2023/5/15,4.5,4.170226119,0.329773881
2023/5/16,3.7,3.194262892,0.505737108
2023/5/17,3.4,2.947875288,0.452124712
2023/5/18,2.7,3.158796287,-0.458796287
2023/5/19,2.8,2.830161147,-0.030161147
2023/5/20,1.5,2.1979254,-0.6979254
2023/5/21,1.7,1.909780054,-0.209780054
2023/5/22,2,1.874586557,0.125413443
2023/5/23,2.2,1.827842269,0.372157731
2023/5/24,2,1.883026016,0.116973984
2023/5/25,2.1,1.871153298,0.228846702
2023/5/26,2,1.761103359,0.238896641
2023/5/27,1.4,1.707074239,-0.307074239
2023/5/28,1.4,1.664968678,-0.264968678
2023/5/29,1.4,1.623203589,-0.223203589
2023/5/30,1.5,1.597293883,-0.097293883
2023/5/31,1.6,1.558211054,0.041788946
2023/6/1,1.7,1.506535558,0.193464442
2023/6/2,1.6,1.493361622,0.106638378
2023/6/3,1.8,1.516843862,0.283156138
2023/6/4,1.5,1.552586029,-0.052586029
2023/6/5,1.6,1.611395158,-0.011395158
2023/6/6,1.5,1.620165569,-0.120165569
2023/6/7,1.4,1.570602217,-0.170602217
2023/6/8,1.4,1.505426191,-0.105426191
2023/6/9,1.3,1.404277669,-0.104277669
2023/6/10,1.4,1.302399658,0.097600342
2023/6/11,1.3,1.203419646,0.096580354
2023/6/12,1.1,1.07210011,0.02789989
2023/6/13,1.2,0.915840284,0.284159716
2023/6/14,1.1,0.800028778,0.299971222
2023/6/15,0.5,0.72589061,-0.22589061
2023/6/16,0.5,0.667029596,-0.167029596
2023/6/17,0.5,0.640124673,-0.140124673
2023/6/18,0.5,0.593073982,-0.093073982
2023/6/19,0.4,0.522673155,-0.122673155
2023/6/20,0.4,0.468813785,-0.068813785
2023/6/21,0.4,0.419914812,-0.019914812
2023/6/22,0.4,0.399989723,1.03E-05
2023/6/23,0.8,0.415956784,0.384043216
2023/6/24,0.7,0.429834662,0.270165338
2023/6/25,0.6,0.447868303,0.152131697
2023/6/26,0.2,0.877116003,-0.677116003
2023/6/27,1.5,1.752694109,-0.252694109
2023/6/28,2.7,2.749005233,-0.049005233
2023/6/29,4.6,3.967126119,0.632873881
2023/6/30,7.5,6.070295368,1.429704632
2023/7/1,0.8,1.494309416,-0.694309416
2023/7/2,2.4,2.406951954,-0.006951954
2023/7/3,0.9,1.69293017,-0.79293017
2023/7/4,1.2,1.558765478,-0.358765478
2023/7/5,1.4,1.241466303,0.158533697
2023/7/6,1,1.205265419,-0.205265419
2023/7/7,1.1,1.354932343,-0.254932343
2023/7/8,1.3,1.358598637,-0.058598637
2023/7/9,1,1.223020409,-0.223020409
2023/7/10,1.2,1.142614022,0.057385978
2023/7/11,1.4,1.04369643,0.35630357
2023/7/12,1.3,0.962272762,0.337727238
2023/7/13,1.2,0.914915553,0.285084447
2023/7/14,1.3,0.829346092,0.470653908
2023/7/15,0.8,0.714294976,0.085705024
2023/7/16,0.7,0.673635708,0.026364292
2023/7/17,0.7,0.703510632,-0.003510632
2023/7/18,0.8,0.75827187,0.04172813
2023/7/19,0.6,0.86058325,-0.26058325
2023/7/20,0.7,0.957421501,-0.257421501
2023/7/21,0.5,1.043262358,-0.543262358
2023/7/22,0.8,1.161598951,-0.361598951
2023/7/23,1.3,1.299914447,8.56E-05
2023/7/24,1.3,1.450130891,-0.150130891
2023/7/25,1.5,1.616233989,-0.116233989
2023/7/26,1.6,1.805396527,-0.205396527
2023/7/27,2.9,2.017786446,0.882213554
2023/7/28,2.4,2.123839091,0.276160909
2023/7/29,2.2,2.112510959,0.087489041
2023/7/30,2.5,2.539822354,-0.039822354
2023/7/31,4.5,3.420341132,1.079658868
2023/8/1,1.7,1.813813487,-0.113813487
2023/8/2,2.5,2.739903151,-0.239903151
2023/8/3,2.1,2.149574746,-0.049574746
2023/8/4,1.1,1.664171472,-0.564171472
2023/8/5,1.2,1.393092995,-0.193092995
2023/8/6,1.3,1.366502763,-0.066502763
2023/8/7,1.2,1.355300485,-0.155300485
2023/8/8,1.1,1.458402043,-0.358402043
2023/8/9,1.2,1.661007925,-0.461007925
2023/8/10,2.6,1.955080734,0.644919266
2023/8/11,2.2,2.015446796,0.184553204
2023/8/12,1.8,1.804446903,-0.004446903
2023/8/13,1.7,1.851746022,-0.151746022
2023/8/14,2.8,2.098727572,0.701272428
2023/8/15,2.5,2.12541068,0.37458932
2023/8/16,1.5,2.002098523,-0.502098523
2023/8/17,1.5,1.980913438,-0.480913438
2023/8/18,2.4,2.007303088,0.392696912
2023/8/19,1.8,1.973660956,-0.173660956
2023/8/20,1.7,1.911811576,-0.211811576
2023/8/21,1.8,1.805131488,-0.005131488
2023/8/22,1.7,1.637341821,0.062658179
2023/8/23,1.5,1.427194825,0.072805175
2023/8/24,1.3,1.164133458,0.135866542
2023/8/25,1.7,1.006234607,0.693765393
2023/8/26,0.6,0.968263926,-0.368263926
2023/8/27,0.8,0.96013513,-0.16013513
2023/8/28,0.9,1.024889002,-0.124889002
2023/8/29,1.2,1.228351379,-0.028351379
2023/8/30,1.4,1.577234199,-0.177234199
2023/8/31,1.8,1.932789316,-0.132789316
2023/9/1,1.9,2.305022744,-0.405022744
2023/9/2,3.9,3.115439651,0.784560349
2023/9/3,3.2,2.836281293,0.363718707
2023/9/4,3,2.915648462,0.084351538
2023/9/5,2.4,2.750056848,-0.350056848
2023/9/6,1.9,3.083537677,-1.183537677
2023/9/7,3.9,3.984744348,-0.084744348
2023/9/8,5.5,4.454678191,1.045321809
2023/9/9,5.7,4.610781683,1.089218317
2023/9/10,3.4,3.475344975,-0.075344975
2023/9/11,3.2,3.651211645,-0.451211645
2023/9/12,3,2.942991225,0.057008775
2023/9/13,1.9,2.340120996,-0.440120996
2023/9/14,1.2,1.866069528,-0.666069528
2023/9/15,1.2,1.590968332,-0.390968332
2023/9/16,2.9,2.096911778,0.803088222
2023/9/17,2.5,2.211823823,0.288176177
2023/9/18,2.2,2.226401162,-0.026401162
2023/9/19,1.2,1.668732598,-0.468732598
2023/9/20,1.3,1.411201675,-0.111201675
2023/9/21,1.1,1.302150863,-0.202150863
2023/9/22,1.3,1.15566524,0.14433476
2023/9/23,1.4,1.089314034,0.310685966
2023/9/24,1.6,1.121661188,0.478338812
2023/9/25,1.6,1.262501954,0.337498046
2023/9/26,1.2,1.358689271,-0.158689271
2023/9/27,1.3,1.410665791,-0.110665791
2023/9/28,1.5,1.532500275,-0.032500275
2023/9/29,1.9,1.693643224,0.206356776
2023/9/30,1.4,1.808296597,-0.408296597
2023/10/1,1.3,1.882249193,-0.582249193
2023/10/2,2.4,2.88412644,-0.48412644
2023/10/3,6,4.891440102,1.108559898
2023/10/4,4.7,4.691747752,0.008252248
2023/10/5,4.6,5.03316635,-0.43316635
2023/10/6,4.9,4.749816946,0.150183054
2023/10/7,4.5,4.390754718,0.109245282
2023/10/8,4.3,4.06636415,0.23363585
2023/10/9,4.2,3.900261661,0.299738339
2023/10/10,2.3,3.157859107,-0.857859107
2023/10/11,2.4,2.667339017,-0.267339017
2023/10/12,2.6,2.36991107,0.23008893
2023/10/13,2.7,2.531325138,0.168674862
2023/10/14,3.1,2.780265685,0.319734315
2023/10/15,3.4,3.251670518,0.148329482
2023/10/16,3.2,3.687417033,-0.487417033
2023/10/17,4.2,4.045878856,0.154121144
2023/10/18,2.1,2.707366617,-0.607366617
2023/10/19,6.2,5.245404421,0.954595579
2023/10/20,5.9,5.319019445,0.580980555
2023/10/21,4.8,4.997671496,-0.197671496
2023/10/22,4.6,4.8207369,-0.2207369
2023/10/23,4.1,4.500262482,-0.400262482
2023/10/24,4.2,4.178737325,0.021262675
2023/10/25,4.1,3.953216255,0.146783745
2023/10/26,2.7,3.53414599,-0.83414599
2023/10/27,2.8,3.072366545,-0.272366545
2023/10/28,2.9,2.742389777,0.157610223
2023/10/29,2.7,2.571384151,0.128615849
2023/10/30,3.1,2.482882709,0.617117291
2023/10/31,2.6,2.540439984,0.059560016
2023/11/1,2.3,2.489803937,-0.189803937
2023/11/2,2.2,2.320834041,-0.120834041
2023/11/3,2.5,2.534600293,-0.034600293
2023/11/4,3.8,3.10844105,0.69155895
2023/11/5,3.8,2.816874337,0.983125663
2023/11/6,0.9,1.661036434,-0.761036434
2023/11/7,1.4,1.423695078,-0.023695078
2023/11/8,1.6,1.943922599,-0.343922599
2023/11/9,1.5,1.839067061,-0.339067061
2023/11/10,1.2,1.375566046,-0.175566046
2023/11/11,1.3,1.266710468,0.033289532
2023/11/12,1.2,1.34231647,-0.14231647
2023/11/13,1.1,1.348516903,-0.248516903
2023/11/14,1.5,1.374621573,0.125378427
2023/11/15,1.8,1.495189919,0.304810081
2023/11/16,2.2,1.689734803,0.510265197
2023/11/17,1.9,1.807509957,0.092490043
2023/11/18,1.6,1.846354089,-0.246354089
2023/11/19,1.7,1.880524944,-0.180524944
2023/11/20,2.1,1.873171094,0.226828906
2023/11/21,1.5,2.031468281,-0.531468281
2023/11/22,2,2.376471188,-0.376471188
2023/11/23,2.2,2.784486683,-0.584486683
2023/11/24,3.7,3.311257432,0.388742568
2023/11/25,3.5,3.394017414,0.105982586
2023/11/26,3.6,2.972875639,0.627124361
2023/11/27,3.3,2.578463751,0.721536249
2023/11/28,3.1,2.075818447,1.024181553
2023/11/29,0.5,0.937772965,-0.437772965
2023/11/30,0.6,1.282485682,-0.682485682
2023/12/1,1.5,1.449249963,0.050750037
2023/12/2,1.4,1.560184357,-0.160184357
2023/12/3,1.3,1.664306189,-0.364306189
2023/12/4,1.2,1.467525404,-0.267525404
2023/12/5,1.2,1.386517167,-0.186517167
2023/12/6,1.3,1.315819582,-0.015819582
2023/12/7,1.1,1.245045952,-0.145045952
2023/12/8,1.1,1.216426078,-0.116426078
2023/12/9,1.4,1.158500106,0.241499894
2023/12/10,1.3,1.080230443,0.219769557
2023/12/11,1.2,1.040078266,0.159921734
2023/12/12,1.3,1.031053887,0.268946113
2023/12/13,1.3,1.033908836,0.266091164
2023/12/14,1.1,1.059499786,0.040500214
2023/12/15,0.8,1.040518646,-0.240518646
2023/12/16,0.7,0.970503958,-0.270503958
2023/12/17,0.8,0.889285094,-0.089285094
2023/12/18,1.2,0.778880212,0.421119788
2023/12/19,0.6,0.670182504,-0.070182504
2023/12/20,0.4,0.567000505,-0.167000505
2023/12/21,0.2,0.438777647,-0.238777647
2023/12/22,0.2,0.292386479,-0.092386479
2023/12/23,0.2,0.193424256,0.006575744
2023/12/24,0.2,0.144159524,0.055840476
2023/12/25,0.2,0.118189132,0.081810868
2023/12/26,0.2,0.132820805,0.067179195
2023/12/27,0.2,0.142958488,0.057041512
2023/12/28,0.2,0.146523596,0.053476404
2023/12/29,0.2,0.181044122,0.018955878
2023/12/30,0.2,0.237333488,-0.037333488
2023/12/31,0.2,0.262799231,-0.062799231
2024/1/1,0.2,0.257228347,-0.057228347
2024/1/2,0.2,0.239609277,-0.039609277
2024/1/3,0.2,0.196587892,0.003412108
2024/1/4,0.2,0.168854548,0.031145452
2024/1/5,0.2,0.158302196,0.041697804
2024/1/6,0.2,0.133312775,0.066687225
2024/1/7,0.2,0.102520338,0.097479662
2024/1/8,0.2,0.100174099,0.099825901
2024/1/9,0.2,0.125934432,0.074065568
2024/1/10,0.2,0.169551681,0.030448319
2024/1/11,0.2,0.239789268,-0.039789268
2024/1/12,0.3,0.308650145,-0.008650145
2024/1/13,0.2,0.375357539,-0.175357539
2024/1/14,0.2,0.461486282,-0.261486282
2024/1/15,0.2,0.56135744,-0.36135744
2024/1/16,0.3,0.624508113,-0.324508113
2024/1/17,1,0.648526285,0.351473715
2024/1/18,0.8,0.65340763,0.14659237
2024/1/19,0.9,0.625406722,0.274593278
2024/1/20,0.8,0.599563213,0.200436787
2024/1/21,0.7,0.577146857,0.122853143
2024/1/22,0.5,0.52846512,-0.02846512
2024/1/23,0.4,0.460390468,-0.060390468
2024/1/24,0.4,0.424600512,-0.024600512
2024/1/25,0.4,0.422056762,-0.022056762
2024/1/26,0.5,0.432508954,0.067491046
2024/1/27,0.4,0.469244948,-0.069244948
2024/1/28,0.5,0.493875884,0.006124116
2024/1/29,0.5,0.504388108,-0.004388108
2024/1/30,0.4,0.53121111,-0.13121111
2024/1/31,0.3,0.566162716,-0.266162716
2024/2/1,0.5,0.603640855,-0.103640855
2024/2/2,0.8,0.646852343,0.153147657
2024/2/3,0.9,0.692982889,0.207017111
2024/2/4,1,0.741622687,0.258377313
2024/2/5,0.8,0.805273179,-0.005273179
2024/2/6,1,0.884344873,0.115655127
2024/2/7,0.9,0.972731437,-0.072731437
2024/2/8,0.9,1.073529211,-0.173529211
2024/2/9,0.9,1.133964949,-0.233964949
2024/2/10,1,1.148677186,-0.148677186
2024/2/11,1.1,1.145081835,-0.045081835
2024/2/12,1.3,1.108270147,0.191729853
2024/2/13,1.2,1.096290576,0.103709424
2024/2/14,1.3,1.114065174,0.185934826
2024/2/15,1.3,1.105913116,0.194086884
2024/2/16,1,1.084520755,-0.084520755
2024/2/17,1,1.193580166,-0.193580166
2024/2/18,0.9,1.439712066,-0.539712066
2024/2/19,1,1.704728191,-0.704728191
2024/2/20,1.5,2.021162294,-0.521162294
2024/2/21,6.2,5.251091911,0.948908089
2024/2/22,6.7,5.777262593,0.922737407
2024/2/23,6.9,6.504263868,0.395736132
2024/2/24,8.7,7.472222167,1.227777833
2024/2/25,1.2,1.643986232,-0.443986232
2024/2/26,0.8,1.531482663,-0.731482663
2024/2/27,1,1.052606483,-0.052606483
2024/2/28,1.1,1.405254456,-0.305254456
2024/2/29,0.8,1.48267338,-0.68267338
2024/3/1,0.8,0.722230946,0.077769054
2024/3/2,0.8,0.710853252,0.089146748
2024/3/3,0.8,1.03539572,-0.23539572
2024/3/4,0.8,1.095879257,-0.295879257
2024/3/5,1,1.014542404,-0.014542404
2024/3/6,0.9,0.895624878,0.004375122
2024/3/7,1.1,0.632132811,0.467867189
2024/3/8,1,0.582779033,0.417220967
2024/3/9,1,0.758351026,0.241648974
2024/3/10,1,0.906675293,0.093324707
2024/3/11,1.2,1.103729375,0.096270625
2024/3/12,1.4,1.264694025,0.135305975
2024/3/13,1.3,1.353873357,-0.053873357
2024/3/14,1.4,1.466131567,-0.066131567
2024/3/15,1.5,1.570557835,-0.070557835
2024/3/16,1.3,1.667098878,-0.367098878
2024/3/17,1.2,1.763109478,-0.563109478
2024/3/18,2.1,1.907795223,0.192204777
2024/3/19,2.2,2.108978734,0.091021266
2024/3/20,1.2,1.934833169,-0.734833169
2024/3/21,2.2,2.172445889,0.027554111
2024/3/22,2.3,2.171591712,0.128408288
2024/3/23,2.2,2.193374613,0.006625387
2024/3/24,2.5,2.16638552,0.33361448
2024/3/25,2.6,2.085855242,0.514144758
2024/3/26,2.5,1.961047363,0.538952637
2024/3/27,1.9,1.782159121,0.117840879
2024/3/28,1.8,1.64943994,0.15056006
2024/3/29,1.6,1.569999038,0.030000962
2024/3/30,1.1,1.486212635,-0.386212635
2024/3/31,1.2,1.423896689,-0.223896689
2024/4/1,1,1.360002691,-0.360002691
2024/4/2,1.2,1.291031904,-0.091031904
2024/4/3,1.1,1.250428909,-0.150428909
2024/4/4,1.1,1.234357766,-0.134357766
2024/4/5,1,1.220311429,-0.220311429
2024/4/6,1.5,1.213013589,0.286986411
2024/4/7,1.5,1.222652487,0.277347513
2024/4/8,1.5,1.246475912,0.253524088
2024/4/9,1.5,1.315149514,0.184850486
2024/4/10,1.5,1.433337568,0.066662432
2024/4/11,1.4,1.58588213,-0.18588213
2024/4/12,1.4,1.782365495,-0.382365495
2024/4/13,1.3,1.728447207,-0.428447207
2024/4/14,1.3,1.395254651,-0.095254651
2024/4/15,1.3,1.407710927,-0.107710927
2024/4/16,1.4,1.731482285,-0.331482285
2024/4/17,2.3,1.858768808,0.441231192
2024/4/18,2,1.891830144,0.108169856
2024/4/19,12.2,10.73497892,1.465021081
2024/4/20,10,9.127681773,0.872318227
2024/4/21,1.9,2.37840704,-0.47840704
2024/4/22,1.6,2.378577554,-0.778577554
2024/4/23,3.5,3.490714867,0.009285133
2024/4/24,4,3.98587522,0.01412478
2024/4/25,0.6,1.425488634,-0.825488634
2024/4/26,1.2,1.615792511,-0.415792511
2024/4/27,1.3,0.879074711,0.420925289
2024/4/28,1.2,1.384146919,-0.184146919
2024/4/29,1.1,1.239946138,-0.139946138
2024/4/30,0.4,0.723390611,-0.323390611
2024/5/1,0.5,0.747171962,-0.247171962
2024/5/2,1.8,1.132047646,0.667952354
2024/5/3,1.7,1.244364305,0.455635695
2024/5/4,1.5,1.185634273,0.314365727
2024/5/5,1.5,1.899625153,-0.399625153
2024/5/6,6.7,5.220947339,1.479052661
2024/5/7,2.1,2.13517028,-0.03517028
2024/5/8,2,2.805174792,-0.805174792
2024/5/9,3,3.163157356,-0.163157356
2024/5/10,2.3,2.589092216,-0.289092216
2024/5/11,2.1,2.638121822,-0.538121822
2024/5/12,2.2,2.442215054,-0.242215054
2024/5/13,3.1,2.367913177,0.732086823
2024/5/14,2.3,2.365940412,-0.065940412
2024/5/15,2.3,2.313762338,-0.013762338
2024/5/16,2.2,2.233634312,-0.033634312
2024/5/17,2,2.204389483,-0.204389483
2024/5/18,2.3,2.210168781,0.089831219
2024/5/19,2.2,2.2207851,-0.0207851
2024/5/20,2.5,2.247241293,0.252758707
2024/5/21,2.4,2.30079236,0.09920764
2024/5/22,2.5,2.379667976,0.120332024
2024/5/23,2.3,2.415576324,-0.115576324
2024/5/24,2.3,2.404144161,-0.104144161
2024/5/25,2.1,2.378909006,-0.278909006
2024/5/26,2.4,2.321575351,0.078424649
2024/5/27,2.3,2.224819437,0.075180563
2024/5/28,2.4,2.086666888,0.313333112
2024/5/29,1.5,1.893572997,-0.393572997
2024/5/30,1.5,1.640119902,-0.140119902
2024/5/31,1.6,1.725689296,-0.125689296
